user_id,registration_date,activity_date,feature_used,session_duration_minutes,device_os
MM_1001,2024-09-07,2024-11-04 00:00:00,Health Articles,11.7,Android
MM_1001,2024-09-07,2024-09-11 00:00:00,Period Tracker,13.5,Android
MM_1001,2024-09-07,2024-10-21 00:00:00,Period Tracker,7.3,Android
MM_1001,2024-09-07,2024-09-27 00:00:00,Period Tracker,11.6,Android
MM_1001,2024-09-07,2024-09-18 00:00:00,Community Forum,14.4,iOS
MM_1001,2024-09-07,2024-09-13 00:00:00,Period Tracker,4.9,iOS
MM_1001,2024-09-07,2024-11-01 00:00:00,Period Tracker,13.6,Android
MM_1001,2024-09-07,2024-10-15 00:00:00,Period Tracker,10.5,iOS
MM_1001,2024-09-07,2024-09-07 00:00:00,Period Tracker,8.1,iOS
MM_1001,2024-09-07,2024-11-05 00:00:00,Period Tracker,9.7,iOS
MM_1001,2024-09-07,2024-09-27 00:00:00,Symptom Logger,12.6,Android
MM_1001,2024-09-07,2024-10-28 00:00:00,Period Tracker,10.4,iOS
MM_1001,2024-09-07,2024-10-03 00:00:00,Period Tracker,8.5,iOS
MM_1001,2024-09-07,2024-10-23 00:00:00,Period Tracker,6.3,Android
MM_1002,2024-08-03,2024-09-21 00:00:00,Period Tracker,14.8,iOS
MM_1002,2024-08-03,2024-09-21 00:00:00,Period Tracker,11.4,Android
MM_1002,2024-08-03,2024-09-23 00:00:00,Symptom Logger,11.4,Android
MM_1002,2024-08-03,2024-08-16 00:00:00,Symptom Logger,7.0,iOS
MM_1002,2024-08-03,2024-08-23 00:00:00,Community Forum,3.8,Android
MM_1002,2024-08-03,2024-08-17 00:00:00,Period Tracker,10.0,Android
MM_1002,2024-08-03,2024-08-07 00:00:00,Period Tracker,10.5,Android
MM_1002,2024-08-03,2024-09-20 00:00:00,Period Tracker,10.5,iOS
MM_1002,2024-08-03,2024-09-04 00:00:00,Period Tracker,8.0,iOS
MM_1002,2024-08-03,2024-09-24 00:00:00,Symptom Logger,5.2,Android
MM_1003,2024-08-08,2024-09-18 00:00:00,Period Tracker,2.9,Android
MM_1003,2024-08-08,2024-09-30 00:00:00,Period Tracker,6.9,Android
MM_1003,2024-08-08,2024-09-04 00:00:00,Symptom Logger,2.9,iOS
MM_1003,2024-08-08,2024-09-19 00:00:00,Symptom Logger,10.1,iOS
MM_1003,2024-08-08,2024-10-05 00:00:00,Period Tracker,9.2,iOS
MM_1003,2024-08-08,2024-08-12 00:00:00,Community Forum,12.2,Android
MM_1003,2024-08-08,2024-08-15 00:00:00,Period Tracker,4.6,iOS
MM_1003,2024-08-08,2024-09-17 00:00:00,Symptom Logger,13.7,iOS
MM_1003,2024-08-08,2024-09-01 00:00:00,Community Forum,5.4,iOS
MM_1003,2024-08-08,2024-08-26 00:00:00,Health Articles,1.1,Android
MM_1004,2024-08-17,2024-09-22 00:00:00,Period Tracker,10.2,iOS
MM_1004,2024-08-17,2024-09-22 00:00:00,Period Tracker,11.3,Android
MM_1004,2024-08-17,2024-10-11 00:00:00,Period Tracker,14.4,iOS
MM_1005,2024-09-20,2024-10-23 00:00:00,Period Tracker,6.7,iOS
MM_1005,2024-09-20,2024-09-21 00:00:00,Period Tracker,11.2,iOS
MM_1005,2024-09-20,2024-10-24 00:00:00,Community Forum,13.8,iOS
MM_1005,2024-09-20,2024-10-03 00:00:00,Period Tracker,5.2,iOS
MM_1005,2024-09-20,2024-10-13 00:00:00,Period Tracker,3.0,iOS
MM_1005,2024-09-20,2024-10-18 00:00:00,Community Forum,10.3,iOS
MM_1005,2024-09-20,2024-10-16 00:00:00,Period Tracker,10.9,Android
MM_1005,2024-09-20,2024-10-19 00:00:00,Period Tracker,1.2,iOS
MM_1005,2024-09-20,2024-10-23 00:00:00,Period Tracker,14.7,Android
MM_1005,2024-09-20,2024-10-09 00:00:00,Period Tracker,12.1,Android
MM_1005,2024-09-20,2024-10-26 00:00:00,Symptom Logger,8.1,Android
MM_1005,2024-09-20,2024-11-07 00:00:00,Symptom Logger,12.0,Android
MM_1005,2024-09-20,2024-09-26 00:00:00,Community Forum,7.9,iOS
MM_1006,2024-08-26,2024-09-03 00:00:00,Community Forum,5.2,iOS
MM_1006,2024-08-26,2024-10-02 00:00:00,Health Articles,1.5,iOS
MM_1006,2024-08-26,2024-08-30 00:00:00,Period Tracker,3.2,Android
MM_1006,2024-08-26,2024-09-04 00:00:00,Symptom Logger,4.8,Android
MM_1006,2024-08-26,2024-10-10 00:00:00,Symptom Logger,7.6,Android
MM_1006,2024-08-26,2024-08-26 00:00:00,Period Tracker,5.6,iOS
MM_1006,2024-08-26,2024-09-01 00:00:00,Symptom Logger,13.3,Android
MM_1006,2024-08-26,2024-10-06 00:00:00,Community Forum,9.6,Android
MM_1006,2024-08-26,2024-09-28 00:00:00,Community Forum,5.8,Android
MM_1006,2024-08-26,2024-10-03 00:00:00,Period Tracker,5.7,iOS
MM_1006,2024-08-26,2024-09-02 00:00:00,Community Forum,5.3,Android
MM_1006,2024-08-26,2024-10-15 00:00:00,Community Forum,2.4,Android
MM_1007,2024-10-20,2024-10-21 00:00:00,Community Forum,8.9,Android
MM_1007,2024-10-20,2024-11-11 00:00:00,Period Tracker,3.6,Android
MM_1007,2024-10-20,2024-11-26 00:00:00,Health Articles,7.1,Android
MM_1007,2024-10-20,2024-11-07 00:00:00,Period Tracker,4.2,Android
MM_1007,2024-10-20,2024-11-01 00:00:00,Symptom Logger,7.9,iOS
MM_1007,2024-10-20,2024-11-06 00:00:00,Period Tracker,1.4,Android
MM_1007,2024-10-20,2024-11-17 00:00:00,Health Articles,3.6,iOS
MM_1007,2024-10-20,2024-10-25 00:00:00,Period Tracker,12.3,iOS
MM_1007,2024-10-20,2024-11-18 00:00:00,Health Articles,7.0,Android
MM_1007,2024-10-20,2024-11-21 00:00:00,Community Forum,7.4,iOS
MM_1007,2024-10-20,2024-11-27 00:00:00,Symptom Logger,10.9,Android
MM_1007,2024-10-20,2024-11-08 00:00:00,Period Tracker,13.9,Android
MM_1007,2024-10-20,2024-12-12 00:00:00,Symptom Logger,14.7,iOS
MM_1007,2024-10-20,2024-10-23 00:00:00,Health Articles,3.6,iOS
MM_1007,2024-10-20,2024-11-10 00:00:00,Symptom Logger,14.4,Android
MM_1007,2024-10-20,2024-11-16 00:00:00,Community Forum,6.1,iOS
MM_1007,2024-10-20,2024-11-15 00:00:00,Period Tracker,14.0,iOS
MM_1008,2024-08-08,2024-10-02 00:00:00,Symptom Logger,12.7,iOS
MM_1008,2024-08-08,2024-09-28 00:00:00,Period Tracker,10.2,iOS
MM_1009,2024-09-30,2024-10-30 00:00:00,Symptom Logger,7.3,Android
MM_1010,2024-09-02,2024-09-17 00:00:00,Period Tracker,10.4,iOS
MM_1010,2024-09-02,2024-09-18 00:00:00,Period Tracker,9.6,Android
MM_1010,2024-09-02,2024-10-25 00:00:00,Period Tracker,,Android
MM_1010,2024-09-02,2024-09-06 00:00:00,Period Tracker,3.5,Android
MM_1010,2024-09-02,2024-10-09 00:00:00,Period Tracker,1.3,iOS
MM_1010,2024-09-02,2024-09-04 00:00:00,Symptom Logger,3.2,Android
MM_1010,2024-09-02,2024-10-10 00:00:00,Period Tracker,11.5,Android
MM_1010,2024-09-02,2024-09-12 00:00:00,Community Forum,1.6,Android
MM_1010,2024-09-02,2024-10-09 00:00:00,Period Tracker,13.1,Android
MM_1010,2024-09-02,2024-09-30 00:00:00,Period Tracker,10.6,Android
MM_1010,2024-09-02,2024-10-01 00:00:00,Health Articles,9.2,iOS
MM_1010,2024-09-02,2024-09-05 00:00:00,Period Tracker,10.8,Android
MM_1010,2024-09-02,2024-09-24 00:00:00,Health Articles,6.3,Android
MM_1010,2024-09-02,2024-09-04 00:00:00,Period Tracker,8.0,Android
MM_1010,2024-09-02,2024-09-17 00:00:00,Period Tracker,10.3,iOS
MM_1010,2024-09-02,2024-09-11 00:00:00,Period Tracker,12.2,iOS
MM_1010,2024-09-02,2024-10-12 00:00:00,Period Tracker,4.6,Android
MM_1010,2024-09-02,2024-10-05 00:00:00,Community Forum,10.0,iOS
MM_1010,2024-09-02,2024-10-16 00:00:00,Period Tracker,3.5,iOS
MM_1011,2024-09-03,2024-10-17 00:00:00,Symptom Logger,14.7,Android
MM_1011,2024-09-03,2024-09-12 00:00:00,Community Forum,13.6,iOS
MM_1011,2024-09-03,2024-09-12 00:00:00,Symptom Logger,4.1,Android
MM_1011,2024-09-03,2024-10-20 00:00:00,Period Tracker,2.1,iOS
MM_1011,2024-09-03,2024-09-21 00:00:00,Period Tracker,11.6,iOS
MM_1012,2024-09-12,2024-11-07 00:00:00,Symptom Logger,10.8,iOS
MM_1012,2024-09-12,2024-10-28 00:00:00,Period Tracker,4.2,iOS
MM_1012,2024-09-12,2024-10-17 00:00:00,Period Tracker,13.8,Android
MM_1012,2024-09-12,2024-10-18 00:00:00,Period Tracker,10.3,Android
MM_1012,2024-09-12,2024-11-08 00:00:00,Health Articles,13.4,Android
MM_1012,2024-09-12,2024-10-09 00:00:00,Period Tracker,1.4,iOS
MM_1012,2024-09-12,2024-09-26 00:00:00,Period Tracker,4.2,Android
MM_1012,2024-09-12,2024-10-05 00:00:00,Symptom Logger,10.5,Android
MM_1012,2024-09-12,2024-10-11 00:00:00,Community Forum,9.1,iOS
MM_1012,2024-09-12,2024-10-07 00:00:00,Period Tracker,10.8,iOS
MM_1012,2024-09-12,2024-10-23 00:00:00,Period Tracker,9.3,Android
MM_1012,2024-09-12,2024-09-17 00:00:00,Health Articles,12.8,iOS
MM_1012,2024-09-12,2024-10-30 00:00:00,Period Tracker,14.5,iOS
MM_1012,2024-09-12,2024-11-05 00:00:00,Community Forum,5.2,Android
MM_1012,2024-09-12,2024-09-26 00:00:00,Period Tracker,3.9,iOS
MM_1013,2024-10-16,2024-10-24 00:00:00,Symptom Logger,14.9,iOS
MM_1013,2024-10-16,2024-12-13 00:00:00,Community Forum,4.8,iOS
MM_1013,2024-10-16,2024-11-22 00:00:00,Period Tracker,6.0,iOS
MM_1013,2024-10-16,2024-12-07 00:00:00,Period Tracker,8.1,Android
MM_1013,2024-10-16,2024-10-28 00:00:00,Period Tracker,7.2,iOS
MM_1013,2024-10-16,2024-12-12 00:00:00,Community Forum,14.5,iOS
MM_1013,2024-10-16,2024-11-12 00:00:00,Period Tracker,9.3,iOS
MM_1013,2024-10-16,2024-11-23 00:00:00,Period Tracker,14.2,Android
MM_1013,2024-10-16,2024-12-10 00:00:00,Period Tracker,9.8,iOS
MM_1013,2024-10-16,2024-11-14 00:00:00,Period Tracker,8.0,Android
MM_1013,2024-10-16,2024-11-09 00:00:00,Community Forum,9.7,Android
MM_1013,2024-10-16,2024-11-16 00:00:00,Period Tracker,7.0,iOS
MM_1013,2024-10-16,2024-11-16 00:00:00,Symptom Logger,12.7,Android
MM_1013,2024-10-16,2024-12-03 00:00:00,Period Tracker,13.9,iOS
MM_1013,2024-10-16,2024-10-21 00:00:00,Symptom Logger,13.9,iOS
MM_1013,2024-10-16,2024-11-21 00:00:00,Symptom Logger,3.8,Android
MM_1013,2024-10-16,2024-12-02 00:00:00,Period Tracker,9.5,iOS
MM_1014,2024-10-03,2024-10-10 00:00:00,Symptom Logger,6.0,iOS
MM_1015,2024-08-15,2024-09-02 00:00:00,Symptom Logger,3.1,Android
MM_1015,2024-08-15,2024-10-02 00:00:00,Period Tracker,11.3,Android
MM_1015,2024-08-15,2024-08-16 00:00:00,Symptom Logger,6.3,Android
MM_1015,2024-08-15,2024-08-16 00:00:00,Health Articles,,iOS
MM_1015,2024-08-15,2024-09-23 00:00:00,Period Tracker,13.6,iOS
MM_1015,2024-08-15,2024-09-27 00:00:00,Period Tracker,8.0,iOS
MM_1015,2024-08-15,2024-08-24 00:00:00,Community Forum,7.9,iOS
MM_1015,2024-08-15,2024-08-18 00:00:00,Symptom Logger,1.2,Android
MM_1015,2024-08-15,2024-09-21 00:00:00,Period Tracker,1.6,Android
MM_1015,2024-08-15,2024-08-20 00:00:00,Health Articles,7.4,iOS
MM_1015,2024-08-15,2024-10-09 00:00:00,Period Tracker,14.9,iOS
MM_1015,2024-08-15,2024-10-02 00:00:00,Period Tracker,3.8,Android
MM_1015,2024-08-15,2024-10-14 00:00:00,Period Tracker,9.1,Android
MM_1015,2024-08-15,2024-10-08 00:00:00,Period Tracker,7.1,iOS
MM_1015,2024-08-15,2024-09-25 00:00:00,Period Tracker,6.2,iOS
MM_1015,2024-08-15,2024-09-06 00:00:00,Period Tracker,5.9,iOS
MM_1015,2024-08-15,2024-09-21 00:00:00,Period Tracker,10.1,Android
MM_1016,2024-09-12,2024-10-11 00:00:00,Period Tracker,1.2,iOS
MM_1016,2024-09-12,2024-10-08 00:00:00,Health Articles,7.2,Android
MM_1016,2024-09-12,2024-11-01 00:00:00,Period Tracker,5.1,Android
MM_1016,2024-09-12,2024-10-27 00:00:00,Health Articles,8.7,Android
MM_1016,2024-09-12,2024-10-21 00:00:00,Symptom Logger,3.2,Android
MM_1016,2024-09-12,2024-09-12 00:00:00,Health Articles,8.9,iOS
MM_1016,2024-09-12,2024-11-09 00:00:00,Health Articles,12.7,iOS
MM_1016,2024-09-12,2024-10-01 00:00:00,Symptom Logger,3.9,iOS
MM_1016,2024-09-12,2024-11-10 00:00:00,Period Tracker,12.5,iOS
MM_1016,2024-09-12,2024-10-16 00:00:00,Symptom Logger,2.6,iOS
MM_1016,2024-09-12,2024-09-23 00:00:00,Period Tracker,13.8,Android
MM_1016,2024-09-12,2024-11-07 00:00:00,Period Tracker,7.4,iOS
MM_1016,2024-09-12,2024-10-14 00:00:00,Period Tracker,14.7,Android
MM_1016,2024-09-12,2024-11-05 00:00:00,Community Forum,,iOS
MM_1016,2024-09-12,2024-10-22 00:00:00,Period Tracker,8.0,iOS
MM_1016,2024-09-12,2024-11-11 00:00:00,Community Forum,10.0,iOS
MM_1016,2024-09-12,2024-09-15 00:00:00,Period Tracker,5.6,Android
MM_1016,2024-09-12,2024-09-18 00:00:00,Symptom Logger,12.6,Android
MM_1017,2024-10-15,2024-12-14 00:00:00,Community Forum,6.5,Android
MM_1017,2024-10-15,2024-11-06 00:00:00,Period Tracker,5.6,iOS
MM_1017,2024-10-15,2024-11-27 00:00:00,Period Tracker,13.4,Android
MM_1018,2024-08-23,2024-09-19 00:00:00,Symptom Logger,5.1,Android
MM_1018,2024-08-23,2024-08-31 00:00:00,Health Articles,9.1,Android
MM_1018,2024-08-23,2024-10-14 00:00:00,Period Tracker,7.4,iOS
MM_1019,2024-09-09,2024-09-14 00:00:00,Period Tracker,12.8,iOS
MM_1020,2024-10-03,2024-10-09 00:00:00,Symptom Logger,14.9,iOS
MM_1020,2024-10-03,2024-11-09 00:00:00,Symptom Logger,13.3,iOS
MM_1020,2024-10-03,2024-11-30 00:00:00,Period Tracker,8.7,Android
MM_1020,2024-10-03,2024-11-03 00:00:00,Symptom Logger,2.8,iOS
MM_1020,2024-10-03,2024-11-22 00:00:00,Period Tracker,13.2,iOS
MM_1020,2024-10-03,2024-11-07 00:00:00,Period Tracker,14.1,iOS
MM_1020,2024-10-03,2024-10-08 00:00:00,Health Articles,8.1,Android
MM_1020,2024-10-03,2024-11-16 00:00:00,Period Tracker,2.9,iOS
MM_1020,2024-10-03,2024-10-22 00:00:00,Health Articles,7.0,Android
MM_1020,2024-10-03,2024-10-19 00:00:00,Period Tracker,4.2,Android
MM_1020,2024-10-03,2024-10-22 00:00:00,Period Tracker,14.3,iOS
MM_1020,2024-10-03,2024-10-09 00:00:00,Community Forum,10.4,iOS
MM_1021,2024-10-15,2024-12-10 00:00:00,Period Tracker,10.0,Android
MM_1021,2024-10-15,2024-10-26 00:00:00,Community Forum,7.3,iOS
MM_1021,2024-10-15,2024-12-02 00:00:00,Community Forum,4.5,iOS
MM_1021,2024-10-15,2024-12-07 00:00:00,Symptom Logger,11.2,iOS
MM_1021,2024-10-15,2024-12-08 00:00:00,Community Forum,4.3,iOS
MM_1021,2024-10-15,2024-10-20 00:00:00,Health Articles,2.1,Android
MM_1021,2024-10-15,2024-11-21 00:00:00,Period Tracker,12.9,iOS
MM_1021,2024-10-15,2024-12-10 00:00:00,Period Tracker,6.6,Android
MM_1021,2024-10-15,2024-11-07 00:00:00,Period Tracker,9.7,Android
MM_1021,2024-10-15,2024-11-14 00:00:00,Health Articles,,Android
MM_1021,2024-10-15,2024-11-29 00:00:00,Period Tracker,5.2,iOS
MM_1021,2024-10-15,2024-10-16 00:00:00,Symptom Logger,2.2,iOS
MM_1022,2024-08-01,2024-09-13 00:00:00,Symptom Logger,11.4,Android
MM_1022,2024-08-01,2024-09-04 00:00:00,Period Tracker,11.2,iOS
MM_1022,2024-08-01,2024-09-21 00:00:00,Period Tracker,10.6,Android
MM_1022,2024-08-01,2024-09-27 00:00:00,Health Articles,11.9,iOS
MM_1022,2024-08-01,2024-09-13 00:00:00,Community Forum,12.2,iOS
MM_1022,2024-08-01,2024-09-03 00:00:00,Period Tracker,6.8,Android
MM_1022,2024-08-01,2024-08-17 00:00:00,Period Tracker,12.1,iOS
MM_1022,2024-08-01,2024-09-13 00:00:00,Period Tracker,8.7,Android
MM_1022,2024-08-01,2024-09-18 00:00:00,Health Articles,10.9,iOS
MM_1022,2024-08-01,2024-09-15 00:00:00,Period Tracker,4.4,Android
MM_1023,2024-08-22,2024-10-20 00:00:00,Period Tracker,12.8,Android
MM_1023,2024-08-22,2024-09-26 00:00:00,Period Tracker,7.6,iOS
MM_1023,2024-08-22,2024-08-25 00:00:00,Period Tracker,1.5,Android
MM_1023,2024-08-22,2024-09-03 00:00:00,Period Tracker,11.7,Android
MM_1023,2024-08-22,2024-08-23 00:00:00,Period Tracker,6.0,Android
MM_1023,2024-08-22,2024-08-31 00:00:00,Symptom Logger,12.7,iOS
MM_1023,2024-08-22,2024-09-13 00:00:00,Symptom Logger,10.6,Android
MM_1023,2024-08-22,2024-08-25 00:00:00,Health Articles,4.2,Android
MM_1023,2024-08-22,2024-09-04 00:00:00,Symptom Logger,4.3,Android
MM_1023,2024-08-22,2024-08-23 00:00:00,Period Tracker,8.8,iOS
MM_1023,2024-08-22,2024-09-25 00:00:00,Symptom Logger,3.4,iOS
MM_1023,2024-08-22,2024-09-08 00:00:00,Period Tracker,7.5,iOS
MM_1023,2024-08-22,2024-09-24 00:00:00,Period Tracker,3.1,Android
MM_1023,2024-08-22,2024-10-13 00:00:00,Period Tracker,13.8,Android
MM_1023,2024-08-22,2024-09-20 00:00:00,Symptom Logger,7.4,Android
MM_1023,2024-08-22,2024-10-15 00:00:00,Community Forum,6.2,Android
MM_1023,2024-08-22,2024-09-23 00:00:00,Period Tracker,3.1,Android
MM_1023,2024-08-22,2024-10-03 00:00:00,Period Tracker,10.7,Android
MM_1023,2024-08-22,2024-09-02 00:00:00,Symptom Logger,10.8,iOS
MM_1024,2024-10-20,2024-10-20 00:00:00,Health Articles,12.3,Android
MM_1024,2024-10-20,2024-11-19 00:00:00,Period Tracker,1.0,iOS
MM_1025,2024-10-07,2024-10-21 00:00:00,Period Tracker,6.8,iOS
MM_1025,2024-10-07,2024-10-08 00:00:00,Period Tracker,8.2,iOS
MM_1025,2024-10-07,2024-10-07 00:00:00,Period Tracker,8.7,iOS
MM_1026,2024-08-27,2024-10-04 00:00:00,Community Forum,10.2,iOS
MM_1026,2024-08-27,2024-08-27 00:00:00,Period Tracker,10.1,iOS
MM_1026,2024-08-27,2024-09-14 00:00:00,Period Tracker,12.5,iOS
MM_1026,2024-08-27,2024-10-07 00:00:00,Community Forum,6.5,iOS
MM_1026,2024-08-27,2024-10-22 00:00:00,Period Tracker,14.5,Android
MM_1026,2024-08-27,2024-10-05 00:00:00,Period Tracker,6.9,Android
MM_1026,2024-08-27,2024-10-14 00:00:00,Community Forum,4.9,Android
MM_1026,2024-08-27,2024-09-30 00:00:00,Period Tracker,7.2,Android
MM_1026,2024-08-27,2024-09-07 00:00:00,Health Articles,12.7,Android
MM_1027,2024-08-23,2024-08-25 00:00:00,Symptom Logger,13.2,iOS
MM_1028,2024-08-17,2024-09-17 00:00:00,Community Forum,9.2,Android
MM_1028,2024-08-17,2024-08-28 00:00:00,Symptom Logger,12.4,Android
MM_1029,2024-10-04,2024-11-04 00:00:00,Symptom Logger,1.9,iOS
MM_1029,2024-10-04,2024-10-17 00:00:00,Health Articles,5.5,Android
MM_1029,2024-10-04,2024-10-21 00:00:00,Period Tracker,14.4,iOS
MM_1029,2024-10-04,2024-11-18 00:00:00,Symptom Logger,13.3,Android
MM_1029,2024-10-04,2024-10-10 00:00:00,Community Forum,5.2,iOS
MM_1029,2024-10-04,2024-10-31 00:00:00,Period Tracker,7.8,iOS
MM_1030,2024-10-24,2024-11-07 00:00:00,Community Forum,1.1,iOS
MM_1030,2024-10-24,2024-12-15 00:00:00,Symptom Logger,10.6,Android
MM_1030,2024-10-24,2024-11-12 00:00:00,Period Tracker,1.4,Android
MM_1030,2024-10-24,2024-11-03 00:00:00,Period Tracker,5.0,Android
MM_1030,2024-10-24,2024-11-03 00:00:00,Period Tracker,5.2,Android
MM_1030,2024-10-24,2024-12-14 00:00:00,Health Articles,10.1,iOS
MM_1030,2024-10-24,2024-11-11 00:00:00,Period Tracker,13.2,Android
MM_1030,2024-10-24,2024-12-16 00:00:00,Community Forum,4.3,iOS
MM_1030,2024-10-24,2024-11-22 00:00:00,Period Tracker,13.9,iOS
MM_1031,2024-08-18,2024-10-04 00:00:00,Period Tracker,2.1,Android
MM_1031,2024-08-18,2024-09-02 00:00:00,Period Tracker,8.5,Android
MM_1031,2024-08-18,2024-10-15 00:00:00,Symptom Logger,14.8,iOS
MM_1031,2024-08-18,2024-09-28 00:00:00,Period Tracker,,iOS
MM_1031,2024-08-18,2024-10-11 00:00:00,Period Tracker,11.6,iOS
MM_1031,2024-08-18,2024-08-22 00:00:00,Health Articles,11.4,Android
MM_1031,2024-08-18,2024-08-18 00:00:00,Period Tracker,14.1,iOS
MM_1031,2024-08-18,2024-09-25 00:00:00,Period Tracker,5.1,iOS
MM_1031,2024-08-18,2024-08-26 00:00:00,Symptom Logger,11.9,iOS
MM_1031,2024-08-18,2024-09-24 00:00:00,Period Tracker,13.5,iOS
MM_1031,2024-08-18,2024-09-10 00:00:00,Period Tracker,6.5,Android
MM_1031,2024-08-18,2024-09-05 00:00:00,Period Tracker,10.2,Android
MM_1031,2024-08-18,2024-10-08 00:00:00,Health Articles,3.9,Android
MM_1031,2024-08-18,2024-08-30 00:00:00,Period Tracker,13.4,iOS
MM_1031,2024-08-18,2024-10-06 00:00:00,Period Tracker,4.2,Android
MM_1031,2024-08-18,2024-10-11 00:00:00,Community Forum,7.3,Android
MM_1031,2024-08-18,2024-09-29 00:00:00,Period Tracker,9.2,Android
MM_1031,2024-08-18,2024-10-11 00:00:00,Symptom Logger,6.2,Android
MM_1031,2024-08-18,2024-08-26 00:00:00,Symptom Logger,9.0,iOS
MM_1032,2024-10-28,2024-11-05 00:00:00,Period Tracker,5.4,Android
MM_1032,2024-10-28,2024-11-01 00:00:00,Health Articles,8.8,iOS
MM_1032,2024-10-28,2024-11-13 00:00:00,Period Tracker,,Android
MM_1032,2024-10-28,2024-11-28 00:00:00,Period Tracker,6.8,iOS
MM_1032,2024-10-28,2024-12-26 00:00:00,Symptom Logger,5.5,Android
MM_1032,2024-10-28,2024-11-10 00:00:00,Health Articles,10.9,iOS
MM_1032,2024-10-28,2024-12-24 00:00:00,Symptom Logger,12.4,Android
MM_1032,2024-10-28,2024-11-10 00:00:00,Period Tracker,4.6,iOS
MM_1032,2024-10-28,2024-11-08 00:00:00,Community Forum,3.2,Android
MM_1032,2024-10-28,2024-12-25 00:00:00,Period Tracker,7.4,Android
MM_1032,2024-10-28,2024-11-18 00:00:00,Symptom Logger,1.7,iOS
MM_1032,2024-10-28,2024-12-10 00:00:00,Community Forum,8.9,Android
MM_1032,2024-10-28,2024-12-23 00:00:00,Period Tracker,9.3,iOS
MM_1032,2024-10-28,2024-11-14 00:00:00,Period Tracker,,Android
MM_1033,2024-08-25,2024-09-04 00:00:00,Period Tracker,13.4,iOS
MM_1033,2024-08-25,2024-10-16 00:00:00,Period Tracker,6.0,iOS
MM_1033,2024-08-25,2024-09-13 00:00:00,Symptom Logger,10.6,iOS
MM_1033,2024-08-25,2024-10-16 00:00:00,Community Forum,9.5,Android
MM_1033,2024-08-25,2024-10-16 00:00:00,Period Tracker,13.4,iOS
MM_1033,2024-08-25,2024-10-05 00:00:00,Period Tracker,6.7,Android
MM_1033,2024-08-25,2024-09-12 00:00:00,Community Forum,7.5,iOS
MM_1033,2024-08-25,2024-10-09 00:00:00,Period Tracker,7.2,Android
MM_1033,2024-08-25,2024-09-04 00:00:00,Community Forum,4.8,iOS
MM_1033,2024-08-25,2024-10-02 00:00:00,Community Forum,12.6,Android
MM_1033,2024-08-25,2024-10-18 00:00:00,Period Tracker,11.5,Android
MM_1033,2024-08-25,2024-10-12 00:00:00,Community Forum,8.8,iOS
MM_1034,2024-09-25,2024-11-12 00:00:00,Period Tracker,5.3,Android
MM_1034,2024-09-25,2024-09-30 00:00:00,Health Articles,8.7,Android
MM_1034,2024-09-25,2024-09-28 00:00:00,Period Tracker,11.7,Android
MM_1034,2024-09-25,2024-10-02 00:00:00,Period Tracker,13.9,iOS
MM_1034,2024-09-25,2024-10-31 00:00:00,Period Tracker,9.0,iOS
MM_1034,2024-09-25,2024-10-11 00:00:00,Period Tracker,6.4,iOS
MM_1034,2024-09-25,2024-10-29 00:00:00,Period Tracker,7.6,Android
MM_1034,2024-09-25,2024-10-10 00:00:00,Period Tracker,3.8,iOS
MM_1034,2024-09-25,2024-10-28 00:00:00,Period Tracker,5.4,iOS
MM_1034,2024-09-25,2024-11-02 00:00:00,Period Tracker,6.1,iOS
MM_1034,2024-09-25,2024-10-31 00:00:00,Symptom Logger,1.9,iOS
MM_1034,2024-09-25,2024-10-25 00:00:00,Period Tracker,5.3,Android
MM_1034,2024-09-25,2024-11-06 00:00:00,Symptom Logger,12.8,iOS
MM_1034,2024-09-25,2024-10-12 00:00:00,Community Forum,11.8,iOS
MM_1034,2024-09-25,2024-11-16 00:00:00,Period Tracker,3.9,iOS
MM_1034,2024-09-25,2024-09-25 00:00:00,Period Tracker,1.2,iOS
MM_1034,2024-09-25,2024-10-11 00:00:00,Period Tracker,3.2,iOS
MM_1035,2024-10-25,2024-10-30 00:00:00,Health Articles,9.7,Android
MM_1035,2024-10-25,2024-11-28 00:00:00,Health Articles,7.2,Android
MM_1035,2024-10-25,2024-11-03 00:00:00,Period Tracker,10.6,iOS
MM_1035,2024-10-25,2024-11-25 00:00:00,Period Tracker,9.9,iOS
MM_1035,2024-10-25,2024-11-19 00:00:00,Symptom Logger,7.5,Android
MM_1036,2024-08-04,2024-08-24 00:00:00,Period Tracker,3.3,Android
MM_1036,2024-08-04,2024-08-10 00:00:00,Period Tracker,1.0,Android
MM_1036,2024-08-04,2024-09-19 00:00:00,Period Tracker,14.0,Android
MM_1036,2024-08-04,2024-09-24 00:00:00,Symptom Logger,9.1,Android
MM_1036,2024-08-04,2024-08-27 00:00:00,Period Tracker,11.3,iOS
MM_1036,2024-08-04,2024-08-13 00:00:00,Period Tracker,7.6,Android
MM_1036,2024-08-04,2024-08-04 00:00:00,Symptom Logger,13.1,iOS
MM_1037,2024-08-28,2024-09-07 00:00:00,Period Tracker,7.4,Android
MM_1037,2024-08-28,2024-09-11 00:00:00,Health Articles,10.9,iOS
MM_1037,2024-08-28,2024-10-04 00:00:00,Period Tracker,,iOS
MM_1037,2024-08-28,2024-09-04 00:00:00,Symptom Logger,14.6,iOS
MM_1037,2024-08-28,2024-09-02 00:00:00,Period Tracker,14.4,iOS
MM_1037,2024-08-28,2024-10-14 00:00:00,Period Tracker,4.6,iOS
MM_1037,2024-08-28,2024-09-11 00:00:00,Community Forum,6.5,Android
MM_1037,2024-08-28,2024-10-27 00:00:00,Community Forum,14.0,Android
MM_1038,2024-09-22,2024-10-15 00:00:00,Period Tracker,9.5,Android
MM_1038,2024-09-22,2024-10-16 00:00:00,Period Tracker,14.2,Android
MM_1038,2024-09-22,2024-10-20 00:00:00,Period Tracker,1.9,Android
MM_1038,2024-09-22,2024-11-06 00:00:00,Period Tracker,7.3,iOS
MM_1038,2024-09-22,2024-11-02 00:00:00,Period Tracker,13.3,Android
MM_1038,2024-09-22,2024-11-10 00:00:00,Symptom Logger,12.9,iOS
MM_1038,2024-09-22,2024-09-25 00:00:00,Community Forum,1.3,Android
MM_1039,2024-09-23,2024-11-02 00:00:00,Period Tracker,5.3,Android
MM_1039,2024-09-23,2024-10-18 00:00:00,Period Tracker,3.6,Android
MM_1039,2024-09-23,2024-10-16 00:00:00,Period Tracker,5.5,iOS
MM_1039,2024-09-23,2024-10-15 00:00:00,Period Tracker,11.8,iOS
MM_1039,2024-09-23,2024-11-14 00:00:00,Symptom Logger,11.6,Android
MM_1039,2024-09-23,2024-11-22 00:00:00,Period Tracker,6.6,Android
MM_1039,2024-09-23,2024-10-25 00:00:00,Health Articles,6.5,iOS
MM_1039,2024-09-23,2024-11-20 00:00:00,Period Tracker,12.3,iOS
MM_1039,2024-09-23,2024-10-21 00:00:00,Community Forum,8.1,Android
MM_1039,2024-09-23,2024-10-03 00:00:00,Period Tracker,5.4,Android
MM_1039,2024-09-23,2024-10-10 00:00:00,Period Tracker,5.0,iOS
MM_1039,2024-09-23,2024-10-15 00:00:00,Period Tracker,3.9,Android
MM_1039,2024-09-23,2024-11-17 00:00:00,Symptom Logger,4.9,iOS
MM_1040,2024-08-17,2024-09-03 00:00:00,Community Forum,12.1,Android
MM_1041,2024-08-15,2024-10-01 00:00:00,Symptom Logger,5.8,iOS
MM_1041,2024-08-15,2024-09-24 00:00:00,Period Tracker,6.0,Android
MM_1041,2024-08-15,2024-09-14 00:00:00,Period Tracker,11.8,Android
MM_1042,2024-09-30,2024-09-30 00:00:00,Symptom Logger,11.4,iOS
MM_1042,2024-09-30,2024-10-15 00:00:00,Period Tracker,6.5,Android
MM_1042,2024-09-30,2024-11-18 00:00:00,Community Forum,13.9,iOS
MM_1042,2024-09-30,2024-11-27 00:00:00,Period Tracker,3.3,Android
MM_1042,2024-09-30,2024-11-07 00:00:00,Symptom Logger,4.6,Android
MM_1043,2024-09-12,2024-11-01 00:00:00,Period Tracker,11.8,Android
MM_1043,2024-09-12,2024-09-18 00:00:00,Period Tracker,13.8,Android
MM_1043,2024-09-12,2024-09-16 00:00:00,Period Tracker,4.8,Android
MM_1043,2024-09-12,2024-09-18 00:00:00,Period Tracker,12.3,Android
MM_1043,2024-09-12,2024-10-17 00:00:00,Period Tracker,,iOS
MM_1043,2024-09-12,2024-11-10 00:00:00,Period Tracker,1.3,Android
MM_1043,2024-09-12,2024-10-27 00:00:00,Health Articles,10.0,Android
MM_1043,2024-09-12,2024-09-14 00:00:00,Period Tracker,4.2,iOS
MM_1043,2024-09-12,2024-09-27 00:00:00,Symptom Logger,8.1,Android
MM_1043,2024-09-12,2024-11-02 00:00:00,Symptom Logger,4.6,iOS
MM_1043,2024-09-12,2024-10-27 00:00:00,Period Tracker,4.8,iOS
MM_1043,2024-09-12,2024-10-24 00:00:00,Period Tracker,13.8,Android
MM_1043,2024-09-12,2024-09-27 00:00:00,Health Articles,3.7,iOS
MM_1043,2024-09-12,2024-11-09 00:00:00,Community Forum,10.0,iOS
MM_1043,2024-09-12,2024-10-29 00:00:00,Community Forum,12.3,iOS
MM_1043,2024-09-12,2024-09-22 00:00:00,Period Tracker,14.5,iOS
MM_1043,2024-09-12,2024-09-23 00:00:00,Period Tracker,1.3,Android
MM_1043,2024-09-12,2024-11-02 00:00:00,Period Tracker,8.5,iOS
MM_1043,2024-09-12,2024-09-22 00:00:00,Period Tracker,8.9,iOS
MM_1043,2024-09-12,2024-11-11 00:00:00,Symptom Logger,10.9,iOS
MM_1044,2024-08-29,2024-09-19 00:00:00,Period Tracker,13.9,Android
MM_1044,2024-08-29,2024-09-02 00:00:00,Period Tracker,9.7,iOS
MM_1044,2024-08-29,2024-08-29 00:00:00,Symptom Logger,6.0,iOS
MM_1044,2024-08-29,2024-10-26 00:00:00,Symptom Logger,2.8,Android
MM_1044,2024-08-29,2024-09-23 00:00:00,Period Tracker,3.2,Android
MM_1045,2024-08-30,2024-10-15 00:00:00,Period Tracker,12.3,Android
MM_1045,2024-08-30,2024-10-16 00:00:00,Period Tracker,6.2,Android
MM_1045,2024-08-30,2024-10-21 00:00:00,Symptom Logger,1.2,Android
MM_1045,2024-08-30,2024-09-18 00:00:00,Health Articles,14.5,Android
MM_1045,2024-08-30,2024-09-01 00:00:00,Period Tracker,9.4,Android
MM_1045,2024-08-30,2024-10-23 00:00:00,Period Tracker,12.1,iOS
MM_1045,2024-08-30,2024-10-27 00:00:00,Period Tracker,1.7,iOS
MM_1045,2024-08-30,2024-09-10 00:00:00,Period Tracker,7.0,Android
MM_1045,2024-08-30,2024-09-30 00:00:00,Symptom Logger,12.4,iOS
MM_1045,2024-08-30,2024-09-24 00:00:00,Period Tracker,4.4,iOS
MM_1045,2024-08-30,2024-09-06 00:00:00,Period Tracker,4.3,iOS
MM_1045,2024-08-30,2024-09-19 00:00:00,Period Tracker,8.2,iOS
MM_1045,2024-08-30,2024-09-26 00:00:00,Period Tracker,4.9,iOS
MM_1045,2024-08-30,2024-09-03 00:00:00,Symptom Logger,10.8,iOS
MM_1045,2024-08-30,2024-10-10 00:00:00,Health Articles,10.6,iOS
MM_1046,2024-08-16,2024-09-28 00:00:00,Period Tracker,9.8,iOS
MM_1047,2024-10-08,2024-11-22 00:00:00,Period Tracker,13.7,iOS
MM_1047,2024-10-08,2024-10-31 00:00:00,Community Forum,9.1,Android
MM_1047,2024-10-08,2024-10-20 00:00:00,Symptom Logger,4.8,Android
MM_1047,2024-10-08,2024-10-25 00:00:00,Period Tracker,4.4,Android
MM_1047,2024-10-08,2024-10-13 00:00:00,Period Tracker,13.4,Android
MM_1047,2024-10-08,2024-11-07 00:00:00,Symptom Logger,12.4,iOS
MM_1047,2024-10-08,2024-11-08 00:00:00,Community Forum,12.7,Android
MM_1047,2024-10-08,2024-10-30 00:00:00,Community Forum,12.7,Android
MM_1047,2024-10-08,2024-12-01 00:00:00,Symptom Logger,13.8,iOS
MM_1047,2024-10-08,2024-10-13 00:00:00,Period Tracker,5.5,Android
MM_1047,2024-10-08,2024-10-23 00:00:00,Symptom Logger,14.3,iOS
MM_1047,2024-10-08,2024-11-05 00:00:00,Symptom Logger,7.6,iOS
MM_1047,2024-10-08,2024-11-08 00:00:00,Period Tracker,8.8,Android
MM_1047,2024-10-08,2024-10-24 00:00:00,Symptom Logger,8.9,iOS
MM_1048,2024-08-08,2024-10-05 00:00:00,Period Tracker,1.1,Android
MM_1048,2024-08-08,2024-08-08 00:00:00,Health Articles,9.0,iOS
MM_1048,2024-08-08,2024-08-13 00:00:00,Period Tracker,14.3,Android
MM_1048,2024-08-08,2024-08-17 00:00:00,Health Articles,4.2,iOS
MM_1048,2024-08-08,2024-09-02 00:00:00,Period Tracker,8.8,Android
MM_1048,2024-08-08,2024-09-17 00:00:00,Period Tracker,1.9,iOS
MM_1048,2024-08-08,2024-08-29 00:00:00,Period Tracker,7.5,Android
MM_1048,2024-08-08,2024-08-17 00:00:00,Period Tracker,2.9,iOS
MM_1048,2024-08-08,2024-08-31 00:00:00,Health Articles,12.1,iOS
MM_1048,2024-08-08,2024-08-24 00:00:00,Period Tracker,14.2,iOS
MM_1048,2024-08-08,2024-09-15 00:00:00,Period Tracker,2.3,iOS
MM_1048,2024-08-08,2024-08-15 00:00:00,Health Articles,1.0,iOS
MM_1048,2024-08-08,2024-08-26 00:00:00,Health Articles,9.5,Android
MM_1049,2024-09-11,2024-10-27 00:00:00,Period Tracker,5.5,iOS
MM_1049,2024-09-11,2024-10-05 00:00:00,Period Tracker,5.4,Android
MM_1049,2024-09-11,2024-10-13 00:00:00,Period Tracker,10.2,iOS
MM_1050,2024-08-17,2024-08-24 00:00:00,Symptom Logger,2.1,Android
MM_1050,2024-08-17,2024-08-30 00:00:00,Symptom Logger,15.0,Android
MM_1050,2024-08-17,2024-10-09 00:00:00,Health Articles,8.1,Android
MM_1050,2024-08-17,2024-09-30 00:00:00,Health Articles,14.0,Android
MM_1050,2024-08-17,2024-09-27 00:00:00,Period Tracker,3.7,Android
MM_1051,2024-08-14,2024-08-28 00:00:00,Community Forum,12.6,iOS
MM_1051,2024-08-14,2024-10-09 00:00:00,Period Tracker,7.8,Android
MM_1051,2024-08-14,2024-10-12 00:00:00,Health Articles,4.0,Android
MM_1051,2024-08-14,2024-10-07 00:00:00,Community Forum,1.6,Android
MM_1051,2024-08-14,2024-08-27 00:00:00,Period Tracker,6.0,iOS
MM_1051,2024-08-14,2024-09-02 00:00:00,Symptom Logger,1.2,Android
MM_1051,2024-08-14,2024-08-20 00:00:00,Period Tracker,7.1,iOS
MM_1052,2024-09-24,2024-10-22 00:00:00,Health Articles,14.0,iOS
MM_1053,2024-10-24,2024-12-20 00:00:00,Period Tracker,12.7,Android
MM_1053,2024-10-24,2024-10-24 00:00:00,Symptom Logger,11.7,iOS
MM_1053,2024-10-24,2024-11-22 00:00:00,Health Articles,7.1,iOS
MM_1054,2024-09-29,2024-10-03 00:00:00,Period Tracker,9.9,Android
MM_1054,2024-09-29,2024-11-24 00:00:00,Health Articles,5.9,iOS
MM_1054,2024-09-29,2024-10-07 00:00:00,Period Tracker,14.6,Android
MM_1054,2024-09-29,2024-10-06 00:00:00,Symptom Logger,13.9,iOS
MM_1054,2024-09-29,2024-10-26 00:00:00,Community Forum,7.6,iOS
MM_1054,2024-09-29,2024-11-25 00:00:00,Community Forum,10.8,iOS
MM_1054,2024-09-29,2024-10-27 00:00:00,Symptom Logger,11.1,iOS
MM_1054,2024-09-29,2024-11-06 00:00:00,Period Tracker,11.2,Android
MM_1054,2024-09-29,2024-11-25 00:00:00,Community Forum,6.1,iOS
MM_1054,2024-09-29,2024-11-12 00:00:00,Community Forum,8.4,Android
MM_1054,2024-09-29,2024-11-10 00:00:00,Symptom Logger,14.9,iOS
MM_1054,2024-09-29,2024-11-18 00:00:00,Period Tracker,13.8,Android
MM_1054,2024-09-29,2024-10-31 00:00:00,Symptom Logger,14.2,Android
MM_1054,2024-09-29,2024-10-05 00:00:00,Period Tracker,14.1,iOS
MM_1054,2024-09-29,2024-11-05 00:00:00,Period Tracker,12.1,iOS
MM_1054,2024-09-29,2024-10-17 00:00:00,Period Tracker,14.4,iOS
MM_1055,2024-08-17,2024-10-07 00:00:00,Community Forum,5.3,Android
MM_1055,2024-08-17,2024-08-25 00:00:00,Period Tracker,7.4,iOS
MM_1055,2024-08-17,2024-10-06 00:00:00,Period Tracker,4.1,iOS
MM_1055,2024-08-17,2024-10-12 00:00:00,Period Tracker,4.9,Android
MM_1055,2024-08-17,2024-08-31 00:00:00,Health Articles,8.5,Android
MM_1055,2024-08-17,2024-09-10 00:00:00,Symptom Logger,11.8,Android
MM_1055,2024-08-17,2024-08-23 00:00:00,Period Tracker,2.4,Android
MM_1055,2024-08-17,2024-09-07 00:00:00,Period Tracker,6.9,iOS
MM_1055,2024-08-17,2024-08-31 00:00:00,Health Articles,10.5,iOS
MM_1055,2024-08-17,2024-09-02 00:00:00,Symptom Logger,10.7,iOS
MM_1055,2024-08-17,2024-09-27 00:00:00,Period Tracker,2.8,iOS
MM_1055,2024-08-17,2024-09-03 00:00:00,Period Tracker,6.7,iOS
MM_1056,2024-09-26,2024-10-11 00:00:00,Symptom Logger,5.6,iOS
MM_1056,2024-09-26,2024-10-14 00:00:00,Period Tracker,8.2,iOS
MM_1056,2024-09-26,2024-10-28 00:00:00,Period Tracker,13.7,Android
MM_1057,2024-10-01,2024-11-30 00:00:00,Period Tracker,2.0,iOS
MM_1057,2024-10-01,2024-11-20 00:00:00,Health Articles,8.4,iOS
MM_1058,2024-10-10,2024-10-17 00:00:00,Period Tracker,1.1,iOS
MM_1058,2024-10-10,2024-11-07 00:00:00,Symptom Logger,11.1,Android
MM_1058,2024-10-10,2024-11-01 00:00:00,Period Tracker,14.6,Android
MM_1059,2024-10-23,2024-11-14 00:00:00,Period Tracker,1.7,Android
MM_1059,2024-10-23,2024-11-23 00:00:00,Symptom Logger,6.0,Android
MM_1059,2024-10-23,2024-12-09 00:00:00,Period Tracker,8.8,Android
MM_1059,2024-10-23,2024-11-18 00:00:00,Period Tracker,7.7,Android
MM_1059,2024-10-23,2024-12-15 00:00:00,Symptom Logger,6.5,Android
MM_1059,2024-10-23,2024-12-09 00:00:00,Period Tracker,10.9,iOS
MM_1059,2024-10-23,2024-11-16 00:00:00,Period Tracker,13.1,iOS
MM_1059,2024-10-23,2024-11-21 00:00:00,Community Forum,9.6,Android
MM_1059,2024-10-23,2024-11-05 00:00:00,Period Tracker,12.7,iOS
MM_1059,2024-10-23,2024-10-23 00:00:00,Period Tracker,11.0,Android
MM_1059,2024-10-23,2024-11-24 00:00:00,Community Forum,4.0,Android
MM_1059,2024-10-23,2024-12-20 00:00:00,Period Tracker,4.3,Android
MM_1059,2024-10-23,2024-11-18 00:00:00,Health Articles,13.7,Android
MM_1059,2024-10-23,2024-11-05 00:00:00,Symptom Logger,1.8,iOS
MM_1059,2024-10-23,2024-12-10 00:00:00,Period Tracker,10.8,iOS
MM_1059,2024-10-23,2024-10-23 00:00:00,Period Tracker,14.3,iOS
MM_1059,2024-10-23,2024-11-17 00:00:00,Health Articles,5.2,iOS
MM_1059,2024-10-23,2024-12-15 00:00:00,Symptom Logger,11.2,Android
MM_1059,2024-10-23,2024-12-06 00:00:00,Symptom Logger,7.9,iOS
MM_1060,2024-09-12,2024-10-19 00:00:00,Period Tracker,10.6,iOS
MM_1060,2024-09-12,2024-10-17 00:00:00,Health Articles,6.9,iOS
MM_1060,2024-09-12,2024-10-29 00:00:00,Period Tracker,14.8,iOS
MM_1060,2024-09-12,2024-10-26 00:00:00,Health Articles,6.9,iOS
MM_1060,2024-09-12,2024-11-01 00:00:00,Health Articles,3.7,Android
MM_1060,2024-09-12,2024-10-30 00:00:00,Symptom Logger,9.0,iOS
MM_1060,2024-09-12,2024-10-31 00:00:00,Community Forum,4.5,iOS
MM_1060,2024-09-12,2024-11-08 00:00:00,Community Forum,7.1,Android
MM_1060,2024-09-12,2024-10-12 00:00:00,Period Tracker,13.3,Android
MM_1060,2024-09-12,2024-10-19 00:00:00,Period Tracker,3.4,Android
MM_1060,2024-09-12,2024-11-01 00:00:00,Period Tracker,12.2,iOS
MM_1060,2024-09-12,2024-09-18 00:00:00,Period Tracker,425.0,iOS
MM_1060,2024-09-12,2024-09-29 00:00:00,Period Tracker,9.0,Android
MM_1061,2024-09-19,2024-10-05 00:00:00,Period Tracker,14.9,Android
MM_1061,2024-09-19,2024-10-04 00:00:00,Period Tracker,6.5,iOS
MM_1061,2024-09-19,2024-10-13 00:00:00,Period Tracker,8.6,Android
MM_1061,2024-09-19,2024-10-01 00:00:00,Health Articles,13.7,Android
MM_1061,2024-09-19,2024-10-19 00:00:00,Period Tracker,11.6,iOS
MM_1061,2024-09-19,2024-10-31 00:00:00,Period Tracker,12.1,iOS
MM_1062,2024-08-04,2024-09-02 00:00:00,Community Forum,8.5,Android
MM_1062,2024-08-04,2024-08-16 00:00:00,Community Forum,7.2,iOS
MM_1062,2024-08-04,2024-10-01 00:00:00,Period Tracker,3.9,iOS
MM_1062,2024-08-04,2024-08-13 00:00:00,Period Tracker,6.5,Android
MM_1062,2024-08-04,2024-09-14 00:00:00,Health Articles,4.8,Android
MM_1062,2024-08-04,2024-09-01 00:00:00,Health Articles,3.3,Android
MM_1062,2024-08-04,2024-08-09 00:00:00,Period Tracker,1.3,iOS
MM_1062,2024-08-04,2024-09-21 00:00:00,Period Tracker,1.6,Android
MM_1062,2024-08-04,2024-08-12 00:00:00,Period Tracker,2.8,Android
MM_1062,2024-08-04,2024-10-01 00:00:00,Period Tracker,11.5,Android
MM_1062,2024-08-04,2024-09-20 00:00:00,Period Tracker,6.1,Android
MM_1062,2024-08-04,2024-08-23 00:00:00,Period Tracker,7.1,Android
MM_1062,2024-08-04,2024-09-15 00:00:00,Community Forum,12.6,Android
MM_1062,2024-08-04,2024-09-18 00:00:00,Period Tracker,12.6,Android
MM_1063,2024-10-15,2024-11-06 00:00:00,Period Tracker,2.3,iOS
MM_1063,2024-10-15,2024-10-29 00:00:00,Period Tracker,5.9,Android
MM_1063,2024-10-15,2024-11-09 00:00:00,Health Articles,10.3,iOS
MM_1063,2024-10-15,2024-11-04 00:00:00,Period Tracker,6.1,Android
MM_1063,2024-10-15,2024-12-03 00:00:00,Period Tracker,12.9,iOS
MM_1064,2024-10-21,2024-11-29 00:00:00,Period Tracker,3.2,Android
MM_1065,2024-10-04,2024-11-28 00:00:00,Symptom Logger,11.5,Android
MM_1065,2024-10-04,2024-10-26 00:00:00,Symptom Logger,7.1,iOS
MM_1065,2024-10-04,2024-11-08 00:00:00,Community Forum,1.9,Android
MM_1065,2024-10-04,2024-11-13 00:00:00,Period Tracker,7.9,Android
MM_1065,2024-10-04,2024-10-31 00:00:00,Period Tracker,6.8,Android
MM_1065,2024-10-04,2024-12-01 00:00:00,Period Tracker,3.0,Android
MM_1065,2024-10-04,2024-11-14 00:00:00,Symptom Logger,14.5,Android
MM_1065,2024-10-04,2024-10-20 00:00:00,Health Articles,7.2,iOS
MM_1065,2024-10-04,2024-12-02 00:00:00,Period Tracker,12.6,Android
MM_1065,2024-10-04,2024-11-26 00:00:00,Period Tracker,14.5,Android
MM_1065,2024-10-04,2024-12-02 00:00:00,Symptom Logger,1.7,iOS
MM_1065,2024-10-04,2024-10-04 00:00:00,Community Forum,4.7,Android
MM_1065,2024-10-04,2024-11-19 00:00:00,Symptom Logger,14.1,Android
MM_1066,2024-09-08,2024-09-28 00:00:00,Symptom Logger,14.5,Android
MM_1066,2024-09-08,2024-09-12 00:00:00,Community Forum,6.7,iOS
MM_1066,2024-09-08,2024-10-05 00:00:00,Health Articles,5.2,Android
MM_1066,2024-09-08,2024-09-20 00:00:00,Health Articles,5.0,iOS
MM_1066,2024-09-08,2024-09-20 00:00:00,Period Tracker,2.9,iOS
MM_1066,2024-09-08,2024-09-20 00:00:00,Symptom Logger,3.4,iOS
MM_1066,2024-09-08,2024-10-14 00:00:00,Health Articles,,iOS
MM_1066,2024-09-08,2024-10-09 00:00:00,Period Tracker,12.4,Android
MM_1066,2024-09-08,2024-11-07 00:00:00,Period Tracker,14.1,Android
MM_1067,2024-08-28,2024-09-30 00:00:00,Symptom Logger,10.1,Android
MM_1067,2024-08-28,2024-10-05 00:00:00,Period Tracker,7.3,iOS
MM_1067,2024-08-28,2024-10-14 00:00:00,Community Forum,12.5,Android
MM_1067,2024-08-28,2024-10-24 00:00:00,Period Tracker,6.4,iOS
MM_1067,2024-08-28,2024-10-01 00:00:00,Community Forum,12.6,Android
MM_1067,2024-08-28,2024-10-21 00:00:00,Period Tracker,,iOS
MM_1067,2024-08-28,2024-08-31 00:00:00,Period Tracker,2.4,Android
MM_1067,2024-08-28,2024-08-31 00:00:00,Symptom Logger,11.5,Android
MM_1067,2024-08-28,2024-09-18 00:00:00,Period Tracker,10.1,Android
MM_1067,2024-08-28,2024-09-03 00:00:00,Period Tracker,3.8,iOS
MM_1067,2024-08-28,2024-09-11 00:00:00,Period Tracker,6.7,Android
MM_1068,2024-08-30,2024-09-06 00:00:00,Symptom Logger,4.0,Android
MM_1068,2024-08-30,2024-09-28 00:00:00,Period Tracker,13.0,iOS
MM_1068,2024-08-30,2024-09-01 00:00:00,Symptom Logger,5.8,Android
MM_1068,2024-08-30,2024-09-05 00:00:00,Period Tracker,7.7,iOS
MM_1068,2024-08-30,2024-10-04 00:00:00,Health Articles,4.1,iOS
MM_1068,2024-08-30,2024-09-17 00:00:00,Period Tracker,10.5,iOS
MM_1068,2024-08-30,2024-09-17 00:00:00,Community Forum,12.5,iOS
MM_1068,2024-08-30,2024-09-02 00:00:00,Community Forum,5.3,iOS
MM_1068,2024-08-30,2024-10-13 00:00:00,Community Forum,4.7,Android
MM_1068,2024-08-30,2024-10-05 00:00:00,Period Tracker,8.7,Android
MM_1068,2024-08-30,2024-08-31 00:00:00,Symptom Logger,6.5,iOS
MM_1068,2024-08-30,2024-10-20 00:00:00,Symptom Logger,8.7,Android
MM_1068,2024-08-30,2024-10-20 00:00:00,Period Tracker,13.8,Android
MM_1068,2024-08-30,2024-09-12 00:00:00,Symptom Logger,3.5,Android
MM_1069,2024-10-15,2024-10-28 00:00:00,Symptom Logger,6.5,Android
MM_1069,2024-10-15,2024-10-23 00:00:00,Period Tracker,7.5,Android
MM_1069,2024-10-15,2024-10-24 00:00:00,Symptom Logger,8.0,iOS
MM_1069,2024-10-15,2024-11-07 00:00:00,Health Articles,7.0,Android
MM_1069,2024-10-15,2024-11-30 00:00:00,Period Tracker,2.1,iOS
MM_1069,2024-10-15,2024-11-30 00:00:00,Period Tracker,5.1,Android
MM_1069,2024-10-15,2024-11-27 00:00:00,Community Forum,4.5,iOS
MM_1069,2024-10-15,2024-12-05 00:00:00,Community Forum,4.4,Android
MM_1070,2024-08-02,2024-09-29 00:00:00,Period Tracker,4.5,Android
MM_1070,2024-08-02,2024-09-01 00:00:00,Period Tracker,8.4,iOS
MM_1070,2024-08-02,2024-09-04 00:00:00,Period Tracker,8.8,iOS
MM_1070,2024-08-02,2024-09-01 00:00:00,Period Tracker,14.3,iOS
MM_1070,2024-08-02,2024-08-02 00:00:00,Health Articles,7.7,Android
MM_1070,2024-08-02,2024-08-10 00:00:00,Period Tracker,10.4,iOS
MM_1070,2024-08-02,2024-08-15 00:00:00,Period Tracker,6.5,iOS
MM_1070,2024-08-02,2024-08-13 00:00:00,Symptom Logger,10.6,iOS
MM_1070,2024-08-02,2024-09-30 00:00:00,Community Forum,11.9,Android
MM_1070,2024-08-02,2024-08-07 00:00:00,Symptom Logger,3.4,iOS
MM_1070,2024-08-02,2024-09-09 00:00:00,Period Tracker,7.3,iOS
MM_1071,2024-08-23,2024-09-21 00:00:00,Period Tracker,9.0,Android
MM_1071,2024-08-23,2024-10-21 00:00:00,Symptom Logger,2.8,Android
MM_1071,2024-08-23,2024-08-29 00:00:00,Health Articles,1.7,Android
MM_1071,2024-08-23,2024-09-11 00:00:00,Health Articles,1.7,iOS
MM_1071,2024-08-23,2024-09-19 00:00:00,Health Articles,9.3,Android
MM_1071,2024-08-23,2024-09-21 00:00:00,Period Tracker,2.2,Android
MM_1071,2024-08-23,2024-09-20 00:00:00,Community Forum,4.5,Android
MM_1071,2024-08-23,2024-08-26 00:00:00,Period Tracker,9.2,Android
MM_1071,2024-08-23,2024-10-11 00:00:00,Symptom Logger,13.4,iOS
MM_1071,2024-08-23,2024-09-07 00:00:00,Period Tracker,6.5,Android
MM_1072,2024-09-29,2024-10-20 00:00:00,Community Forum,14.5,iOS
MM_1072,2024-09-29,2024-11-08 00:00:00,Period Tracker,8.3,iOS
MM_1072,2024-09-29,2024-10-24 00:00:00,Period Tracker,6.6,Android
MM_1073,2024-10-01,2024-11-11 00:00:00,Symptom Logger,8.1,iOS
MM_1073,2024-10-01,2024-10-14 00:00:00,Period Tracker,9.2,iOS
MM_1073,2024-10-01,2024-11-28 00:00:00,Period Tracker,1.7,Android
MM_1073,2024-10-01,2024-10-06 00:00:00,Period Tracker,2.3,iOS
MM_1073,2024-10-01,2024-11-12 00:00:00,Health Articles,2.8,iOS
MM_1073,2024-10-01,2024-11-01 00:00:00,Period Tracker,3.5,Android
MM_1073,2024-10-01,2024-10-19 00:00:00,Period Tracker,13.8,iOS
MM_1073,2024-10-01,2024-11-26 00:00:00,Period Tracker,6.8,Android
MM_1073,2024-10-01,2024-11-21 00:00:00,Symptom Logger,8.3,Android
MM_1073,2024-10-01,2024-10-23 00:00:00,Health Articles,2.6,iOS
MM_1073,2024-10-01,2024-11-07 00:00:00,Community Forum,13.4,Android
MM_1074,2024-10-04,2024-10-18 00:00:00,Community Forum,10.2,iOS
MM_1074,2024-10-04,2024-11-09 00:00:00,Period Tracker,4.5,iOS
MM_1074,2024-10-04,2024-11-23 00:00:00,Period Tracker,14.7,iOS
MM_1074,2024-10-04,2024-10-04 00:00:00,Period Tracker,10.6,iOS
MM_1074,2024-10-04,2024-10-26 00:00:00,Period Tracker,7.7,iOS
MM_1074,2024-10-04,2024-11-04 00:00:00,Period Tracker,5.2,Android
MM_1074,2024-10-04,2024-11-20 00:00:00,Symptom Logger,12.4,Android
MM_1074,2024-10-04,2024-11-20 00:00:00,Community Forum,5.8,Android
MM_1074,2024-10-04,2024-11-11 00:00:00,Community Forum,10.4,Android
MM_1074,2024-10-04,2024-11-09 00:00:00,Period Tracker,13.0,Android
MM_1074,2024-10-04,2024-10-22 00:00:00,Period Tracker,1.2,Android
MM_1074,2024-10-04,2024-11-03 00:00:00,Symptom Logger,2.0,iOS
MM_1074,2024-10-04,2024-10-05 00:00:00,Period Tracker,12.6,Android
MM_1074,2024-10-04,2024-11-25 00:00:00,Community Forum,11.7,Android
MM_1074,2024-10-04,2024-10-28 00:00:00,Period Tracker,13.5,iOS
MM_1074,2024-10-04,2024-10-20 00:00:00,Period Tracker,6.2,iOS
MM_1074,2024-10-04,2024-10-18 00:00:00,Community Forum,10.4,Android
MM_1074,2024-10-04,2024-11-12 00:00:00,Period Tracker,7.7,Android
MM_1074,2024-10-04,2024-10-18 00:00:00,Symptom Logger,2.4,Android
MM_1074,2024-10-04,2024-10-04 00:00:00,Community Forum,7.6,Android
MM_1075,2024-10-24,2024-11-05 00:00:00,Symptom Logger,9.2,iOS
MM_1075,2024-10-24,2024-12-04 00:00:00,Period Tracker,10.8,Android
MM_1075,2024-10-24,2024-11-24 00:00:00,Period Tracker,12.2,Android
MM_1075,2024-10-24,2024-12-02 00:00:00,Period Tracker,8.1,iOS
MM_1075,2024-10-24,2024-11-20 00:00:00,Community Forum,10.0,Android
MM_1075,2024-10-24,2024-11-14 00:00:00,Period Tracker,2.9,Android
MM_1075,2024-10-24,2024-12-14 00:00:00,Symptom Logger,12.6,Android
MM_1075,2024-10-24,2024-11-29 00:00:00,Period Tracker,10.6,iOS
MM_1075,2024-10-24,2024-12-16 00:00:00,Symptom Logger,4.2,iOS
MM_1075,2024-10-24,2024-12-04 00:00:00,Period Tracker,8.1,iOS
MM_1075,2024-10-24,2024-12-11 00:00:00,Community Forum,7.6,Android
MM_1075,2024-10-24,2024-11-14 00:00:00,Period Tracker,8.1,iOS
MM_1075,2024-10-24,2024-10-30 00:00:00,Community Forum,14.9,iOS
MM_1075,2024-10-24,2024-11-23 00:00:00,Symptom Logger,10.1,iOS
MM_1075,2024-10-24,2024-11-18 00:00:00,Period Tracker,10.9,Android
MM_1075,2024-10-24,2024-12-10 00:00:00,Symptom Logger,8.4,Android
MM_1076,2024-08-19,2024-10-08 00:00:00,Symptom Logger,1.7,iOS
MM_1076,2024-08-19,2024-09-19 00:00:00,Community Forum,1.8,Android
MM_1076,2024-08-19,2024-10-18 00:00:00,Symptom Logger,10.7,Android
MM_1077,2024-09-05,2024-09-29 00:00:00,Community Forum,7.2,Android
MM_1077,2024-09-05,2024-10-14 00:00:00,Community Forum,1.7,iOS
MM_1077,2024-09-05,2024-10-19 00:00:00,Symptom Logger,2.1,Android
MM_1077,2024-09-05,2024-10-30 00:00:00,Symptom Logger,8.0,iOS
MM_1077,2024-09-05,2024-09-17 00:00:00,Symptom Logger,7.8,iOS
MM_1077,2024-09-05,2024-09-23 00:00:00,Period Tracker,1.1,iOS
MM_1077,2024-09-05,2024-10-14 00:00:00,Symptom Logger,7.0,iOS
MM_1077,2024-09-05,2024-10-25 00:00:00,Community Forum,6.1,Android
MM_1077,2024-09-05,2024-10-20 00:00:00,Period Tracker,5.3,Android
MM_1077,2024-09-05,2024-09-07 00:00:00,Community Forum,6.0,iOS
MM_1077,2024-09-05,2024-10-29 00:00:00,Period Tracker,2.4,Android
MM_1078,2024-09-02,2024-11-01 00:00:00,Period Tracker,4.7,iOS
MM_1078,2024-09-02,2024-10-26 00:00:00,Period Tracker,12.6,Android
MM_1078,2024-09-02,2024-10-25 00:00:00,Community Forum,1.6,iOS
MM_1078,2024-09-02,2024-09-25 00:00:00,Period Tracker,8.2,Android
MM_1078,2024-09-02,2024-09-11 00:00:00,Period Tracker,5.0,iOS
MM_1078,2024-09-02,2024-09-05 00:00:00,Health Articles,3.2,Android
MM_1078,2024-09-02,2024-09-04 00:00:00,Period Tracker,6.5,Android
MM_1078,2024-09-02,2024-09-02 00:00:00,Symptom Logger,9.4,iOS
MM_1078,2024-09-02,2024-10-13 00:00:00,Period Tracker,8.9,iOS
MM_1078,2024-09-02,2024-11-01 00:00:00,Period Tracker,14.4,iOS
MM_1078,2024-09-02,2024-10-24 00:00:00,Period Tracker,2.0,iOS
MM_1078,2024-09-02,2024-10-27 00:00:00,Period Tracker,10.2,Android
MM_1079,2024-09-26,2024-11-16 00:00:00,Period Tracker,10.2,Android
MM_1079,2024-09-26,2024-11-04 00:00:00,Period Tracker,10.6,Android
MM_1079,2024-09-26,2024-10-14 00:00:00,Health Articles,8.7,Android
MM_1079,2024-09-26,2024-10-15 00:00:00,Symptom Logger,6.8,Android
MM_1079,2024-09-26,2024-10-17 00:00:00,Period Tracker,10.4,Android
MM_1079,2024-09-26,2024-09-30 00:00:00,Symptom Logger,10.6,Android
MM_1079,2024-09-26,2024-10-10 00:00:00,Period Tracker,6.6,Android
MM_1079,2024-09-26,2024-11-18 00:00:00,Period Tracker,10.4,iOS
MM_1079,2024-09-26,2024-11-24 00:00:00,Period Tracker,15.0,iOS
MM_1079,2024-09-26,2024-10-16 00:00:00,Period Tracker,6.7,iOS
MM_1079,2024-09-26,2024-10-03 00:00:00,Period Tracker,7.3,Android
MM_1079,2024-09-26,2024-11-02 00:00:00,Period Tracker,5.7,iOS
MM_1079,2024-09-26,2024-10-14 00:00:00,Community Forum,4.1,iOS
MM_1079,2024-09-26,2024-10-30 00:00:00,Period Tracker,12.0,iOS
MM_1079,2024-09-26,2024-10-25 00:00:00,Period Tracker,1.7,Android
MM_1079,2024-09-26,2024-10-10 00:00:00,Period Tracker,7.7,Android
MM_1080,2024-09-16,2024-09-16 00:00:00,Community Forum,3.4,iOS
MM_1080,2024-09-16,2024-10-15 00:00:00,Period Tracker,5.1,Android
MM_1080,2024-09-16,2024-11-09 00:00:00,Period Tracker,14.6,iOS
MM_1081,2024-09-02,2024-09-07 00:00:00,Community Forum,,iOS
MM_1081,2024-09-02,2024-10-12 00:00:00,Period Tracker,14.1,Android
MM_1081,2024-09-02,2024-10-03 00:00:00,Period Tracker,12.7,iOS
MM_1081,2024-09-02,2024-10-03 00:00:00,Period Tracker,14.3,Android
MM_1081,2024-09-02,2024-10-27 00:00:00,Community Forum,10.2,iOS
MM_1081,2024-09-02,2024-09-17 00:00:00,Symptom Logger,14.1,iOS
MM_1081,2024-09-02,2024-09-03 00:00:00,Period Tracker,11.8,iOS
MM_1081,2024-09-02,2024-09-20 00:00:00,Period Tracker,6.1,iOS
MM_1081,2024-09-02,2024-10-11 00:00:00,Period Tracker,12.8,Android
MM_1081,2024-09-02,2024-09-20 00:00:00,Period Tracker,12.7,iOS
MM_1081,2024-09-02,2024-09-11 00:00:00,Period Tracker,11.8,Android
MM_1081,2024-09-02,2024-09-08 00:00:00,Period Tracker,12.9,Android
MM_1081,2024-09-02,2024-09-16 00:00:00,Symptom Logger,10.0,Android
MM_1081,2024-09-02,2024-10-20 00:00:00,Symptom Logger,8.0,Android
MM_1082,2024-10-02,2024-11-30 00:00:00,Period Tracker,12.0,Android
MM_1083,2024-08-24,2024-09-05 00:00:00,Period Tracker,3.0,iOS
MM_1083,2024-08-24,2024-10-21 00:00:00,Period Tracker,14.2,iOS
MM_1083,2024-08-24,2024-09-02 00:00:00,Community Forum,7.5,Android
MM_1083,2024-08-24,2024-09-23 00:00:00,Health Articles,3.2,iOS
MM_1083,2024-08-24,2024-09-23 00:00:00,Symptom Logger,11.3,iOS
MM_1084,2024-08-04,2024-08-09 00:00:00,Health Articles,1.4,Android
MM_1085,2024-10-02,2024-11-14 00:00:00,Period Tracker,3.4,Android
MM_1085,2024-10-02,2024-10-14 00:00:00,Period Tracker,,Android
MM_1085,2024-10-02,2024-11-17 00:00:00,Period Tracker,12.6,iOS
MM_1085,2024-10-02,2024-10-10 00:00:00,Period Tracker,6.7,Android
MM_1085,2024-10-02,2024-10-14 00:00:00,Symptom Logger,4.5,Android
MM_1085,2024-10-02,2024-11-01 00:00:00,Period Tracker,8.3,iOS
MM_1085,2024-10-02,2024-11-20 00:00:00,Symptom Logger,11.4,Android
MM_1085,2024-10-02,2024-10-22 00:00:00,Health Articles,8.9,Android
MM_1085,2024-10-02,2024-10-31 00:00:00,Community Forum,5.6,Android
MM_1085,2024-10-02,2024-11-20 00:00:00,Period Tracker,8.5,iOS
MM_1085,2024-10-02,2024-11-21 00:00:00,Period Tracker,1.1,iOS
MM_1085,2024-10-02,2024-10-27 00:00:00,Period Tracker,13.6,Android
MM_1085,2024-10-02,2024-10-11 00:00:00,Period Tracker,3.4,Android
MM_1086,2024-08-05,2024-09-09 00:00:00,Symptom Logger,2.1,Android
MM_1086,2024-08-05,2024-08-21 00:00:00,Symptom Logger,6.2,Android
MM_1086,2024-08-05,2024-09-29 00:00:00,Symptom Logger,14.6,Android
MM_1086,2024-08-05,2024-09-12 00:00:00,Period Tracker,13.8,iOS
MM_1086,2024-08-05,2024-08-20 00:00:00,Health Articles,11.5,iOS
MM_1086,2024-08-05,2024-09-08 00:00:00,Community Forum,7.5,Android
MM_1087,2024-10-12,2024-12-06 00:00:00,Period Tracker,6.6,Android
MM_1087,2024-10-12,2024-11-10 00:00:00,Symptom Logger,4.0,Android
MM_1087,2024-10-12,2024-12-10 00:00:00,Period Tracker,3.4,iOS
MM_1088,2024-08-20,2024-10-04 00:00:00,Period Tracker,8.7,iOS
MM_1088,2024-08-20,2024-09-19 00:00:00,Period Tracker,1.3,iOS
MM_1089,2024-10-04,2024-10-26 00:00:00,Period Tracker,10.7,iOS
MM_1089,2024-10-04,2024-11-14 00:00:00,Period Tracker,13.5,iOS
MM_1089,2024-10-04,2024-11-09 00:00:00,Period Tracker,9.8,iOS
MM_1089,2024-10-04,2024-10-06 00:00:00,Symptom Logger,9.0,Android
MM_1089,2024-10-04,2024-11-07 00:00:00,Period Tracker,4.0,iOS
MM_1089,2024-10-04,2024-11-30 00:00:00,Period Tracker,4.2,iOS
MM_1089,2024-10-04,2024-11-27 00:00:00,Period Tracker,6.5,Android
MM_1089,2024-10-04,2024-10-16 00:00:00,Period Tracker,9.8,iOS
MM_1089,2024-10-04,2024-10-20 00:00:00,Period Tracker,13.2,Android
MM_1089,2024-10-04,2024-11-13 00:00:00,Symptom Logger,8.2,iOS
MM_1089,2024-10-04,2024-10-19 00:00:00,Symptom Logger,12.7,iOS
MM_1089,2024-10-04,2024-11-26 00:00:00,Community Forum,6.4,iOS
MM_1090,2024-08-21,2024-10-18 00:00:00,Period Tracker,7.6,Android
MM_1090,2024-08-21,2024-09-01 00:00:00,Period Tracker,2.7,Android
MM_1090,2024-08-21,2024-09-30 00:00:00,Period Tracker,9.1,iOS
MM_1090,2024-08-21,2024-08-29 00:00:00,Period Tracker,6.0,iOS
MM_1090,2024-08-21,2024-10-20 00:00:00,Community Forum,12.9,Android
MM_1090,2024-08-21,2024-08-30 00:00:00,Period Tracker,2.1,Android
MM_1090,2024-08-21,2024-09-26 00:00:00,Community Forum,3.5,iOS
MM_1091,2024-08-31,2024-09-21 00:00:00,Period Tracker,8.6,iOS
MM_1092,2024-10-07,2024-11-25 00:00:00,Period Tracker,,Android
MM_1092,2024-10-07,2024-10-15 00:00:00,Period Tracker,12.4,Android
MM_1093,2024-08-17,2024-09-22 00:00:00,Community Forum,6.0,iOS
MM_1093,2024-08-17,2024-09-30 00:00:00,Period Tracker,7.3,Android
MM_1093,2024-08-17,2024-10-10 00:00:00,Community Forum,4.1,Android
MM_1093,2024-08-17,2024-09-20 00:00:00,Period Tracker,9.7,Android
MM_1093,2024-08-17,2024-09-01 00:00:00,Period Tracker,4.1,Android
MM_1093,2024-08-17,2024-09-06 00:00:00,Symptom Logger,13.9,Android
MM_1093,2024-08-17,2024-10-03 00:00:00,Period Tracker,8.1,Android
MM_1093,2024-08-17,2024-10-05 00:00:00,Period Tracker,14.6,iOS
MM_1093,2024-08-17,2024-10-07 00:00:00,Community Forum,5.9,iOS
MM_1093,2024-08-17,2024-10-04 00:00:00,Period Tracker,1.3,Android
MM_1093,2024-08-17,2024-10-05 00:00:00,Community Forum,11.8,iOS
MM_1093,2024-08-17,2024-09-28 00:00:00,Period Tracker,1.5,Android
MM_1093,2024-08-17,2024-08-21 00:00:00,Health Articles,14.4,iOS
MM_1093,2024-08-17,2024-09-11 00:00:00,Period Tracker,9.0,Android
MM_1093,2024-08-17,2024-09-13 00:00:00,Period Tracker,9.9,Android
MM_1094,2024-08-11,2024-08-19 00:00:00,Community Forum,9.5,iOS
MM_1094,2024-08-11,2024-10-08 00:00:00,Health Articles,4.9,iOS
MM_1094,2024-08-11,2024-10-04 00:00:00,Period Tracker,7.1,Android
MM_1094,2024-08-11,2024-08-25 00:00:00,Period Tracker,10.2,iOS
MM_1094,2024-08-11,2024-09-28 00:00:00,Period Tracker,11.9,Android
MM_1094,2024-08-11,2024-10-05 00:00:00,Health Articles,,Android
MM_1095,2024-08-07,2024-08-11 00:00:00,Health Articles,2.3,Android
MM_1095,2024-08-07,2024-09-19 00:00:00,Period Tracker,5.2,iOS
MM_1095,2024-08-07,2024-08-22 00:00:00,Period Tracker,5.2,Android
MM_1095,2024-08-07,2024-08-11 00:00:00,Community Forum,2.3,Android
MM_1095,2024-08-07,2024-09-10 00:00:00,Period Tracker,9.5,Android
MM_1095,2024-08-07,2024-09-14 00:00:00,Health Articles,5.7,Android
MM_1095,2024-08-07,2024-10-02 00:00:00,Period Tracker,5.0,iOS
MM_1095,2024-08-07,2024-08-17 00:00:00,Period Tracker,7.4,iOS
MM_1095,2024-08-07,2024-08-25 00:00:00,Health Articles,9.2,Android
MM_1095,2024-08-07,2024-08-26 00:00:00,Period Tracker,14.8,Android
MM_1095,2024-08-07,2024-08-10 00:00:00,Community Forum,7.0,iOS
MM_1095,2024-08-07,2024-10-02 00:00:00,Period Tracker,2.9,Android
MM_1096,2024-08-04,2024-08-15 00:00:00,Community Forum,10.6,iOS
MM_1096,2024-08-04,2024-08-11 00:00:00,Period Tracker,14.1,iOS
MM_1096,2024-08-04,2024-09-06 00:00:00,Community Forum,12.3,Android
MM_1096,2024-08-04,2024-09-30 00:00:00,Period Tracker,3.6,iOS
MM_1096,2024-08-04,2024-08-17 00:00:00,Community Forum,10.2,Android
MM_1096,2024-08-04,2024-08-16 00:00:00,Period Tracker,12.2,Android
MM_1096,2024-08-04,2024-08-13 00:00:00,Health Articles,12.8,iOS
MM_1096,2024-08-04,2024-10-01 00:00:00,Period Tracker,7.9,Android
MM_1096,2024-08-04,2024-09-12 00:00:00,Symptom Logger,9.7,iOS
MM_1096,2024-08-04,2024-09-10 00:00:00,Community Forum,14.2,Android
MM_1096,2024-08-04,2024-09-03 00:00:00,Symptom Logger,7.6,Android
MM_1097,2024-09-28,2024-10-13 00:00:00,Community Forum,4.6,iOS
MM_1097,2024-09-28,2024-10-08 00:00:00,Health Articles,1.1,Android
MM_1098,2024-08-02,2024-08-23 00:00:00,Period Tracker,1.2,Android
MM_1098,2024-08-02,2024-08-31 00:00:00,Period Tracker,2.8,Android
MM_1099,2024-08-14,2024-10-12 00:00:00,Community Forum,,Android
MM_1100,2024-09-07,2024-10-03 00:00:00,Symptom Logger,4.1,Android
MM_1101,2024-09-22,2024-11-03 00:00:00,Community Forum,12.4,Android
MM_1101,2024-09-22,2024-10-14 00:00:00,Community Forum,12.3,iOS
MM_1102,2024-08-28,2024-10-17 00:00:00,Period Tracker,14.8,Android
MM_1102,2024-08-28,2024-08-28 00:00:00,Community Forum,6.8,iOS
MM_1102,2024-08-28,2024-09-25 00:00:00,Period Tracker,5.0,iOS
MM_1102,2024-08-28,2024-09-28 00:00:00,Period Tracker,4.8,iOS
MM_1102,2024-08-28,2024-09-10 00:00:00,Period Tracker,9.8,iOS
MM_1102,2024-08-28,2024-10-07 00:00:00,Symptom Logger,8.4,iOS
MM_1102,2024-08-28,2024-09-13 00:00:00,Period Tracker,5.2,Android
MM_1103,2024-10-27,2024-12-16 00:00:00,Health Articles,8.9,iOS
MM_1104,2024-09-08,2024-10-24 00:00:00,Community Forum,14.4,iOS
MM_1104,2024-09-08,2024-11-01 00:00:00,Symptom Logger,11.6,Android
MM_1104,2024-09-08,2024-09-13 00:00:00,Period Tracker,7.5,Android
MM_1104,2024-09-08,2024-09-09 00:00:00,Health Articles,11.4,iOS
MM_1104,2024-09-08,2024-11-06 00:00:00,Period Tracker,7.1,iOS
MM_1104,2024-09-08,2024-09-11 00:00:00,Period Tracker,2.2,iOS
MM_1104,2024-09-08,2024-10-05 00:00:00,Period Tracker,4.3,iOS
MM_1104,2024-09-08,2024-11-06 00:00:00,Period Tracker,8.6,iOS
MM_1104,2024-09-08,2024-11-02 00:00:00,Symptom Logger,13.2,iOS
MM_1104,2024-09-08,2024-09-18 00:00:00,Health Articles,12.3,iOS
MM_1104,2024-09-08,2024-09-14 00:00:00,Period Tracker,12.7,Android
MM_1104,2024-09-08,2024-09-10 00:00:00,Health Articles,10.1,iOS
MM_1104,2024-09-08,2024-10-13 00:00:00,Period Tracker,11.0,Android
MM_1104,2024-09-08,2024-09-09 00:00:00,Period Tracker,8.5,iOS
MM_1104,2024-09-08,2024-10-08 00:00:00,Symptom Logger,6.9,Android
MM_1104,2024-09-08,2024-10-14 00:00:00,Period Tracker,11.3,Android
MM_1104,2024-09-08,2024-10-30 00:00:00,Community Forum,3.4,Android
MM_1104,2024-09-08,2024-11-06 00:00:00,Period Tracker,3.4,Android
MM_1105,2024-10-15,2024-12-03 00:00:00,Period Tracker,3.9,Android
MM_1105,2024-10-15,2024-11-28 00:00:00,Period Tracker,11.7,Android
MM_1105,2024-10-15,2024-10-28 00:00:00,Symptom Logger,1.3,iOS
MM_1105,2024-10-15,2024-11-02 00:00:00,Symptom Logger,6.1,iOS
MM_1105,2024-10-15,2024-11-12 00:00:00,Period Tracker,12.4,Android
MM_1105,2024-10-15,2024-11-27 00:00:00,Period Tracker,10.8,Android
MM_1105,2024-10-15,2024-12-02 00:00:00,Period Tracker,3.2,Android
MM_1105,2024-10-15,2024-12-05 00:00:00,Community Forum,6.6,Android
MM_1105,2024-10-15,2024-11-12 00:00:00,Period Tracker,5.2,iOS
MM_1106,2024-09-20,2024-09-30 00:00:00,Community Forum,11.5,Android
MM_1106,2024-09-20,2024-11-12 00:00:00,Symptom Logger,13.2,Android
MM_1106,2024-09-20,2024-10-01 00:00:00,Community Forum,9.6,Android
MM_1106,2024-09-20,2024-10-20 00:00:00,Health Articles,3.3,iOS
MM_1106,2024-09-20,2024-10-19 00:00:00,Period Tracker,12.6,iOS
MM_1107,2024-10-10,2024-11-02 00:00:00,Symptom Logger,13.3,iOS
MM_1107,2024-10-10,2024-12-06 00:00:00,Symptom Logger,7.0,iOS
MM_1108,2024-08-18,2024-08-21 00:00:00,Period Tracker,4.9,iOS
MM_1108,2024-08-18,2024-09-27 00:00:00,Period Tracker,6.5,Android
MM_1108,2024-08-18,2024-10-17 00:00:00,Period Tracker,13.8,iOS
MM_1108,2024-08-18,2024-09-07 00:00:00,Period Tracker,11.0,Android
MM_1108,2024-08-18,2024-09-19 00:00:00,Symptom Logger,6.9,Android
MM_1108,2024-08-18,2024-10-04 00:00:00,Period Tracker,10.7,Android
MM_1108,2024-08-18,2024-09-05 00:00:00,Period Tracker,10.9,Android
MM_1108,2024-08-18,2024-09-11 00:00:00,Period Tracker,4.5,Android
MM_1108,2024-08-18,2024-09-01 00:00:00,Period Tracker,2.7,iOS
MM_1108,2024-08-18,2024-09-27 00:00:00,Period Tracker,2.6,iOS
MM_1108,2024-08-18,2024-10-01 00:00:00,Period Tracker,3.9,Android
MM_1108,2024-08-18,2024-09-14 00:00:00,Period Tracker,8.5,Android
MM_1108,2024-08-18,2024-09-08 00:00:00,Period Tracker,10.6,iOS
MM_1108,2024-08-18,2024-08-19 00:00:00,Period Tracker,12.0,iOS
MM_1108,2024-08-18,2024-08-26 00:00:00,Period Tracker,3.6,iOS
MM_1108,2024-08-18,2024-10-06 00:00:00,Period Tracker,4.7,iOS
MM_1109,2024-09-04,2024-09-20 00:00:00,Period Tracker,4.5,Android
MM_1109,2024-09-04,2024-09-07 00:00:00,Period Tracker,3.3,Android
MM_1109,2024-09-04,2024-09-28 00:00:00,Period Tracker,13.6,Android
MM_1109,2024-09-04,2024-09-22 00:00:00,Symptom Logger,11.0,iOS
MM_1109,2024-09-04,2024-10-10 00:00:00,Period Tracker,2.7,iOS
MM_1109,2024-09-04,2024-09-25 00:00:00,Period Tracker,11.0,Android
MM_1109,2024-09-04,2024-10-08 00:00:00,Period Tracker,14.8,iOS
MM_1109,2024-09-04,2024-09-19 00:00:00,Community Forum,2.9,iOS
MM_1109,2024-09-04,2024-10-03 00:00:00,Symptom Logger,14.5,Android
MM_1109,2024-09-04,2024-09-15 00:00:00,Symptom Logger,11.7,iOS
MM_1109,2024-09-04,2024-09-21 00:00:00,Community Forum,9.9,iOS
MM_1109,2024-09-04,2024-10-28 00:00:00,Symptom Logger,3.0,iOS
MM_1109,2024-09-04,2024-10-28 00:00:00,Period Tracker,12.7,Android
MM_1109,2024-09-04,2024-09-11 00:00:00,Community Forum,5.6,iOS
MM_1109,2024-09-04,2024-10-10 00:00:00,Period Tracker,8.9,iOS
MM_1109,2024-09-04,2024-09-12 00:00:00,Symptom Logger,13.0,iOS
MM_1109,2024-09-04,2024-09-24 00:00:00,Health Articles,11.5,iOS
MM_1109,2024-09-04,2024-10-19 00:00:00,Community Forum,1.3,Android
MM_1109,2024-09-04,2024-10-10 00:00:00,Period Tracker,12.1,iOS
MM_1109,2024-09-04,2024-09-19 00:00:00,Period Tracker,6.9,iOS
MM_1110,2024-08-20,2024-09-19 00:00:00,Period Tracker,8.1,Android
MM_1110,2024-08-20,2024-10-07 00:00:00,Period Tracker,2.0,iOS
MM_1110,2024-08-20,2024-09-11 00:00:00,Symptom Logger,5.9,iOS
MM_1110,2024-08-20,2024-08-22 00:00:00,Community Forum,2.6,iOS
MM_1110,2024-08-20,2024-09-26 00:00:00,Period Tracker,9.8,Android
MM_1110,2024-08-20,2024-09-03 00:00:00,Symptom Logger,10.5,iOS
MM_1110,2024-08-20,2024-09-01 00:00:00,Period Tracker,425.0,Android
MM_1110,2024-08-20,2024-10-14 00:00:00,Health Articles,10.8,iOS
MM_1111,2024-10-03,2024-10-31 00:00:00,Period Tracker,12.0,iOS
MM_1111,2024-10-03,2024-11-01 00:00:00,Community Forum,1.5,iOS
MM_1112,2024-10-02,2024-10-08 00:00:00,Period Tracker,14.2,iOS
MM_1112,2024-10-02,2024-10-03 00:00:00,Period Tracker,12.5,Android
MM_1112,2024-10-02,2024-11-11 00:00:00,Period Tracker,5.8,Android
MM_1112,2024-10-02,2024-10-02 00:00:00,Period Tracker,10.4,Android
MM_1112,2024-10-02,2024-10-24 00:00:00,Period Tracker,11.5,Android
MM_1112,2024-10-02,2024-11-30 00:00:00,Period Tracker,12.0,iOS
MM_1112,2024-10-02,2024-10-27 00:00:00,Period Tracker,12.9,Android
MM_1112,2024-10-02,2024-11-15 00:00:00,Period Tracker,2.1,iOS
MM_1112,2024-10-02,2024-11-12 00:00:00,Community Forum,,Android
MM_1112,2024-10-02,2024-10-15 00:00:00,Community Forum,1.9,iOS
MM_1112,2024-10-02,2024-11-17 00:00:00,Health Articles,5.5,Android
MM_1112,2024-10-02,2024-10-20 00:00:00,Period Tracker,5.9,iOS
MM_1113,2024-08-13,2024-10-06 00:00:00,Health Articles,11.0,Android
MM_1114,2024-10-20,2024-11-02 00:00:00,Symptom Logger,2.2,Android
MM_1115,2024-08-04,2024-09-24 00:00:00,Health Articles,4.7,iOS
MM_1115,2024-08-04,2024-08-27 00:00:00,Period Tracker,12.6,iOS
MM_1115,2024-08-04,2024-09-15 00:00:00,Symptom Logger,2.4,iOS
MM_1115,2024-08-04,2024-08-31 00:00:00,Symptom Logger,1.1,iOS
MM_1115,2024-08-04,2024-09-29 00:00:00,Community Forum,12.3,iOS
MM_1115,2024-08-04,2024-08-04 00:00:00,Symptom Logger,14.8,iOS
MM_1115,2024-08-04,2024-09-15 00:00:00,Period Tracker,9.4,Android
MM_1115,2024-08-04,2024-09-04 00:00:00,Period Tracker,6.9,iOS
MM_1115,2024-08-04,2024-09-03 00:00:00,Period Tracker,12.1,iOS
MM_1115,2024-08-04,2024-08-31 00:00:00,Period Tracker,10.9,Android
MM_1115,2024-08-04,2024-08-13 00:00:00,Period Tracker,5.8,iOS
MM_1115,2024-08-04,2024-09-20 00:00:00,Symptom Logger,3.5,iOS
MM_1115,2024-08-04,2024-08-26 00:00:00,Health Articles,12.1,Android
MM_1115,2024-08-04,2024-09-19 00:00:00,Period Tracker,10.1,iOS
MM_1115,2024-08-04,2024-08-23 00:00:00,Period Tracker,1.4,iOS
MM_1115,2024-08-04,2024-09-29 00:00:00,Period Tracker,6.6,Android
MM_1115,2024-08-04,2024-08-13 00:00:00,Period Tracker,11.0,Android
MM_1115,2024-08-04,2024-08-14 00:00:00,Symptom Logger,12.6,Android
MM_1115,2024-08-04,2024-09-05 00:00:00,Health Articles,1.0,iOS
MM_1116,2024-08-07,2024-08-08 00:00:00,Symptom Logger,3.8,iOS
MM_1116,2024-08-07,2024-08-25 00:00:00,Health Articles,9.9,Android
MM_1116,2024-08-07,2024-08-27 00:00:00,Health Articles,7.8,Android
MM_1116,2024-08-07,2024-09-03 00:00:00,Period Tracker,11.6,iOS
MM_1116,2024-08-07,2024-08-19 00:00:00,Symptom Logger,11.7,iOS
MM_1116,2024-08-07,2024-09-03 00:00:00,Community Forum,11.5,Android
MM_1116,2024-08-07,2024-09-09 00:00:00,Period Tracker,4.9,Android
MM_1116,2024-08-07,2024-09-23 00:00:00,Health Articles,9.9,iOS
MM_1116,2024-08-07,2024-08-10 00:00:00,Period Tracker,6.5,Android
MM_1116,2024-08-07,2024-08-16 00:00:00,Health Articles,4.7,Android
MM_1116,2024-08-07,2024-09-20 00:00:00,Period Tracker,9.3,iOS
MM_1116,2024-08-07,2024-09-27 00:00:00,Period Tracker,10.5,Android
MM_1117,2024-09-23,2024-10-20 00:00:00,Symptom Logger,5.0,iOS
MM_1117,2024-09-23,2024-10-04 00:00:00,Symptom Logger,13.0,iOS
MM_1117,2024-09-23,2024-11-06 00:00:00,Community Forum,15.0,iOS
MM_1118,2024-10-27,2024-11-25 00:00:00,Period Tracker,12.7,Android
MM_1119,2024-10-16,2024-11-06 00:00:00,Period Tracker,8.4,iOS
MM_1119,2024-10-16,2024-11-04 00:00:00,Period Tracker,5.2,iOS
MM_1120,2024-08-30,2024-10-06 00:00:00,Community Forum,1.3,iOS
MM_1120,2024-08-30,2024-09-29 00:00:00,Period Tracker,9.5,iOS
MM_1120,2024-08-30,2024-09-02 00:00:00,Symptom Logger,2.4,iOS
MM_1120,2024-08-30,2024-10-26 00:00:00,Community Forum,3.2,Android
MM_1120,2024-08-30,2024-09-11 00:00:00,Symptom Logger,6.8,iOS
MM_1120,2024-08-30,2024-10-01 00:00:00,Community Forum,12.7,iOS
MM_1120,2024-08-30,2024-09-30 00:00:00,Period Tracker,8.4,iOS
MM_1120,2024-08-30,2024-10-08 00:00:00,Community Forum,9.3,iOS
MM_1120,2024-08-30,2024-10-10 00:00:00,Period Tracker,425.0,iOS
MM_1120,2024-08-30,2024-10-22 00:00:00,Symptom Logger,3.2,Android
MM_1120,2024-08-30,2024-10-06 00:00:00,Health Articles,10.1,Android
MM_1120,2024-08-30,2024-10-12 00:00:00,Symptom Logger,2.3,Android
MM_1120,2024-08-30,2024-10-11 00:00:00,Symptom Logger,1.6,Android
MM_1120,2024-08-30,2024-09-08 00:00:00,Community Forum,10.8,iOS
MM_1121,2024-10-09,2024-11-18 00:00:00,Period Tracker,14.8,iOS
MM_1121,2024-10-09,2024-11-08 00:00:00,Period Tracker,2.0,Android
MM_1121,2024-10-09,2024-10-23 00:00:00,Symptom Logger,8.3,Android
MM_1121,2024-10-09,2024-11-13 00:00:00,Period Tracker,10.1,Android
MM_1121,2024-10-09,2024-11-17 00:00:00,Symptom Logger,14.7,iOS
MM_1121,2024-10-09,2024-10-12 00:00:00,Health Articles,6.4,Android
MM_1121,2024-10-09,2024-10-14 00:00:00,Period Tracker,1.4,Android
MM_1121,2024-10-09,2024-10-25 00:00:00,Period Tracker,12.5,iOS
MM_1121,2024-10-09,2024-11-05 00:00:00,Period Tracker,12.1,Android
MM_1122,2024-10-30,2024-11-10 00:00:00,Period Tracker,6.1,iOS
MM_1122,2024-10-30,2024-12-07 00:00:00,Period Tracker,5.8,Android
MM_1123,2024-10-21,2024-11-26 00:00:00,Period Tracker,7.0,iOS
MM_1124,2024-08-22,2024-08-29 00:00:00,Community Forum,3.4,Android
MM_1124,2024-08-22,2024-09-09 00:00:00,Symptom Logger,4.5,iOS
MM_1124,2024-08-22,2024-09-11 00:00:00,Period Tracker,13.2,iOS
MM_1125,2024-09-04,2024-09-07 00:00:00,Period Tracker,11.2,Android
MM_1126,2024-10-10,2024-10-29 00:00:00,Period Tracker,8.7,Android
MM_1126,2024-10-10,2024-11-21 00:00:00,Community Forum,8.0,iOS
MM_1127,2024-08-28,2024-10-04 00:00:00,Symptom Logger,1.0,Android
MM_1127,2024-08-28,2024-10-17 00:00:00,Period Tracker,14.8,Android
MM_1127,2024-08-28,2024-09-03 00:00:00,Period Tracker,6.3,iOS
MM_1128,2024-09-10,2024-10-10 00:00:00,Community Forum,7.6,Android
MM_1128,2024-09-10,2024-09-25 00:00:00,Period Tracker,5.1,Android
MM_1128,2024-09-10,2024-09-30 00:00:00,Period Tracker,7.1,Android
MM_1128,2024-09-10,2024-10-21 00:00:00,Period Tracker,6.7,iOS
MM_1128,2024-09-10,2024-09-23 00:00:00,Period Tracker,3.6,Android
MM_1128,2024-09-10,2024-10-24 00:00:00,Health Articles,11.1,iOS
MM_1128,2024-09-10,2024-11-03 00:00:00,Period Tracker,3.5,iOS
MM_1128,2024-09-10,2024-09-11 00:00:00,Community Forum,5.6,Android
MM_1128,2024-09-10,2024-09-16 00:00:00,Period Tracker,4.7,Android
MM_1128,2024-09-10,2024-09-19 00:00:00,Symptom Logger,2.4,iOS
MM_1128,2024-09-10,2024-09-17 00:00:00,Symptom Logger,5.8,Android
MM_1128,2024-09-10,2024-10-10 00:00:00,Symptom Logger,3.6,Android
MM_1128,2024-09-10,2024-10-01 00:00:00,Period Tracker,8.4,Android
MM_1128,2024-09-10,2024-11-09 00:00:00,Period Tracker,2.0,iOS
MM_1128,2024-09-10,2024-10-10 00:00:00,Symptom Logger,5.8,Android
MM_1128,2024-09-10,2024-10-11 00:00:00,Symptom Logger,7.0,Android
MM_1128,2024-09-10,2024-10-13 00:00:00,Period Tracker,1.6,iOS
MM_1129,2024-10-09,2024-10-30 00:00:00,Period Tracker,13.8,iOS
MM_1129,2024-10-09,2024-10-25 00:00:00,Period Tracker,14.6,Android
MM_1129,2024-10-09,2024-11-14 00:00:00,Health Articles,1.4,iOS
MM_1129,2024-10-09,2024-10-22 00:00:00,Period Tracker,12.5,iOS
MM_1129,2024-10-09,2024-11-16 00:00:00,Period Tracker,2.0,Android
MM_1129,2024-10-09,2024-10-15 00:00:00,Period Tracker,11.4,Android
MM_1129,2024-10-09,2024-11-21 00:00:00,Symptom Logger,3.5,Android
MM_1129,2024-10-09,2024-12-05 00:00:00,Symptom Logger,10.1,Android
MM_1129,2024-10-09,2024-10-13 00:00:00,Symptom Logger,4.6,Android
MM_1129,2024-10-09,2024-10-30 00:00:00,Period Tracker,7.3,Android
MM_1129,2024-10-09,2024-10-18 00:00:00,Period Tracker,6.1,iOS
MM_1130,2024-09-14,2024-11-11 00:00:00,Community Forum,2.6,iOS
MM_1130,2024-09-14,2024-10-10 00:00:00,Period Tracker,5.6,iOS
MM_1130,2024-09-14,2024-09-14 00:00:00,Symptom Logger,8.2,Android
MM_1130,2024-09-14,2024-10-26 00:00:00,Community Forum,2.4,Android
MM_1130,2024-09-14,2024-10-27 00:00:00,Health Articles,9.6,iOS
MM_1130,2024-09-14,2024-09-21 00:00:00,Period Tracker,1.4,iOS
MM_1130,2024-09-14,2024-10-04 00:00:00,Symptom Logger,11.9,iOS
MM_1130,2024-09-14,2024-09-22 00:00:00,Period Tracker,13.2,iOS
MM_1130,2024-09-14,2024-10-30 00:00:00,Period Tracker,7.7,iOS
MM_1130,2024-09-14,2024-09-27 00:00:00,Period Tracker,2.0,iOS
MM_1131,2024-09-21,2024-11-05 00:00:00,Community Forum,6.9,iOS
MM_1131,2024-09-21,2024-11-15 00:00:00,Period Tracker,3.5,Android
MM_1131,2024-09-21,2024-10-16 00:00:00,Symptom Logger,5.8,iOS
MM_1131,2024-09-21,2024-10-02 00:00:00,Health Articles,12.1,Android
MM_1131,2024-09-21,2024-11-08 00:00:00,Symptom Logger,3.3,iOS
MM_1131,2024-09-21,2024-10-29 00:00:00,Period Tracker,9.0,Android
MM_1131,2024-09-21,2024-09-23 00:00:00,Community Forum,11.7,iOS
MM_1131,2024-09-21,2024-10-20 00:00:00,Symptom Logger,6.8,Android
MM_1131,2024-09-21,2024-09-26 00:00:00,Symptom Logger,7.1,Android
MM_1132,2024-09-16,2024-11-05 00:00:00,Health Articles,11.9,iOS
MM_1132,2024-09-16,2024-09-27 00:00:00,Health Articles,14.4,Android
MM_1132,2024-09-16,2024-11-12 00:00:00,Period Tracker,8.0,Android
MM_1132,2024-09-16,2024-09-29 00:00:00,Period Tracker,4.4,Android
MM_1132,2024-09-16,2024-10-13 00:00:00,Period Tracker,1.0,iOS
MM_1132,2024-09-16,2024-11-02 00:00:00,Health Articles,5.1,iOS
MM_1132,2024-09-16,2024-10-19 00:00:00,Community Forum,13.9,iOS
MM_1132,2024-09-16,2024-10-06 00:00:00,Period Tracker,10.9,iOS
MM_1133,2024-09-06,2024-09-30 00:00:00,Community Forum,9.6,iOS
MM_1133,2024-09-06,2024-10-05 00:00:00,Period Tracker,1.9,Android
MM_1133,2024-09-06,2024-09-25 00:00:00,Period Tracker,4.6,iOS
MM_1133,2024-09-06,2024-10-31 00:00:00,Symptom Logger,3.5,iOS
MM_1133,2024-09-06,2024-10-12 00:00:00,Period Tracker,10.0,iOS
MM_1133,2024-09-06,2024-09-14 00:00:00,Period Tracker,3.9,Android
MM_1133,2024-09-06,2024-10-27 00:00:00,Health Articles,14.0,Android
MM_1133,2024-09-06,2024-11-05 00:00:00,Period Tracker,,Android
MM_1133,2024-09-06,2024-09-23 00:00:00,Period Tracker,12.1,iOS
MM_1133,2024-09-06,2024-10-31 00:00:00,Period Tracker,10.8,Android
MM_1133,2024-09-06,2024-09-27 00:00:00,Period Tracker,2.4,Android
MM_1133,2024-09-06,2024-10-15 00:00:00,Period Tracker,8.6,iOS
MM_1133,2024-09-06,2024-10-10 00:00:00,Period Tracker,5.5,iOS
MM_1133,2024-09-06,2024-10-27 00:00:00,Period Tracker,4.4,Android
MM_1134,2024-10-08,2024-10-13 00:00:00,Period Tracker,5.7,iOS
MM_1134,2024-10-08,2024-10-23 00:00:00,Period Tracker,6.9,Android
MM_1134,2024-10-08,2024-10-20 00:00:00,Symptom Logger,13.7,iOS
MM_1134,2024-10-08,2024-10-17 00:00:00,Symptom Logger,5.0,Android
MM_1134,2024-10-08,2024-10-24 00:00:00,Period Tracker,4.0,iOS
MM_1134,2024-10-08,2024-12-02 00:00:00,Health Articles,10.1,Android
MM_1134,2024-10-08,2024-10-24 00:00:00,Period Tracker,3.8,iOS
MM_1134,2024-10-08,2024-11-01 00:00:00,Community Forum,14.7,iOS
MM_1134,2024-10-08,2024-11-19 00:00:00,Period Tracker,5.5,Android
MM_1134,2024-10-08,2024-11-07 00:00:00,Period Tracker,12.4,iOS
MM_1134,2024-10-08,2024-10-24 00:00:00,Period Tracker,6.0,iOS
MM_1134,2024-10-08,2024-10-27 00:00:00,Health Articles,10.7,Android
MM_1134,2024-10-08,2024-12-03 00:00:00,Period Tracker,5.7,iOS
MM_1134,2024-10-08,2024-10-20 00:00:00,Symptom Logger,14.7,iOS
MM_1134,2024-10-08,2024-12-05 00:00:00,Community Forum,5.0,iOS
MM_1134,2024-10-08,2024-11-26 00:00:00,Community Forum,,Android
MM_1134,2024-10-08,2024-10-13 00:00:00,Health Articles,12.7,iOS
MM_1135,2024-08-14,2024-09-15 00:00:00,Symptom Logger,14.1,iOS
MM_1135,2024-08-14,2024-09-12 00:00:00,Period Tracker,4.1,Android
MM_1135,2024-08-14,2024-08-15 00:00:00,Period Tracker,6.8,iOS
MM_1135,2024-08-14,2024-10-05 00:00:00,Period Tracker,13.5,iOS
MM_1135,2024-08-14,2024-09-14 00:00:00,Period Tracker,11.2,Android
MM_1135,2024-08-14,2024-08-30 00:00:00,Period Tracker,8.2,Android
MM_1135,2024-08-14,2024-08-30 00:00:00,Period Tracker,5.1,iOS
MM_1135,2024-08-14,2024-08-17 00:00:00,Period Tracker,3.3,Android
MM_1136,2024-10-01,2024-11-20 00:00:00,Period Tracker,3.9,iOS
MM_1136,2024-10-01,2024-10-22 00:00:00,Period Tracker,9.5,iOS
MM_1136,2024-10-01,2024-11-15 00:00:00,Symptom Logger,3.2,Android
MM_1137,2024-08-03,2024-08-28 00:00:00,Symptom Logger,13.9,Android
MM_1137,2024-08-03,2024-08-22 00:00:00,Symptom Logger,12.0,iOS
MM_1138,2024-08-14,2024-08-30 00:00:00,Community Forum,3.6,iOS
MM_1138,2024-08-14,2024-08-22 00:00:00,Period Tracker,13.9,Android
MM_1139,2024-08-18,2024-08-22 00:00:00,Symptom Logger,7.1,Android
MM_1139,2024-08-18,2024-09-01 00:00:00,Period Tracker,1.5,Android
MM_1139,2024-08-18,2024-09-23 00:00:00,Period Tracker,5.5,Android
MM_1139,2024-08-18,2024-09-04 00:00:00,Period Tracker,10.0,Android
MM_1139,2024-08-18,2024-09-26 00:00:00,Period Tracker,9.8,Android
MM_1139,2024-08-18,2024-09-13 00:00:00,Community Forum,5.1,Android
MM_1139,2024-08-18,2024-10-06 00:00:00,Period Tracker,12.6,Android
MM_1139,2024-08-18,2024-09-21 00:00:00,Community Forum,4.5,Android
MM_1139,2024-08-18,2024-09-07 00:00:00,Period Tracker,9.6,iOS
MM_1139,2024-08-18,2024-10-13 00:00:00,Community Forum,6.3,Android
MM_1139,2024-08-18,2024-08-23 00:00:00,Health Articles,7.2,Android
MM_1139,2024-08-18,2024-09-19 00:00:00,Period Tracker,13.7,Android
MM_1139,2024-08-18,2024-09-30 00:00:00,Symptom Logger,2.6,Android
MM_1139,2024-08-18,2024-09-18 00:00:00,Community Forum,6.4,Android
MM_1139,2024-08-18,2024-08-20 00:00:00,Period Tracker,3.5,iOS
MM_1139,2024-08-18,2024-08-22 00:00:00,Period Tracker,11.2,Android
MM_1139,2024-08-18,2024-08-28 00:00:00,Health Articles,9.3,Android
MM_1139,2024-08-18,2024-10-06 00:00:00,Symptom Logger,10.2,Android
MM_1139,2024-08-18,2024-10-06 00:00:00,Period Tracker,6.4,Android
MM_1140,2024-09-03,2024-09-21 00:00:00,Period Tracker,8.3,iOS
MM_1140,2024-09-03,2024-10-02 00:00:00,Period Tracker,2.5,iOS
MM_1140,2024-09-03,2024-09-19 00:00:00,Health Articles,7.1,Android
MM_1140,2024-09-03,2024-10-27 00:00:00,Health Articles,3.5,iOS
MM_1140,2024-09-03,2024-10-26 00:00:00,Health Articles,13.1,iOS
MM_1140,2024-09-03,2024-09-23 00:00:00,Health Articles,4.8,Android
MM_1140,2024-09-03,2024-09-27 00:00:00,Period Tracker,13.6,iOS
MM_1140,2024-09-03,2024-09-07 00:00:00,Health Articles,12.1,Android
MM_1140,2024-09-03,2024-10-27 00:00:00,Period Tracker,1.6,Android
MM_1140,2024-09-03,2024-10-27 00:00:00,Period Tracker,9.0,Android
MM_1141,2024-08-07,2024-09-03 00:00:00,Period Tracker,14.5,iOS
MM_1141,2024-08-07,2024-09-17 00:00:00,Period Tracker,5.5,Android
MM_1141,2024-08-07,2024-08-07 00:00:00,Period Tracker,12.8,iOS
MM_1141,2024-08-07,2024-08-13 00:00:00,Health Articles,4.7,Android
MM_1141,2024-08-07,2024-08-24 00:00:00,Symptom Logger,6.5,iOS
MM_1141,2024-08-07,2024-09-01 00:00:00,Period Tracker,7.3,iOS
MM_1141,2024-08-07,2024-09-09 00:00:00,Period Tracker,8.2,Android
MM_1141,2024-08-07,2024-09-22 00:00:00,Period Tracker,14.9,iOS
MM_1141,2024-08-07,2024-09-23 00:00:00,Period Tracker,1.2,Android
MM_1141,2024-08-07,2024-09-04 00:00:00,Period Tracker,1.8,Android
MM_1141,2024-08-07,2024-09-07 00:00:00,Period Tracker,7.8,iOS
MM_1141,2024-08-07,2024-08-25 00:00:00,Period Tracker,12.1,iOS
MM_1141,2024-08-07,2024-09-30 00:00:00,Community Forum,3.8,Android
MM_1141,2024-08-07,2024-08-17 00:00:00,Period Tracker,6.2,iOS
MM_1141,2024-08-07,2024-09-12 00:00:00,Symptom Logger,7.3,Android
MM_1141,2024-08-07,2024-08-29 00:00:00,Period Tracker,1.3,Android
MM_1142,2024-10-15,2024-10-18 00:00:00,Period Tracker,7.5,iOS
MM_1142,2024-10-15,2024-10-17 00:00:00,Period Tracker,12.0,iOS
MM_1142,2024-10-15,2024-11-26 00:00:00,Period Tracker,12.9,Android
MM_1143,2024-08-31,2024-10-01 00:00:00,Period Tracker,13.2,Android
MM_1143,2024-08-31,2024-10-01 00:00:00,Symptom Logger,3.9,Android
MM_1143,2024-08-31,2024-09-10 00:00:00,Community Forum,5.5,Android
MM_1143,2024-08-31,2024-09-08 00:00:00,Community Forum,9.5,iOS
MM_1143,2024-08-31,2024-09-03 00:00:00,Period Tracker,1.4,iOS
MM_1143,2024-08-31,2024-09-22 00:00:00,Health Articles,1.7,iOS
MM_1143,2024-08-31,2024-10-01 00:00:00,Health Articles,10.2,iOS
MM_1143,2024-08-31,2024-09-01 00:00:00,Period Tracker,14.5,Android
MM_1143,2024-08-31,2024-10-23 00:00:00,Health Articles,13.1,Android
MM_1143,2024-08-31,2024-09-16 00:00:00,Period Tracker,5.2,Android
MM_1143,2024-08-31,2024-09-15 00:00:00,Period Tracker,8.6,iOS
MM_1144,2024-08-29,2024-09-09 00:00:00,Health Articles,7.0,iOS
MM_1144,2024-08-29,2024-09-08 00:00:00,Symptom Logger,14.3,Android
MM_1144,2024-08-29,2024-09-29 00:00:00,Symptom Logger,11.0,Android
MM_1145,2024-09-18,2024-10-16 00:00:00,Symptom Logger,14.4,Android
MM_1146,2024-09-05,2024-10-25 00:00:00,Symptom Logger,13.8,iOS
MM_1146,2024-09-05,2024-10-31 00:00:00,Symptom Logger,4.3,iOS
MM_1146,2024-09-05,2024-09-28 00:00:00,Period Tracker,4.6,iOS
MM_1146,2024-09-05,2024-09-05 00:00:00,Symptom Logger,14.7,Android
MM_1146,2024-09-05,2024-11-01 00:00:00,Period Tracker,4.2,Android
MM_1146,2024-09-05,2024-10-27 00:00:00,Community Forum,5.2,Android
MM_1146,2024-09-05,2024-10-29 00:00:00,Period Tracker,8.8,Android
MM_1146,2024-09-05,2024-09-22 00:00:00,Symptom Logger,7.3,Android
MM_1147,2024-08-07,2024-09-24 00:00:00,Community Forum,8.5,iOS
MM_1147,2024-08-07,2024-08-24 00:00:00,Period Tracker,7.4,Android
MM_1147,2024-08-07,2024-09-22 00:00:00,Period Tracker,8.9,iOS
MM_1147,2024-08-07,2024-09-05 00:00:00,Period Tracker,14.8,iOS
MM_1147,2024-08-07,2024-09-19 00:00:00,Period Tracker,1.1,iOS
MM_1147,2024-08-07,2024-09-16 00:00:00,Symptom Logger,8.8,Android
MM_1147,2024-08-07,2024-08-25 00:00:00,Symptom Logger,13.7,Android
MM_1147,2024-08-07,2024-08-16 00:00:00,Period Tracker,10.7,iOS
MM_1147,2024-08-07,2024-08-07 00:00:00,Period Tracker,13.7,iOS
MM_1147,2024-08-07,2024-08-22 00:00:00,Period Tracker,1.0,iOS
MM_1147,2024-08-07,2024-09-22 00:00:00,Period Tracker,14.7,Android
MM_1147,2024-08-07,2024-09-27 00:00:00,Community Forum,7.4,iOS
MM_1147,2024-08-07,2024-09-01 00:00:00,Community Forum,5.8,Android
MM_1147,2024-08-07,2024-09-16 00:00:00,Period Tracker,11.5,iOS
MM_1147,2024-08-07,2024-10-02 00:00:00,Period Tracker,15.0,Android
MM_1147,2024-08-07,2024-08-28 00:00:00,Period Tracker,4.6,iOS
MM_1148,2024-08-12,2024-09-26 00:00:00,Symptom Logger,8.3,Android
MM_1148,2024-08-12,2024-09-29 00:00:00,Period Tracker,6.9,iOS
MM_1148,2024-08-12,2024-09-27 00:00:00,Period Tracker,14.7,iOS
MM_1148,2024-08-12,2024-09-11 00:00:00,Period Tracker,2.8,Android
MM_1148,2024-08-12,2024-08-30 00:00:00,Health Articles,6.6,Android
MM_1148,2024-08-12,2024-10-03 00:00:00,Symptom Logger,9.6,Android
MM_1148,2024-08-12,2024-08-13 00:00:00,Period Tracker,12.8,iOS
MM_1148,2024-08-12,2024-09-29 00:00:00,Symptom Logger,2.8,Android
MM_1148,2024-08-12,2024-08-27 00:00:00,Period Tracker,2.2,iOS
MM_1148,2024-08-12,2024-08-12 00:00:00,Period Tracker,10.3,Android
MM_1148,2024-08-12,2024-09-24 00:00:00,Period Tracker,11.3,Android
MM_1149,2024-10-23,2024-12-10 00:00:00,Health Articles,12.4,iOS
MM_1150,2024-08-21,2024-10-14 00:00:00,Period Tracker,10.6,iOS
MM_1150,2024-08-21,2024-10-07 00:00:00,Health Articles,5.8,Android
MM_1150,2024-08-21,2024-10-08 00:00:00,Period Tracker,5.6,iOS
MM_1150,2024-08-21,2024-10-08 00:00:00,Period Tracker,4.3,Android
MM_1150,2024-08-21,2024-10-09 00:00:00,Period Tracker,13.2,iOS
MM_1150,2024-08-21,2024-09-17 00:00:00,Health Articles,10.2,Android
MM_1150,2024-08-21,2024-10-01 00:00:00,Community Forum,4.9,Android
MM_1150,2024-08-21,2024-09-21 00:00:00,Symptom Logger,1.4,iOS
MM_1150,2024-08-21,2024-10-08 00:00:00,Period Tracker,12.3,Android
MM_1150,2024-08-21,2024-09-08 00:00:00,Period Tracker,6.3,Android
MM_1150,2024-08-21,2024-10-12 00:00:00,Community Forum,10.2,iOS
MM_1150,2024-08-21,2024-10-02 00:00:00,Symptom Logger,14.4,iOS
MM_1151,2024-10-21,2024-10-25 00:00:00,Period Tracker,12.9,iOS
MM_1151,2024-10-21,2024-11-07 00:00:00,Health Articles,3.9,iOS
MM_1151,2024-10-21,2024-11-29 00:00:00,Period Tracker,12.5,iOS
MM_1151,2024-10-21,2024-11-24 00:00:00,Community Forum,9.9,Android
MM_1151,2024-10-21,2024-12-02 00:00:00,Period Tracker,14.5,iOS
MM_1151,2024-10-21,2024-11-27 00:00:00,Health Articles,11.4,Android
MM_1151,2024-10-21,2024-12-14 00:00:00,Health Articles,10.2,iOS
MM_1151,2024-10-21,2024-12-13 00:00:00,Health Articles,14.2,iOS
MM_1151,2024-10-21,2024-11-09 00:00:00,Period Tracker,9.3,iOS
MM_1151,2024-10-21,2024-12-09 00:00:00,Period Tracker,4.5,Android
MM_1151,2024-10-21,2024-10-30 00:00:00,Community Forum,13.2,Android
MM_1151,2024-10-21,2024-10-29 00:00:00,Symptom Logger,8.4,Android
MM_1151,2024-10-21,2024-10-30 00:00:00,Period Tracker,11.7,iOS
MM_1151,2024-10-21,2024-12-17 00:00:00,Period Tracker,2.6,iOS
MM_1151,2024-10-21,2024-12-03 00:00:00,Period Tracker,9.5,Android
MM_1151,2024-10-21,2024-11-06 00:00:00,Period Tracker,11.2,Android
MM_1152,2024-08-28,2024-09-18 00:00:00,Period Tracker,12.1,Android
MM_1152,2024-08-28,2024-10-09 00:00:00,Symptom Logger,6.5,Android
MM_1152,2024-08-28,2024-09-18 00:00:00,Community Forum,1.7,iOS
MM_1153,2024-10-10,2024-11-11 00:00:00,Health Articles,12.8,iOS
MM_1153,2024-10-10,2024-12-06 00:00:00,Symptom Logger,13.9,iOS
MM_1153,2024-10-10,2024-10-31 00:00:00,Symptom Logger,3.2,iOS
MM_1154,2024-09-16,2024-10-01 00:00:00,Period Tracker,9.8,Android
MM_1154,2024-09-16,2024-11-10 00:00:00,Period Tracker,3.7,Android
MM_1154,2024-09-16,2024-09-27 00:00:00,Period Tracker,8.2,Android
MM_1154,2024-09-16,2024-10-07 00:00:00,Period Tracker,4.8,iOS
MM_1154,2024-09-16,2024-11-12 00:00:00,Period Tracker,4.4,Android
MM_1154,2024-09-16,2024-11-08 00:00:00,Period Tracker,9.2,iOS
MM_1154,2024-09-16,2024-10-18 00:00:00,Period Tracker,9.3,iOS
MM_1154,2024-09-16,2024-10-05 00:00:00,Community Forum,2.2,Android
MM_1154,2024-09-16,2024-10-09 00:00:00,Community Forum,14.8,Android
MM_1154,2024-09-16,2024-09-23 00:00:00,Health Articles,14.6,iOS
MM_1154,2024-09-16,2024-09-16 00:00:00,Health Articles,5.8,iOS
MM_1154,2024-09-16,2024-09-26 00:00:00,Period Tracker,10.7,Android
MM_1154,2024-09-16,2024-09-20 00:00:00,Health Articles,11.8,Android
MM_1154,2024-09-16,2024-10-25 00:00:00,Health Articles,6.6,iOS
MM_1154,2024-09-16,2024-09-18 00:00:00,Period Tracker,13.2,Android
MM_1155,2024-09-03,2024-10-11 00:00:00,Health Articles,9.0,Android
MM_1156,2024-08-28,2024-10-10 00:00:00,Period Tracker,12.9,Android
MM_1156,2024-08-28,2024-10-12 00:00:00,Period Tracker,11.3,iOS
MM_1156,2024-08-28,2024-09-11 00:00:00,Period Tracker,11.7,Android
MM_1156,2024-08-28,2024-09-06 00:00:00,Symptom Logger,11.6,iOS
MM_1156,2024-08-28,2024-09-07 00:00:00,Period Tracker,3.4,Android
MM_1156,2024-08-28,2024-09-19 00:00:00,Period Tracker,11.2,iOS
MM_1156,2024-08-28,2024-10-07 00:00:00,Period Tracker,10.4,Android
MM_1156,2024-08-28,2024-10-05 00:00:00,Period Tracker,7.2,Android
MM_1156,2024-08-28,2024-09-06 00:00:00,Symptom Logger,7.3,iOS
MM_1156,2024-08-28,2024-08-31 00:00:00,Period Tracker,9.2,iOS
MM_1156,2024-08-28,2024-10-20 00:00:00,Community Forum,12.4,Android
MM_1156,2024-08-28,2024-09-27 00:00:00,Symptom Logger,14.4,Android
MM_1157,2024-10-13,2024-11-11 00:00:00,Symptom Logger,12.2,Android
MM_1157,2024-10-13,2024-11-24 00:00:00,Symptom Logger,12.3,Android
MM_1157,2024-10-13,2024-11-18 00:00:00,Period Tracker,7.3,iOS
MM_1157,2024-10-13,2024-10-21 00:00:00,Period Tracker,3.8,iOS
MM_1157,2024-10-13,2024-11-16 00:00:00,Symptom Logger,4.7,iOS
MM_1157,2024-10-13,2024-10-14 00:00:00,Period Tracker,6.6,Android
MM_1157,2024-10-13,2024-10-18 00:00:00,Period Tracker,5.2,Android
MM_1157,2024-10-13,2024-11-28 00:00:00,Community Forum,8.8,Android
MM_1157,2024-10-13,2024-10-14 00:00:00,Period Tracker,5.6,Android
MM_1157,2024-10-13,2024-11-04 00:00:00,Period Tracker,6.1,iOS
MM_1157,2024-10-13,2024-11-22 00:00:00,Period Tracker,12.8,iOS
MM_1157,2024-10-13,2024-10-31 00:00:00,Period Tracker,5.6,iOS
MM_1157,2024-10-13,2024-11-14 00:00:00,Period Tracker,6.8,Android
MM_1157,2024-10-13,2024-10-25 00:00:00,Symptom Logger,8.0,Android
MM_1157,2024-10-13,2024-12-03 00:00:00,Period Tracker,,iOS
MM_1157,2024-10-13,2024-11-19 00:00:00,Period Tracker,10.3,iOS
MM_1157,2024-10-13,2024-10-14 00:00:00,Community Forum,11.1,iOS
MM_1157,2024-10-13,2024-11-28 00:00:00,Health Articles,6.3,Android
MM_1157,2024-10-13,2024-10-15 00:00:00,Health Articles,11.7,iOS
MM_1157,2024-10-13,2024-11-06 00:00:00,Health Articles,,iOS
MM_1158,2024-08-02,2024-09-30 00:00:00,Period Tracker,2.7,iOS
MM_1159,2024-09-13,2024-09-26 00:00:00,Symptom Logger,14.6,Android
MM_1159,2024-09-13,2024-10-07 00:00:00,Period Tracker,12.7,Android
MM_1160,2024-10-03,2024-10-04 00:00:00,Community Forum,7.6,iOS
MM_1160,2024-10-03,2024-11-15 00:00:00,Period Tracker,5.5,Android
MM_1160,2024-10-03,2024-10-29 00:00:00,Period Tracker,9.0,Android
MM_1160,2024-10-03,2024-10-21 00:00:00,Community Forum,1.7,Android
MM_1160,2024-10-03,2024-10-29 00:00:00,Community Forum,2.2,iOS
MM_1160,2024-10-03,2024-11-19 00:00:00,Period Tracker,2.8,Android
MM_1160,2024-10-03,2024-11-11 00:00:00,Period Tracker,3.1,iOS
MM_1160,2024-10-03,2024-10-24 00:00:00,Community Forum,8.5,iOS
MM_1160,2024-10-03,2024-11-27 00:00:00,Period Tracker,11.3,Android
MM_1160,2024-10-03,2024-11-16 00:00:00,Period Tracker,2.9,iOS
MM_1160,2024-10-03,2024-10-26 00:00:00,Period Tracker,3.0,Android
MM_1160,2024-10-03,2024-10-10 00:00:00,Period Tracker,11.8,Android
MM_1160,2024-10-03,2024-10-05 00:00:00,Period Tracker,8.2,Android
MM_1160,2024-10-03,2024-11-23 00:00:00,Community Forum,14.0,Android
MM_1160,2024-10-03,2024-11-08 00:00:00,Symptom Logger,14.3,iOS
MM_1160,2024-10-03,2024-11-06 00:00:00,Period Tracker,13.8,iOS
MM_1160,2024-10-03,2024-11-20 00:00:00,Health Articles,14.0,Android
MM_1160,2024-10-03,2024-10-14 00:00:00,Period Tracker,7.1,Android
MM_1160,2024-10-03,2024-10-18 00:00:00,Community Forum,10.6,iOS
MM_1160,2024-10-03,2024-10-16 00:00:00,Period Tracker,3.1,iOS
MM_1161,2024-08-14,2024-10-10 00:00:00,Symptom Logger,10.6,Android
MM_1161,2024-08-14,2024-09-25 00:00:00,Period Tracker,4.0,iOS
MM_1161,2024-08-14,2024-08-30 00:00:00,Symptom Logger,5.2,Android
MM_1161,2024-08-14,2024-08-31 00:00:00,Community Forum,9.1,Android
MM_1161,2024-08-14,2024-09-29 00:00:00,Symptom Logger,8.3,iOS
MM_1161,2024-08-14,2024-09-19 00:00:00,Period Tracker,10.5,Android
MM_1161,2024-08-14,2024-08-23 00:00:00,Period Tracker,14.8,iOS
MM_1161,2024-08-14,2024-08-23 00:00:00,Period Tracker,5.5,iOS
MM_1161,2024-08-14,2024-08-31 00:00:00,Period Tracker,,Android
MM_1161,2024-08-14,2024-09-20 00:00:00,Period Tracker,11.8,Android
MM_1162,2024-09-29,2024-10-18 00:00:00,Period Tracker,13.6,Android
MM_1162,2024-09-29,2024-11-22 00:00:00,Period Tracker,7.4,iOS
MM_1162,2024-09-29,2024-11-15 00:00:00,Period Tracker,8.6,iOS
MM_1162,2024-09-29,2024-11-09 00:00:00,Period Tracker,14.6,iOS
MM_1162,2024-09-29,2024-10-21 00:00:00,Period Tracker,9.3,iOS
MM_1162,2024-09-29,2024-10-08 00:00:00,Period Tracker,3.4,iOS
MM_1162,2024-09-29,2024-10-14 00:00:00,Period Tracker,13.2,Android
MM_1162,2024-09-29,2024-09-29 00:00:00,Period Tracker,14.3,iOS
MM_1162,2024-09-29,2024-11-11 00:00:00,Period Tracker,8.6,iOS
MM_1162,2024-09-29,2024-10-26 00:00:00,Community Forum,10.3,Android
MM_1162,2024-09-29,2024-10-30 00:00:00,Community Forum,11.1,iOS
MM_1162,2024-09-29,2024-11-08 00:00:00,Period Tracker,1.8,Android
MM_1162,2024-09-29,2024-10-20 00:00:00,Health Articles,2.3,Android
MM_1162,2024-09-29,2024-11-19 00:00:00,Period Tracker,13.2,Android
MM_1162,2024-09-29,2024-11-25 00:00:00,Community Forum,2.4,iOS
MM_1163,2024-09-28,2024-11-09 00:00:00,Period Tracker,11.0,iOS
MM_1163,2024-09-28,2024-10-07 00:00:00,Community Forum,7.0,iOS
MM_1163,2024-09-28,2024-11-09 00:00:00,Symptom Logger,1.0,Android
MM_1163,2024-09-28,2024-11-27 00:00:00,Symptom Logger,9.1,Android
MM_1163,2024-09-28,2024-10-11 00:00:00,Period Tracker,5.6,Android
MM_1163,2024-09-28,2024-10-31 00:00:00,Period Tracker,1.0,Android
MM_1163,2024-09-28,2024-10-25 00:00:00,Period Tracker,11.6,iOS
MM_1163,2024-09-28,2024-10-22 00:00:00,Period Tracker,2.5,iOS
MM_1163,2024-09-28,2024-10-16 00:00:00,Symptom Logger,8.8,Android
MM_1163,2024-09-28,2024-10-01 00:00:00,Symptom Logger,8.3,Android
MM_1163,2024-09-28,2024-11-19 00:00:00,Symptom Logger,14.4,Android
MM_1163,2024-09-28,2024-11-17 00:00:00,Period Tracker,9.9,Android
MM_1164,2024-09-16,2024-11-07 00:00:00,Symptom Logger,3.6,iOS
MM_1164,2024-09-16,2024-10-08 00:00:00,Period Tracker,11.3,iOS
MM_1164,2024-09-16,2024-10-07 00:00:00,Symptom Logger,2.5,iOS
MM_1165,2024-08-03,2024-09-12 00:00:00,Period Tracker,10.0,iOS
MM_1165,2024-08-03,2024-09-04 00:00:00,Period Tracker,,Android
MM_1166,2024-08-31,2024-10-29 00:00:00,Period Tracker,2.7,Android
MM_1166,2024-08-31,2024-10-04 00:00:00,Community Forum,11.0,iOS
MM_1166,2024-08-31,2024-09-27 00:00:00,Health Articles,4.3,iOS
MM_1166,2024-08-31,2024-09-08 00:00:00,Period Tracker,9.9,iOS
MM_1166,2024-08-31,2024-08-31 00:00:00,Community Forum,9.5,iOS
MM_1166,2024-08-31,2024-09-15 00:00:00,Community Forum,7.8,Android
MM_1166,2024-08-31,2024-09-11 00:00:00,Period Tracker,14.7,Android
MM_1166,2024-08-31,2024-09-23 00:00:00,Period Tracker,7.8,Android
MM_1166,2024-08-31,2024-10-22 00:00:00,Period Tracker,13.6,iOS
MM_1166,2024-08-31,2024-09-14 00:00:00,Period Tracker,4.3,Android
MM_1166,2024-08-31,2024-09-20 00:00:00,Period Tracker,14.9,Android
MM_1166,2024-08-31,2024-09-28 00:00:00,Period Tracker,5.6,iOS
MM_1166,2024-08-31,2024-10-17 00:00:00,Period Tracker,5.7,iOS
MM_1166,2024-08-31,2024-09-22 00:00:00,Health Articles,8.8,iOS
MM_1166,2024-08-31,2024-09-23 00:00:00,Period Tracker,9.2,Android
MM_1166,2024-08-31,2024-10-20 00:00:00,Period Tracker,9.2,Android
MM_1166,2024-08-31,2024-08-31 00:00:00,Period Tracker,15.0,Android
MM_1166,2024-08-31,2024-10-26 00:00:00,Period Tracker,1.4,Android
MM_1166,2024-08-31,2024-10-25 00:00:00,Period Tracker,13.1,iOS
MM_1166,2024-08-31,2024-10-28 00:00:00,Period Tracker,8.3,Android
MM_1167,2024-08-23,2024-10-06 00:00:00,Health Articles,3.2,Android
MM_1167,2024-08-23,2024-09-05 00:00:00,Health Articles,6.5,iOS
MM_1168,2024-10-09,2024-12-05 00:00:00,Period Tracker,2.3,Android
MM_1169,2024-08-04,2024-08-11 00:00:00,Period Tracker,9.2,iOS
MM_1169,2024-08-04,2024-08-22 00:00:00,Period Tracker,1.8,iOS
MM_1169,2024-08-04,2024-09-12 00:00:00,Community Forum,3.0,Android
MM_1169,2024-08-04,2024-08-25 00:00:00,Period Tracker,13.8,Android
MM_1169,2024-08-04,2024-09-24 00:00:00,Period Tracker,4.4,Android
MM_1169,2024-08-04,2024-10-02 00:00:00,Period Tracker,11.5,iOS
MM_1170,2024-10-03,2024-11-16 00:00:00,Symptom Logger,8.4,Android
MM_1170,2024-10-03,2024-11-05 00:00:00,Symptom Logger,11.5,Android
MM_1170,2024-10-03,2024-10-29 00:00:00,Symptom Logger,10.6,Android
MM_1170,2024-10-03,2024-11-27 00:00:00,Symptom Logger,13.9,iOS
MM_1170,2024-10-03,2024-12-02 00:00:00,Symptom Logger,14.9,Android
MM_1170,2024-10-03,2024-11-27 00:00:00,Period Tracker,,iOS
MM_1170,2024-10-03,2024-11-26 00:00:00,Health Articles,4.9,iOS
MM_1170,2024-10-03,2024-10-20 00:00:00,Health Articles,13.5,iOS
MM_1170,2024-10-03,2024-11-12 00:00:00,Community Forum,13.2,Android
MM_1170,2024-10-03,2024-11-13 00:00:00,Period Tracker,1.6,Android
MM_1170,2024-10-03,2024-11-04 00:00:00,Period Tracker,13.7,Android
MM_1170,2024-10-03,2024-11-20 00:00:00,Community Forum,7.0,Android
MM_1170,2024-10-03,2024-10-20 00:00:00,Community Forum,3.9,Android
MM_1170,2024-10-03,2024-11-20 00:00:00,Period Tracker,2.1,iOS
MM_1170,2024-10-03,2024-11-25 00:00:00,Period Tracker,13.4,Android
MM_1170,2024-10-03,2024-11-30 00:00:00,Health Articles,12.2,Android
MM_1170,2024-10-03,2024-10-21 00:00:00,Period Tracker,4.1,iOS
MM_1170,2024-10-03,2024-11-09 00:00:00,Health Articles,10.5,iOS
MM_1171,2024-09-10,2024-11-03 00:00:00,Period Tracker,14.7,Android
MM_1171,2024-09-10,2024-10-15 00:00:00,Period Tracker,7.5,Android
MM_1171,2024-09-10,2024-10-04 00:00:00,Period Tracker,8.4,iOS
MM_1172,2024-08-26,2024-09-29 00:00:00,Period Tracker,14.7,iOS
MM_1172,2024-08-26,2024-10-11 00:00:00,Symptom Logger,4.9,Android
MM_1172,2024-08-26,2024-08-29 00:00:00,Health Articles,3.1,Android
MM_1173,2024-09-17,2024-10-24 00:00:00,Symptom Logger,12.2,Android
MM_1173,2024-09-17,2024-11-01 00:00:00,Period Tracker,14.7,iOS
MM_1173,2024-09-17,2024-09-20 00:00:00,Community Forum,5.2,iOS
MM_1173,2024-09-17,2024-10-05 00:00:00,Period Tracker,2.8,Android
MM_1173,2024-09-17,2024-10-23 00:00:00,Period Tracker,10.3,iOS
MM_1173,2024-09-17,2024-10-23 00:00:00,Period Tracker,11.1,Android
MM_1174,2024-10-16,2024-11-12 00:00:00,Health Articles,13.4,Android
MM_1174,2024-10-16,2024-11-08 00:00:00,Symptom Logger,4.1,Android
MM_1175,2024-10-20,2024-11-01 00:00:00,Community Forum,9.1,Android
MM_1175,2024-10-20,2024-12-05 00:00:00,Health Articles,5.3,Android
MM_1175,2024-10-20,2024-11-16 00:00:00,Community Forum,2.6,iOS
MM_1175,2024-10-20,2024-11-19 00:00:00,Period Tracker,10.3,iOS
MM_1175,2024-10-20,2024-11-27 00:00:00,Period Tracker,10.6,Android
MM_1175,2024-10-20,2024-11-08 00:00:00,Period Tracker,6.0,Android
MM_1175,2024-10-20,2024-10-30 00:00:00,Period Tracker,10.0,iOS
MM_1175,2024-10-20,2024-11-20 00:00:00,Symptom Logger,3.6,iOS
MM_1176,2024-08-20,2024-08-26 00:00:00,Period Tracker,8.5,iOS
MM_1177,2024-09-24,2024-10-19 00:00:00,Period Tracker,14.3,Android
MM_1177,2024-09-24,2024-09-26 00:00:00,Period Tracker,4.2,iOS
MM_1177,2024-09-24,2024-11-02 00:00:00,Symptom Logger,7.6,iOS
MM_1177,2024-09-24,2024-11-18 00:00:00,Symptom Logger,,Android
MM_1177,2024-09-24,2024-09-29 00:00:00,Period Tracker,13.8,iOS
MM_1177,2024-09-24,2024-10-11 00:00:00,Period Tracker,,Android
MM_1177,2024-09-24,2024-10-23 00:00:00,Symptom Logger,2.4,Android
MM_1177,2024-09-24,2024-10-09 00:00:00,Symptom Logger,1.6,iOS
MM_1177,2024-09-24,2024-11-17 00:00:00,Community Forum,7.6,iOS
MM_1177,2024-09-24,2024-09-28 00:00:00,Symptom Logger,6.4,Android
MM_1177,2024-09-24,2024-10-09 00:00:00,Symptom Logger,8.3,Android
MM_1177,2024-09-24,2024-09-25 00:00:00,Period Tracker,10.1,iOS
MM_1177,2024-09-24,2024-10-27 00:00:00,Period Tracker,13.1,Android
MM_1177,2024-09-24,2024-11-02 00:00:00,Period Tracker,9.7,Android
MM_1177,2024-09-24,2024-10-25 00:00:00,Symptom Logger,2.1,Android
MM_1177,2024-09-24,2024-11-18 00:00:00,Period Tracker,2.9,Android
MM_1177,2024-09-24,2024-11-13 00:00:00,Period Tracker,14.4,iOS
MM_1178,2024-08-13,2024-10-10 00:00:00,Period Tracker,9.9,Android
MM_1178,2024-08-13,2024-09-20 00:00:00,Period Tracker,1.0,iOS
MM_1178,2024-08-13,2024-10-05 00:00:00,Period Tracker,7.3,Android
MM_1178,2024-08-13,2024-10-11 00:00:00,Symptom Logger,9.6,iOS
MM_1178,2024-08-13,2024-08-19 00:00:00,Symptom Logger,4.6,Android
MM_1178,2024-08-13,2024-09-28 00:00:00,Period Tracker,12.7,iOS
MM_1178,2024-08-13,2024-10-12 00:00:00,Period Tracker,14.4,Android
MM_1178,2024-08-13,2024-08-24 00:00:00,Health Articles,10.0,Android
MM_1178,2024-08-13,2024-08-29 00:00:00,Symptom Logger,4.5,Android
MM_1178,2024-08-13,2024-08-14 00:00:00,Symptom Logger,4.7,iOS
MM_1178,2024-08-13,2024-09-02 00:00:00,Period Tracker,14.7,Android
MM_1178,2024-08-13,2024-08-16 00:00:00,Period Tracker,10.4,iOS
MM_1178,2024-08-13,2024-09-18 00:00:00,Period Tracker,2.9,iOS
MM_1178,2024-08-13,2024-10-12 00:00:00,Community Forum,4.9,Android
MM_1178,2024-08-13,2024-08-31 00:00:00,Period Tracker,10.2,Android
MM_1178,2024-08-13,2024-09-02 00:00:00,Community Forum,1.1,Android
MM_1178,2024-08-13,2024-09-02 00:00:00,Period Tracker,1.7,iOS
MM_1178,2024-08-13,2024-08-26 00:00:00,Symptom Logger,7.1,iOS
MM_1179,2024-08-04,2024-08-14 00:00:00,Health Articles,13.1,iOS
MM_1179,2024-08-04,2024-08-10 00:00:00,Period Tracker,3.4,iOS
MM_1179,2024-08-04,2024-08-17 00:00:00,Symptom Logger,4.8,iOS
MM_1180,2024-08-08,2024-08-31 00:00:00,Health Articles,3.4,iOS
MM_1180,2024-08-08,2024-08-28 00:00:00,Period Tracker,5.4,iOS
MM_1180,2024-08-08,2024-08-08 00:00:00,Community Forum,5.2,Android
MM_1180,2024-08-08,2024-08-18 00:00:00,Period Tracker,,iOS
MM_1180,2024-08-08,2024-09-03 00:00:00,Period Tracker,2.6,Android
MM_1180,2024-08-08,2024-08-28 00:00:00,Symptom Logger,9.7,Android
MM_1180,2024-08-08,2024-08-22 00:00:00,Symptom Logger,13.1,iOS
MM_1180,2024-08-08,2024-10-06 00:00:00,Period Tracker,2.0,Android
MM_1180,2024-08-08,2024-08-31 00:00:00,Period Tracker,10.4,Android
MM_1180,2024-08-08,2024-08-17 00:00:00,Period Tracker,10.6,Android
MM_1180,2024-08-08,2024-09-06 00:00:00,Period Tracker,8.7,iOS
MM_1181,2024-08-08,2024-08-14 00:00:00,Symptom Logger,4.1,iOS
MM_1181,2024-08-08,2024-08-28 00:00:00,Community Forum,4.7,iOS
MM_1181,2024-08-08,2024-09-20 00:00:00,Symptom Logger,13.3,Android
MM_1182,2024-10-02,2024-10-28 00:00:00,Period Tracker,9.0,Android
MM_1182,2024-10-02,2024-11-25 00:00:00,Period Tracker,3.0,Android
MM_1182,2024-10-02,2024-11-27 00:00:00,Period Tracker,5.7,iOS
MM_1182,2024-10-02,2024-10-10 00:00:00,Period Tracker,3.2,Android
MM_1182,2024-10-02,2024-11-26 00:00:00,Period Tracker,10.1,Android
MM_1182,2024-10-02,2024-11-20 00:00:00,Symptom Logger,4.0,Android
MM_1182,2024-10-02,2024-10-20 00:00:00,Period Tracker,7.0,Android
MM_1182,2024-10-02,2024-10-07 00:00:00,Health Articles,10.5,iOS
MM_1183,2024-10-08,2024-10-18 00:00:00,Period Tracker,9.3,Android
MM_1183,2024-10-08,2024-10-22 00:00:00,Period Tracker,8.8,iOS
MM_1183,2024-10-08,2024-10-21 00:00:00,Period Tracker,2.8,iOS
MM_1184,2024-09-30,2024-10-25 00:00:00,Symptom Logger,11.4,iOS
MM_1184,2024-09-30,2024-11-01 00:00:00,Period Tracker,3.5,Android
MM_1184,2024-09-30,2024-11-15 00:00:00,Period Tracker,8.5,iOS
MM_1185,2024-10-03,2024-11-08 00:00:00,Period Tracker,9.7,Android
MM_1185,2024-10-03,2024-11-17 00:00:00,Period Tracker,11.0,Android
MM_1185,2024-10-03,2024-12-01 00:00:00,Symptom Logger,11.4,Android
MM_1186,2024-08-14,2024-08-22 00:00:00,Symptom Logger,13.2,iOS
MM_1186,2024-08-14,2024-08-25 00:00:00,Period Tracker,5.1,iOS
MM_1187,2024-10-06,2024-11-12 00:00:00,Period Tracker,13.3,Android
MM_1188,2024-10-06,2024-10-08 00:00:00,Period Tracker,11.9,iOS
MM_1188,2024-10-06,2024-12-02 00:00:00,Period Tracker,10.0,iOS
MM_1188,2024-10-06,2024-11-23 00:00:00,Period Tracker,4.7,iOS
MM_1188,2024-10-06,2024-11-10 00:00:00,Period Tracker,3.2,Android
MM_1188,2024-10-06,2024-10-26 00:00:00,Period Tracker,5.3,Android
MM_1188,2024-10-06,2024-11-16 00:00:00,Period Tracker,11.0,iOS
MM_1188,2024-10-06,2024-11-18 00:00:00,Symptom Logger,14.1,Android
MM_1188,2024-10-06,2024-10-11 00:00:00,Symptom Logger,7.7,iOS
MM_1188,2024-10-06,2024-10-28 00:00:00,Period Tracker,3.2,iOS
MM_1188,2024-10-06,2024-11-26 00:00:00,Symptom Logger,2.4,Android
MM_1188,2024-10-06,2024-11-07 00:00:00,Community Forum,7.9,Android
MM_1188,2024-10-06,2024-11-24 00:00:00,Symptom Logger,9.4,iOS
MM_1188,2024-10-06,2024-10-30 00:00:00,Period Tracker,7.9,Android
MM_1188,2024-10-06,2024-10-24 00:00:00,Period Tracker,3.3,Android
MM_1188,2024-10-06,2024-11-05 00:00:00,Community Forum,4.5,Android
MM_1188,2024-10-06,2024-11-19 00:00:00,Period Tracker,14.9,Android
MM_1189,2024-09-22,2024-10-17 00:00:00,Period Tracker,6.8,Android
MM_1189,2024-09-22,2024-11-20 00:00:00,Health Articles,11.4,Android
MM_1189,2024-09-22,2024-11-18 00:00:00,Period Tracker,14.5,iOS
MM_1190,2024-10-08,2024-12-07 00:00:00,Community Forum,5.6,Android
MM_1190,2024-10-08,2024-10-30 00:00:00,Symptom Logger,9.2,iOS
MM_1190,2024-10-08,2024-10-09 00:00:00,Community Forum,5.6,iOS
MM_1191,2024-08-02,2024-09-06 00:00:00,Period Tracker,13.9,iOS
MM_1191,2024-08-02,2024-08-13 00:00:00,Period Tracker,12.6,Android
MM_1191,2024-08-02,2024-08-11 00:00:00,Health Articles,13.5,iOS
MM_1191,2024-08-02,2024-09-17 00:00:00,Symptom Logger,7.7,Android
MM_1191,2024-08-02,2024-10-01 00:00:00,Community Forum,14.2,iOS
MM_1191,2024-08-02,2024-08-28 00:00:00,Period Tracker,1.2,iOS
MM_1192,2024-10-11,2024-11-24 00:00:00,Period Tracker,13.8,Android
MM_1192,2024-10-11,2024-10-11 00:00:00,Period Tracker,4.7,Android
MM_1193,2024-09-26,2024-10-22 00:00:00,Community Forum,8.6,Android
MM_1193,2024-09-26,2024-11-09 00:00:00,Health Articles,6.3,Android
MM_1193,2024-09-26,2024-10-27 00:00:00,Symptom Logger,10.5,iOS
MM_1193,2024-09-26,2024-10-20 00:00:00,Community Forum,6.5,iOS
MM_1193,2024-09-26,2024-10-15 00:00:00,Community Forum,14.1,iOS
MM_1193,2024-09-26,2024-10-19 00:00:00,Period Tracker,11.6,iOS
MM_1193,2024-09-26,2024-10-07 00:00:00,Symptom Logger,6.7,Android
MM_1193,2024-09-26,2024-10-25 00:00:00,Period Tracker,9.0,Android
MM_1193,2024-09-26,2024-10-17 00:00:00,Period Tracker,11.6,Android
MM_1194,2024-10-09,2024-11-14 00:00:00,Period Tracker,6.4,iOS
MM_1194,2024-10-09,2024-10-30 00:00:00,Health Articles,14.3,Android
MM_1194,2024-10-09,2024-11-02 00:00:00,Period Tracker,8.2,iOS
MM_1194,2024-10-09,2024-10-21 00:00:00,Symptom Logger,14.5,iOS
MM_1194,2024-10-09,2024-10-13 00:00:00,Symptom Logger,2.8,iOS
MM_1194,2024-10-09,2024-10-20 00:00:00,Community Forum,11.2,Android
MM_1194,2024-10-09,2024-12-05 00:00:00,Period Tracker,9.5,Android
MM_1194,2024-10-09,2024-11-03 00:00:00,Period Tracker,,Android
MM_1195,2024-08-04,2024-10-03 00:00:00,Period Tracker,12.4,Android
MM_1195,2024-08-04,2024-09-03 00:00:00,Health Articles,4.6,iOS
MM_1195,2024-08-04,2024-08-16 00:00:00,Period Tracker,6.4,iOS
MM_1195,2024-08-04,2024-08-07 00:00:00,Symptom Logger,6.2,iOS
MM_1195,2024-08-04,2024-08-29 00:00:00,Health Articles,12.0,Android
MM_1195,2024-08-04,2024-09-19 00:00:00,Community Forum,5.5,iOS
MM_1195,2024-08-04,2024-08-29 00:00:00,Community Forum,14.1,Android
MM_1195,2024-08-04,2024-09-06 00:00:00,Period Tracker,13.9,Android
MM_1195,2024-08-04,2024-09-29 00:00:00,Symptom Logger,9.3,Android
MM_1195,2024-08-04,2024-09-03 00:00:00,Period Tracker,5.4,iOS
MM_1195,2024-08-04,2024-08-27 00:00:00,Period Tracker,14.9,Android
MM_1195,2024-08-04,2024-09-09 00:00:00,Symptom Logger,14.0,iOS
MM_1195,2024-08-04,2024-08-09 00:00:00,Health Articles,14.2,iOS
MM_1195,2024-08-04,2024-08-18 00:00:00,Period Tracker,6.0,Android
MM_1195,2024-08-04,2024-08-27 00:00:00,Period Tracker,10.4,iOS
MM_1195,2024-08-04,2024-09-03 00:00:00,Community Forum,3.9,iOS
MM_1196,2024-10-16,2024-11-13 00:00:00,Period Tracker,11.7,Android
MM_1196,2024-10-16,2024-11-13 00:00:00,Period Tracker,,Android
MM_1196,2024-10-16,2024-12-13 00:00:00,Symptom Logger,9.4,iOS
MM_1196,2024-10-16,2024-11-06 00:00:00,Symptom Logger,4.3,iOS
MM_1196,2024-10-16,2024-11-08 00:00:00,Period Tracker,13.6,iOS
MM_1196,2024-10-16,2024-10-16 00:00:00,Health Articles,3.1,Android
MM_1196,2024-10-16,2024-11-24 00:00:00,Period Tracker,1.9,Android
MM_1196,2024-10-16,2024-12-01 00:00:00,Period Tracker,4.1,Android
MM_1197,2024-08-17,2024-09-06 00:00:00,Period Tracker,8.6,iOS
MM_1197,2024-08-17,2024-08-21 00:00:00,Period Tracker,14.9,iOS
MM_1197,2024-08-17,2024-10-09 00:00:00,Period Tracker,8.1,iOS
MM_1197,2024-08-17,2024-09-21 00:00:00,Period Tracker,3.6,Android
MM_1197,2024-08-17,2024-09-26 00:00:00,Period Tracker,5.0,iOS
MM_1198,2024-09-02,2024-09-25 00:00:00,Period Tracker,10.7,iOS
MM_1198,2024-09-02,2024-09-07 00:00:00,Period Tracker,11.2,Android
MM_1198,2024-09-02,2024-10-26 00:00:00,Community Forum,4.5,Android
MM_1198,2024-09-02,2024-09-19 00:00:00,Community Forum,8.6,iOS
MM_1198,2024-09-02,2024-10-10 00:00:00,Period Tracker,5.0,iOS
MM_1198,2024-09-02,2024-09-04 00:00:00,Symptom Logger,13.6,iOS
MM_1198,2024-09-02,2024-10-05 00:00:00,Period Tracker,7.3,Android
MM_1198,2024-09-02,2024-10-11 00:00:00,Health Articles,6.9,iOS
MM_1198,2024-09-02,2024-10-04 00:00:00,Health Articles,10.6,Android
MM_1199,2024-09-06,2024-09-08 00:00:00,Period Tracker,6.0,iOS
MM_1199,2024-09-06,2024-09-09 00:00:00,Period Tracker,2.9,iOS
MM_1199,2024-09-06,2024-09-21 00:00:00,Symptom Logger,6.6,Android
MM_1200,2024-08-22,2024-10-15 00:00:00,Period Tracker,4.4,iOS
MM_1200,2024-08-22,2024-08-24 00:00:00,Period Tracker,6.6,Android
MM_1200,2024-08-22,2024-09-16 00:00:00,Period Tracker,4.9,Android
MM_1201,2024-08-28,2024-10-04 00:00:00,Community Forum,4.7,iOS
MM_1201,2024-08-28,2024-10-24 00:00:00,Community Forum,12.6,iOS
MM_1201,2024-08-28,2024-09-09 00:00:00,Community Forum,8.7,iOS
MM_1201,2024-08-28,2024-10-21 00:00:00,Period Tracker,9.1,iOS
MM_1201,2024-08-28,2024-09-27 00:00:00,Period Tracker,12.5,Android
MM_1201,2024-08-28,2024-09-15 00:00:00,Symptom Logger,2.7,iOS
MM_1201,2024-08-28,2024-09-29 00:00:00,Community Forum,2.9,iOS
MM_1201,2024-08-28,2024-10-09 00:00:00,Health Articles,3.7,iOS
MM_1201,2024-08-28,2024-09-13 00:00:00,Symptom Logger,13.3,Android
MM_1201,2024-08-28,2024-09-01 00:00:00,Period Tracker,11.2,iOS
MM_1202,2024-08-26,2024-09-26 00:00:00,Period Tracker,2.8,Android
MM_1202,2024-08-26,2024-09-24 00:00:00,Period Tracker,5.8,Android
MM_1202,2024-08-26,2024-09-07 00:00:00,Period Tracker,6.6,Android
MM_1202,2024-08-26,2024-10-03 00:00:00,Period Tracker,7.1,iOS
MM_1202,2024-08-26,2024-10-03 00:00:00,Community Forum,6.4,Android
MM_1203,2024-09-11,2024-11-09 00:00:00,Symptom Logger,13.9,Android
MM_1203,2024-09-11,2024-10-23 00:00:00,Symptom Logger,7.6,iOS
MM_1203,2024-09-11,2024-10-25 00:00:00,Symptom Logger,1.3,Android
MM_1203,2024-09-11,2024-10-05 00:00:00,Health Articles,4.1,iOS
MM_1203,2024-09-11,2024-09-24 00:00:00,Period Tracker,9.9,Android
MM_1203,2024-09-11,2024-09-25 00:00:00,Period Tracker,5.6,Android
MM_1203,2024-09-11,2024-10-19 00:00:00,Health Articles,9.1,Android
MM_1203,2024-09-11,2024-11-04 00:00:00,Period Tracker,8.5,iOS
MM_1203,2024-09-11,2024-09-13 00:00:00,Period Tracker,12.4,Android
MM_1203,2024-09-11,2024-10-22 00:00:00,Period Tracker,1.4,iOS
MM_1204,2024-10-18,2024-12-04 00:00:00,Symptom Logger,5.6,Android
MM_1204,2024-10-18,2024-11-28 00:00:00,Period Tracker,12.6,Android
MM_1204,2024-10-18,2024-12-03 00:00:00,Symptom Logger,9.6,iOS
MM_1204,2024-10-18,2024-11-11 00:00:00,Period Tracker,2.3,Android
MM_1204,2024-10-18,2024-11-24 00:00:00,Symptom Logger,5.0,Android
MM_1204,2024-10-18,2024-11-19 00:00:00,Period Tracker,4.1,iOS
MM_1204,2024-10-18,2024-10-18 00:00:00,Community Forum,14.6,iOS
MM_1204,2024-10-18,2024-11-24 00:00:00,Community Forum,11.1,iOS
MM_1204,2024-10-18,2024-10-20 00:00:00,Period Tracker,5.2,Android
MM_1204,2024-10-18,2024-12-15 00:00:00,Community Forum,12.2,Android
MM_1204,2024-10-18,2024-12-11 00:00:00,Symptom Logger,2.1,iOS
MM_1204,2024-10-18,2024-12-14 00:00:00,Period Tracker,9.8,iOS
MM_1204,2024-10-18,2024-10-29 00:00:00,Community Forum,14.1,iOS
MM_1204,2024-10-18,2024-11-18 00:00:00,Period Tracker,5.7,Android
MM_1204,2024-10-18,2024-11-26 00:00:00,Symptom Logger,9.6,Android
MM_1204,2024-10-18,2024-11-08 00:00:00,Period Tracker,10.9,Android
MM_1204,2024-10-18,2024-11-12 00:00:00,Period Tracker,14.9,iOS
MM_1205,2024-10-26,2024-11-23 00:00:00,Symptom Logger,1.8,Android
MM_1205,2024-10-26,2024-11-08 00:00:00,Period Tracker,4.1,Android
MM_1205,2024-10-26,2024-12-11 00:00:00,Community Forum,4.3,iOS
MM_1205,2024-10-26,2024-11-02 00:00:00,Health Articles,12.2,Android
MM_1205,2024-10-26,2024-12-23 00:00:00,Symptom Logger,8.7,Android
MM_1205,2024-10-26,2024-12-06 00:00:00,Period Tracker,14.1,Android
MM_1205,2024-10-26,2024-12-09 00:00:00,Health Articles,11.1,Android
MM_1205,2024-10-26,2024-11-22 00:00:00,Period Tracker,4.1,Android
MM_1205,2024-10-26,2024-11-30 00:00:00,Period Tracker,8.7,iOS
MM_1205,2024-10-26,2024-12-17 00:00:00,Period Tracker,3.1,Android
MM_1205,2024-10-26,2024-12-15 00:00:00,Period Tracker,,Android
MM_1206,2024-09-02,2024-09-29 00:00:00,Period Tracker,6.8,Android
MM_1206,2024-09-02,2024-09-13 00:00:00,Community Forum,13.7,iOS
MM_1206,2024-09-02,2024-10-25 00:00:00,Period Tracker,13.1,iOS
MM_1206,2024-09-02,2024-09-20 00:00:00,Period Tracker,6.7,Android
MM_1206,2024-09-02,2024-09-08 00:00:00,Health Articles,7.1,iOS
MM_1206,2024-09-02,2024-10-17 00:00:00,Period Tracker,6.6,Android
MM_1206,2024-09-02,2024-10-21 00:00:00,Health Articles,1.2,Android
MM_1206,2024-09-02,2024-09-18 00:00:00,Period Tracker,7.8,iOS
MM_1206,2024-09-02,2024-09-05 00:00:00,Period Tracker,11.9,Android
MM_1206,2024-09-02,2024-09-17 00:00:00,Period Tracker,10.5,Android
MM_1206,2024-09-02,2024-10-29 00:00:00,Period Tracker,10.5,Android
MM_1206,2024-09-02,2024-11-01 00:00:00,Community Forum,3.9,Android
MM_1206,2024-09-02,2024-10-24 00:00:00,Community Forum,12.3,iOS
MM_1206,2024-09-02,2024-09-30 00:00:00,Period Tracker,3.6,iOS
MM_1207,2024-10-11,2024-11-16 00:00:00,Health Articles,5.5,Android
MM_1208,2024-09-25,2024-10-09 00:00:00,Period Tracker,9.2,Android
MM_1208,2024-09-25,2024-10-19 00:00:00,Period Tracker,10.9,iOS
MM_1208,2024-09-25,2024-10-12 00:00:00,Period Tracker,1.2,Android
MM_1208,2024-09-25,2024-09-27 00:00:00,Symptom Logger,3.9,Android
MM_1208,2024-09-25,2024-10-15 00:00:00,Symptom Logger,14.4,Android
MM_1208,2024-09-25,2024-10-28 00:00:00,Period Tracker,1.1,Android
MM_1208,2024-09-25,2024-11-16 00:00:00,Health Articles,10.8,iOS
MM_1208,2024-09-25,2024-11-10 00:00:00,Period Tracker,4.2,Android
MM_1208,2024-09-25,2024-10-23 00:00:00,Period Tracker,1.1,Android
MM_1208,2024-09-25,2024-10-12 00:00:00,Community Forum,7.0,iOS
MM_1208,2024-09-25,2024-10-13 00:00:00,Health Articles,14.1,iOS
MM_1208,2024-09-25,2024-09-28 00:00:00,Period Tracker,4.1,iOS
MM_1209,2024-09-24,2024-11-19 00:00:00,Period Tracker,1.3,Android
MM_1209,2024-09-24,2024-10-05 00:00:00,Period Tracker,13.4,iOS
MM_1209,2024-09-24,2024-11-15 00:00:00,Period Tracker,12.2,iOS
MM_1209,2024-09-24,2024-10-20 00:00:00,Symptom Logger,3.3,iOS
MM_1209,2024-09-24,2024-11-01 00:00:00,Period Tracker,5.7,Android
MM_1209,2024-09-24,2024-11-10 00:00:00,Community Forum,8.2,Android
MM_1209,2024-09-24,2024-10-09 00:00:00,Period Tracker,9.0,Android
MM_1209,2024-09-24,2024-11-22 00:00:00,Symptom Logger,9.6,iOS
MM_1209,2024-09-24,2024-11-12 00:00:00,Period Tracker,10.4,Android
MM_1209,2024-09-24,2024-10-21 00:00:00,Period Tracker,9.7,Android
MM_1209,2024-09-24,2024-10-01 00:00:00,Symptom Logger,10.8,iOS
MM_1209,2024-09-24,2024-11-10 00:00:00,Health Articles,,iOS
MM_1209,2024-09-24,2024-11-12 00:00:00,Period Tracker,4.0,iOS
MM_1209,2024-09-24,2024-10-23 00:00:00,Period Tracker,2.0,iOS
MM_1209,2024-09-24,2024-10-02 00:00:00,Period Tracker,11.9,Android
MM_1209,2024-09-24,2024-11-18 00:00:00,Community Forum,1.5,iOS
MM_1210,2024-10-06,2024-11-15 00:00:00,Period Tracker,5.6,iOS
MM_1210,2024-10-06,2024-11-08 00:00:00,Period Tracker,11.5,Android
MM_1210,2024-10-06,2024-10-13 00:00:00,Symptom Logger,2.9,Android
MM_1210,2024-10-06,2024-11-04 00:00:00,Period Tracker,3.6,iOS
MM_1210,2024-10-06,2024-10-14 00:00:00,Period Tracker,11.2,iOS
MM_1210,2024-10-06,2024-10-12 00:00:00,Period Tracker,6.4,Android
MM_1210,2024-10-06,2024-11-28 00:00:00,Health Articles,5.4,Android
MM_1210,2024-10-06,2024-12-04 00:00:00,Period Tracker,7.4,Android
MM_1210,2024-10-06,2024-11-09 00:00:00,Symptom Logger,14.1,iOS
MM_1210,2024-10-06,2024-11-08 00:00:00,Community Forum,2.3,Android
MM_1210,2024-10-06,2024-11-16 00:00:00,Period Tracker,4.0,Android
MM_1210,2024-10-06,2024-11-16 00:00:00,Health Articles,5.4,iOS
MM_1210,2024-10-06,2024-10-11 00:00:00,Period Tracker,7.2,Android
MM_1210,2024-10-06,2024-11-18 00:00:00,Health Articles,3.8,Android
MM_1210,2024-10-06,2024-10-08 00:00:00,Period Tracker,14.8,Android
MM_1211,2024-09-19,2024-10-18 00:00:00,Symptom Logger,5.6,iOS
MM_1211,2024-09-19,2024-10-20 00:00:00,Symptom Logger,12.9,Android
MM_1211,2024-09-19,2024-10-16 00:00:00,Period Tracker,8.2,Android
MM_1211,2024-09-19,2024-09-19 00:00:00,Community Forum,4.7,Android
MM_1211,2024-09-19,2024-10-23 00:00:00,Community Forum,2.4,iOS
MM_1211,2024-09-19,2024-09-20 00:00:00,Community Forum,9.1,Android
MM_1211,2024-09-19,2024-10-05 00:00:00,Period Tracker,13.8,iOS
MM_1211,2024-09-19,2024-11-04 00:00:00,Period Tracker,11.7,iOS
MM_1211,2024-09-19,2024-09-30 00:00:00,Period Tracker,11.1,iOS
MM_1211,2024-09-19,2024-10-30 00:00:00,Period Tracker,10.2,iOS
MM_1211,2024-09-19,2024-11-08 00:00:00,Period Tracker,14.2,iOS
MM_1212,2024-10-06,2024-11-24 00:00:00,Period Tracker,12.6,iOS
MM_1212,2024-10-06,2024-11-09 00:00:00,Health Articles,8.8,Android
MM_1212,2024-10-06,2024-10-17 00:00:00,Period Tracker,6.2,Android
MM_1212,2024-10-06,2024-11-30 00:00:00,Period Tracker,13.9,Android
MM_1212,2024-10-06,2024-10-25 00:00:00,Period Tracker,7.9,iOS
MM_1212,2024-10-06,2024-10-12 00:00:00,Community Forum,6.8,Android
MM_1212,2024-10-06,2024-10-19 00:00:00,Period Tracker,14.9,Android
MM_1212,2024-10-06,2024-11-16 00:00:00,Period Tracker,14.3,iOS
MM_1212,2024-10-06,2024-10-23 00:00:00,Symptom Logger,7.1,iOS
MM_1212,2024-10-06,2024-11-05 00:00:00,Period Tracker,11.5,Android
MM_1212,2024-10-06,2024-10-16 00:00:00,Period Tracker,9.4,iOS
MM_1212,2024-10-06,2024-10-17 00:00:00,Period Tracker,6.7,Android
MM_1212,2024-10-06,2024-10-07 00:00:00,Symptom Logger,9.1,Android
MM_1213,2024-08-25,2024-09-26 00:00:00,Health Articles,10.6,iOS
MM_1213,2024-08-25,2024-09-01 00:00:00,Period Tracker,11.1,iOS
MM_1213,2024-08-25,2024-09-19 00:00:00,Period Tracker,4.8,iOS
MM_1213,2024-08-25,2024-09-27 00:00:00,Period Tracker,9.0,Android
MM_1213,2024-08-25,2024-10-24 00:00:00,Symptom Logger,10.5,iOS
MM_1213,2024-08-25,2024-10-01 00:00:00,Community Forum,8.9,Android
MM_1213,2024-08-25,2024-08-31 00:00:00,Symptom Logger,,Android
MM_1213,2024-08-25,2024-10-07 00:00:00,Health Articles,10.0,iOS
MM_1213,2024-08-25,2024-09-11 00:00:00,Symptom Logger,9.0,iOS
MM_1213,2024-08-25,2024-10-04 00:00:00,Period Tracker,4.8,iOS
MM_1213,2024-08-25,2024-08-25 00:00:00,Period Tracker,5.6,Android
MM_1213,2024-08-25,2024-10-05 00:00:00,Symptom Logger,8.2,iOS
MM_1213,2024-08-25,2024-10-14 00:00:00,Period Tracker,5.4,iOS
MM_1213,2024-08-25,2024-10-01 00:00:00,Period Tracker,13.2,Android
MM_1213,2024-08-25,2024-08-31 00:00:00,Community Forum,6.0,Android
MM_1213,2024-08-25,2024-10-16 00:00:00,Community Forum,6.2,Android
MM_1214,2024-10-14,2024-10-30 00:00:00,Period Tracker,8.0,Android
MM_1214,2024-10-14,2024-11-17 00:00:00,Period Tracker,12.1,Android
MM_1214,2024-10-14,2024-11-17 00:00:00,Community Forum,11.8,Android
MM_1214,2024-10-14,2024-10-22 00:00:00,Period Tracker,11.8,Android
MM_1214,2024-10-14,2024-10-17 00:00:00,Period Tracker,7.2,Android
MM_1214,2024-10-14,2024-11-20 00:00:00,Symptom Logger,10.0,Android
MM_1214,2024-10-14,2024-12-08 00:00:00,Period Tracker,8.0,iOS
MM_1214,2024-10-14,2024-12-07 00:00:00,Community Forum,7.2,Android
MM_1214,2024-10-14,2024-12-09 00:00:00,Period Tracker,2.8,Android
MM_1214,2024-10-14,2024-11-19 00:00:00,Period Tracker,6.6,Android
MM_1214,2024-10-14,2024-10-15 00:00:00,Period Tracker,11.1,Android
MM_1214,2024-10-14,2024-10-20 00:00:00,Community Forum,12.2,Android
MM_1215,2024-08-15,2024-09-13 00:00:00,Period Tracker,7.6,iOS
MM_1216,2024-08-28,2024-09-26 00:00:00,Symptom Logger,7.2,Android
MM_1216,2024-08-28,2024-09-13 00:00:00,Period Tracker,8.9,Android
MM_1216,2024-08-28,2024-10-19 00:00:00,Symptom Logger,3.9,iOS
MM_1216,2024-08-28,2024-09-28 00:00:00,Period Tracker,10.7,iOS
MM_1216,2024-08-28,2024-09-15 00:00:00,Period Tracker,5.8,iOS
MM_1216,2024-08-28,2024-10-08 00:00:00,Period Tracker,9.0,iOS
MM_1216,2024-08-28,2024-09-03 00:00:00,Period Tracker,10.5,Android
MM_1216,2024-08-28,2024-09-15 00:00:00,Community Forum,13.7,Android
MM_1216,2024-08-28,2024-10-10 00:00:00,Community Forum,6.1,iOS
MM_1216,2024-08-28,2024-09-05 00:00:00,Symptom Logger,9.5,iOS
MM_1216,2024-08-28,2024-10-18 00:00:00,Period Tracker,8.5,Android
MM_1217,2024-09-23,2024-10-10 00:00:00,Period Tracker,12.5,iOS
MM_1217,2024-09-23,2024-10-08 00:00:00,Symptom Logger,12.2,iOS
MM_1217,2024-09-23,2024-11-13 00:00:00,Period Tracker,4.1,iOS
MM_1217,2024-09-23,2024-10-29 00:00:00,Period Tracker,4.3,Android
MM_1217,2024-09-23,2024-10-23 00:00:00,Period Tracker,7.0,Android
MM_1217,2024-09-23,2024-11-02 00:00:00,Community Forum,14.5,iOS
MM_1217,2024-09-23,2024-10-14 00:00:00,Period Tracker,13.9,iOS
MM_1217,2024-09-23,2024-11-13 00:00:00,Health Articles,3.3,iOS
MM_1218,2024-08-17,2024-10-13 00:00:00,Health Articles,2.9,iOS
MM_1218,2024-08-17,2024-08-28 00:00:00,Health Articles,14.5,Android
MM_1218,2024-08-17,2024-09-10 00:00:00,Period Tracker,11.7,Android
MM_1218,2024-08-17,2024-08-17 00:00:00,Period Tracker,6.3,Android
MM_1218,2024-08-17,2024-09-04 00:00:00,Period Tracker,9.5,iOS
MM_1218,2024-08-17,2024-09-02 00:00:00,Period Tracker,7.5,iOS
MM_1218,2024-08-17,2024-09-25 00:00:00,Period Tracker,7.4,iOS
MM_1218,2024-08-17,2024-08-26 00:00:00,Symptom Logger,2.5,iOS
MM_1218,2024-08-17,2024-09-30 00:00:00,Symptom Logger,,Android
MM_1218,2024-08-17,2024-10-10 00:00:00,Period Tracker,14.3,iOS
MM_1218,2024-08-17,2024-08-18 00:00:00,Symptom Logger,7.6,Android
MM_1218,2024-08-17,2024-09-16 00:00:00,Period Tracker,7.2,iOS
MM_1218,2024-08-17,2024-08-19 00:00:00,Period Tracker,5.4,iOS
MM_1218,2024-08-17,2024-09-20 00:00:00,Period Tracker,8.1,iOS
MM_1218,2024-08-17,2024-10-10 00:00:00,Period Tracker,12.0,iOS
MM_1218,2024-08-17,2024-10-15 00:00:00,Symptom Logger,2.5,Android
MM_1218,2024-08-17,2024-09-24 00:00:00,Period Tracker,4.9,Android
MM_1218,2024-08-17,2024-09-05 00:00:00,Period Tracker,13.8,Android
MM_1218,2024-08-17,2024-09-05 00:00:00,Symptom Logger,9.6,Android
MM_1218,2024-08-17,2024-08-28 00:00:00,Community Forum,13.0,Android
MM_1219,2024-09-05,2024-09-26 00:00:00,Period Tracker,6.5,iOS
MM_1219,2024-09-05,2024-10-07 00:00:00,Health Articles,7.2,iOS
MM_1219,2024-09-05,2024-10-25 00:00:00,Period Tracker,11.1,iOS
MM_1219,2024-09-05,2024-09-17 00:00:00,Period Tracker,12.4,iOS
MM_1219,2024-09-05,2024-09-17 00:00:00,Period Tracker,6.3,Android
MM_1220,2024-10-03,2024-11-14 00:00:00,Symptom Logger,7.4,Android
MM_1220,2024-10-03,2024-11-25 00:00:00,Period Tracker,7.8,iOS
MM_1220,2024-10-03,2024-11-13 00:00:00,Community Forum,14.0,iOS
MM_1220,2024-10-03,2024-10-29 00:00:00,Period Tracker,6.6,iOS
MM_1220,2024-10-03,2024-11-02 00:00:00,Period Tracker,14.9,Android
MM_1220,2024-10-03,2024-11-24 00:00:00,Period Tracker,4.9,Android
MM_1220,2024-10-03,2024-11-14 00:00:00,Period Tracker,2.4,iOS
MM_1220,2024-10-03,2024-10-09 00:00:00,Symptom Logger,10.9,iOS
MM_1220,2024-10-03,2024-10-17 00:00:00,Health Articles,14.3,Android
MM_1220,2024-10-03,2024-11-05 00:00:00,Period Tracker,9.8,Android
MM_1220,2024-10-03,2024-11-19 00:00:00,Period Tracker,4.6,Android
MM_1220,2024-10-03,2024-10-25 00:00:00,Period Tracker,7.2,Android
MM_1221,2024-08-08,2024-08-10 00:00:00,Period Tracker,10.9,Android
MM_1221,2024-08-08,2024-09-21 00:00:00,Community Forum,11.4,Android
MM_1221,2024-08-08,2024-09-21 00:00:00,Community Forum,11.6,Android
MM_1221,2024-08-08,2024-08-29 00:00:00,Community Forum,3.2,iOS
MM_1221,2024-08-08,2024-10-05 00:00:00,Community Forum,14.3,iOS
MM_1221,2024-08-08,2024-08-30 00:00:00,Period Tracker,5.0,iOS
MM_1221,2024-08-08,2024-09-30 00:00:00,Period Tracker,12.5,Android
MM_1221,2024-08-08,2024-08-13 00:00:00,Period Tracker,5.6,iOS
MM_1221,2024-08-08,2024-08-15 00:00:00,Symptom Logger,12.8,iOS
MM_1221,2024-08-08,2024-08-10 00:00:00,Community Forum,8.2,Android
MM_1221,2024-08-08,2024-10-02 00:00:00,Community Forum,3.6,Android
MM_1221,2024-08-08,2024-08-27 00:00:00,Period Tracker,3.4,Android
MM_1221,2024-08-08,2024-08-26 00:00:00,Symptom Logger,4.0,iOS
MM_1222,2024-10-17,2024-12-07 00:00:00,Community Forum,15.0,Android
MM_1222,2024-10-17,2024-11-16 00:00:00,Period Tracker,12.6,iOS
MM_1222,2024-10-17,2024-12-10 00:00:00,Period Tracker,9.8,iOS
MM_1222,2024-10-17,2024-10-21 00:00:00,Period Tracker,6.8,Android
MM_1222,2024-10-17,2024-11-16 00:00:00,Period Tracker,6.3,Android
MM_1222,2024-10-17,2024-11-26 00:00:00,Period Tracker,7.6,iOS
MM_1222,2024-10-17,2024-11-06 00:00:00,Period Tracker,13.0,Android
MM_1222,2024-10-17,2024-11-13 00:00:00,Community Forum,10.4,Android
MM_1222,2024-10-17,2024-11-15 00:00:00,Period Tracker,9.0,Android
MM_1222,2024-10-17,2024-12-11 00:00:00,Period Tracker,14.0,Android
MM_1222,2024-10-17,2024-12-02 00:00:00,Symptom Logger,2.3,Android
MM_1222,2024-10-17,2024-11-02 00:00:00,Period Tracker,14.9,Android
MM_1222,2024-10-17,2024-12-12 00:00:00,Period Tracker,3.2,Android
MM_1223,2024-10-12,2024-12-08 00:00:00,Period Tracker,14.9,iOS
MM_1224,2024-09-14,2024-11-01 00:00:00,Community Forum,9.3,iOS
MM_1224,2024-09-14,2024-11-04 00:00:00,Symptom Logger,10.0,iOS
MM_1224,2024-09-14,2024-09-26 00:00:00,Period Tracker,11.7,iOS
MM_1224,2024-09-14,2024-09-28 00:00:00,Period Tracker,6.5,iOS
MM_1224,2024-09-14,2024-09-29 00:00:00,Period Tracker,3.9,iOS
MM_1224,2024-09-14,2024-10-29 00:00:00,Symptom Logger,6.4,Android
MM_1224,2024-09-14,2024-10-15 00:00:00,Symptom Logger,7.5,iOS
MM_1224,2024-09-14,2024-11-04 00:00:00,Period Tracker,5.4,iOS
MM_1224,2024-09-14,2024-11-02 00:00:00,Health Articles,11.9,iOS
MM_1224,2024-09-14,2024-09-27 00:00:00,Period Tracker,11.0,Android
MM_1224,2024-09-14,2024-10-05 00:00:00,Period Tracker,2.4,iOS
MM_1225,2024-10-09,2024-10-26 00:00:00,Symptom Logger,2.4,Android
MM_1225,2024-10-09,2024-10-14 00:00:00,Period Tracker,6.6,Android
MM_1225,2024-10-09,2024-11-10 00:00:00,Period Tracker,3.2,Android
MM_1225,2024-10-09,2024-11-22 00:00:00,Period Tracker,13.7,iOS
MM_1225,2024-10-09,2024-10-26 00:00:00,Symptom Logger,10.3,iOS
MM_1225,2024-10-09,2024-11-30 00:00:00,Community Forum,3.0,Android
MM_1225,2024-10-09,2024-10-14 00:00:00,Period Tracker,12.4,Android
MM_1225,2024-10-09,2024-10-18 00:00:00,Period Tracker,9.3,Android
MM_1225,2024-10-09,2024-10-16 00:00:00,Symptom Logger,5.8,iOS
MM_1225,2024-10-09,2024-11-08 00:00:00,Period Tracker,13.8,Android
MM_1225,2024-10-09,2024-11-29 00:00:00,Period Tracker,5.5,iOS
MM_1225,2024-10-09,2024-11-25 00:00:00,Health Articles,6.8,Android
MM_1225,2024-10-09,2024-10-17 00:00:00,Period Tracker,14.1,iOS
MM_1225,2024-10-09,2024-11-21 00:00:00,Period Tracker,9.3,Android
MM_1225,2024-10-09,2024-10-26 00:00:00,Period Tracker,7.2,iOS
MM_1226,2024-08-31,2024-10-19 00:00:00,Period Tracker,4.1,iOS
MM_1226,2024-08-31,2024-10-29 00:00:00,Period Tracker,12.0,iOS
MM_1226,2024-08-31,2024-09-02 00:00:00,Health Articles,1.3,iOS
MM_1227,2024-10-25,2024-10-27 00:00:00,Period Tracker,8.3,iOS
MM_1228,2024-09-22,2024-11-08 00:00:00,Period Tracker,11.2,iOS
MM_1229,2024-09-18,2024-10-14 00:00:00,Period Tracker,1.9,iOS
MM_1229,2024-09-18,2024-09-18 00:00:00,Symptom Logger,1.9,Android
MM_1229,2024-09-18,2024-11-09 00:00:00,Period Tracker,1.7,Android
MM_1229,2024-09-18,2024-10-29 00:00:00,Period Tracker,13.3,iOS
MM_1229,2024-09-18,2024-10-09 00:00:00,Health Articles,14.6,Android
MM_1229,2024-09-18,2024-11-05 00:00:00,Period Tracker,2.5,iOS
MM_1229,2024-09-18,2024-11-06 00:00:00,Period Tracker,7.1,iOS
MM_1229,2024-09-18,2024-10-22 00:00:00,Symptom Logger,14.2,Android
MM_1229,2024-09-18,2024-10-05 00:00:00,Period Tracker,3.6,Android
MM_1229,2024-09-18,2024-10-20 00:00:00,Period Tracker,8.8,Android
MM_1229,2024-09-18,2024-11-01 00:00:00,Period Tracker,13.2,iOS
MM_1229,2024-09-18,2024-10-14 00:00:00,Period Tracker,6.5,Android
MM_1230,2024-09-06,2024-10-27 00:00:00,Symptom Logger,7.6,iOS
MM_1230,2024-09-06,2024-10-05 00:00:00,Symptom Logger,3.7,iOS
MM_1230,2024-09-06,2024-09-22 00:00:00,Community Forum,4.3,iOS
MM_1230,2024-09-06,2024-11-02 00:00:00,Period Tracker,11.5,iOS
MM_1230,2024-09-06,2024-10-17 00:00:00,Health Articles,9.9,Android
MM_1230,2024-09-06,2024-10-02 00:00:00,Period Tracker,2.5,iOS
MM_1230,2024-09-06,2024-10-22 00:00:00,Period Tracker,12.8,Android
MM_1230,2024-09-06,2024-10-23 00:00:00,Period Tracker,6.9,Android
MM_1230,2024-09-06,2024-09-27 00:00:00,Period Tracker,12.3,iOS
MM_1230,2024-09-06,2024-09-16 00:00:00,Health Articles,12.7,Android
MM_1230,2024-09-06,2024-10-10 00:00:00,Period Tracker,14.8,iOS
MM_1230,2024-09-06,2024-11-02 00:00:00,Period Tracker,9.3,Android
MM_1230,2024-09-06,2024-10-01 00:00:00,Health Articles,10.6,Android
MM_1230,2024-09-06,2024-10-05 00:00:00,Symptom Logger,9.3,Android
MM_1230,2024-09-06,2024-09-28 00:00:00,Health Articles,6.0,Android
MM_1230,2024-09-06,2024-09-28 00:00:00,Health Articles,8.5,iOS
MM_1231,2024-08-03,2024-08-20 00:00:00,Symptom Logger,11.1,iOS
MM_1231,2024-08-03,2024-09-05 00:00:00,Community Forum,2.1,iOS
MM_1231,2024-08-03,2024-09-19 00:00:00,Symptom Logger,10.5,Android
MM_1231,2024-08-03,2024-08-29 00:00:00,Community Forum,8.1,Android
MM_1231,2024-08-03,2024-09-27 00:00:00,Period Tracker,5.8,iOS
MM_1231,2024-08-03,2024-09-13 00:00:00,Community Forum,6.2,Android
MM_1231,2024-08-03,2024-08-27 00:00:00,Period Tracker,9.4,Android
MM_1231,2024-08-03,2024-09-30 00:00:00,Period Tracker,3.8,iOS
MM_1231,2024-08-03,2024-08-15 00:00:00,Period Tracker,14.0,Android
MM_1231,2024-08-03,2024-09-16 00:00:00,Period Tracker,7.3,iOS
MM_1231,2024-08-03,2024-09-04 00:00:00,Period Tracker,13.5,Android
MM_1231,2024-08-03,2024-09-04 00:00:00,Symptom Logger,9.6,iOS
MM_1231,2024-08-03,2024-09-04 00:00:00,Period Tracker,14.6,iOS
MM_1231,2024-08-03,2024-09-06 00:00:00,Period Tracker,3.3,Android
MM_1231,2024-08-03,2024-08-30 00:00:00,Community Forum,7.7,iOS
MM_1231,2024-08-03,2024-10-02 00:00:00,Health Articles,5.5,Android
MM_1231,2024-08-03,2024-09-25 00:00:00,Symptom Logger,4.2,iOS
MM_1231,2024-08-03,2024-08-21 00:00:00,Health Articles,1.9,Android
MM_1231,2024-08-03,2024-08-28 00:00:00,Period Tracker,8.5,Android
MM_1232,2024-09-21,2024-10-21 00:00:00,Period Tracker,11.1,Android
MM_1232,2024-09-21,2024-10-12 00:00:00,Period Tracker,4.3,iOS
MM_1232,2024-09-21,2024-09-30 00:00:00,Health Articles,11.4,iOS
MM_1232,2024-09-21,2024-11-15 00:00:00,Period Tracker,2.1,Android
MM_1232,2024-09-21,2024-10-02 00:00:00,Period Tracker,11.2,iOS
MM_1232,2024-09-21,2024-11-04 00:00:00,Health Articles,13.8,iOS
MM_1232,2024-09-21,2024-10-19 00:00:00,Symptom Logger,11.9,Android
MM_1232,2024-09-21,2024-11-20 00:00:00,Symptom Logger,3.2,iOS
MM_1233,2024-10-28,2024-10-28 00:00:00,Symptom Logger,9.0,Android
MM_1233,2024-10-28,2024-11-02 00:00:00,Period Tracker,7.4,iOS
MM_1234,2024-09-06,2024-10-29 00:00:00,Health Articles,14.8,iOS
MM_1234,2024-09-06,2024-09-14 00:00:00,Community Forum,14.3,iOS
MM_1234,2024-09-06,2024-10-09 00:00:00,Community Forum,4.4,Android
MM_1234,2024-09-06,2024-09-13 00:00:00,Period Tracker,7.0,Android
MM_1234,2024-09-06,2024-10-13 00:00:00,Period Tracker,14.6,iOS
MM_1234,2024-09-06,2024-10-06 00:00:00,Symptom Logger,11.0,Android
MM_1234,2024-09-06,2024-09-11 00:00:00,Symptom Logger,6.7,Android
MM_1234,2024-09-06,2024-09-21 00:00:00,Period Tracker,12.1,iOS
MM_1234,2024-09-06,2024-09-14 00:00:00,Symptom Logger,1.7,Android
MM_1234,2024-09-06,2024-09-26 00:00:00,Symptom Logger,11.0,iOS
MM_1235,2024-10-03,2024-12-01 00:00:00,Period Tracker,1.1,Android
MM_1235,2024-10-03,2024-11-17 00:00:00,Period Tracker,11.4,Android
MM_1235,2024-10-03,2024-11-09 00:00:00,Period Tracker,13.2,Android
MM_1236,2024-10-08,2024-12-02 00:00:00,Symptom Logger,12.5,Android
MM_1236,2024-10-08,2024-11-15 00:00:00,Period Tracker,4.6,Android
MM_1236,2024-10-08,2024-11-24 00:00:00,Period Tracker,4.1,Android
MM_1237,2024-10-09,2024-10-14 00:00:00,Period Tracker,14.3,Android
MM_1237,2024-10-09,2024-10-21 00:00:00,Period Tracker,14.7,iOS
MM_1237,2024-10-09,2024-10-12 00:00:00,Period Tracker,8.8,Android
MM_1237,2024-10-09,2024-11-01 00:00:00,Symptom Logger,9.1,iOS
MM_1237,2024-10-09,2024-10-20 00:00:00,Community Forum,12.4,Android
MM_1237,2024-10-09,2024-11-15 00:00:00,Period Tracker,11.4,Android
MM_1237,2024-10-09,2024-11-07 00:00:00,Health Articles,2.2,Android
MM_1237,2024-10-09,2024-12-01 00:00:00,Period Tracker,9.7,Android
MM_1237,2024-10-09,2024-10-30 00:00:00,Health Articles,13.0,Android
MM_1237,2024-10-09,2024-11-10 00:00:00,Period Tracker,8.4,iOS
MM_1237,2024-10-09,2024-10-23 00:00:00,Period Tracker,7.3,Android
MM_1237,2024-10-09,2024-11-17 00:00:00,Period Tracker,2.4,Android
MM_1237,2024-10-09,2024-11-05 00:00:00,Community Forum,6.6,iOS
MM_1238,2024-08-05,2024-08-30 00:00:00,Period Tracker,9.7,iOS
MM_1238,2024-08-05,2024-09-17 00:00:00,Health Articles,11.1,Android
MM_1238,2024-08-05,2024-09-14 00:00:00,Community Forum,8.6,iOS
MM_1238,2024-08-05,2024-08-26 00:00:00,Period Tracker,10.6,iOS
MM_1238,2024-08-05,2024-08-19 00:00:00,Symptom Logger,4.1,Android
MM_1238,2024-08-05,2024-09-13 00:00:00,Period Tracker,13.3,iOS
MM_1238,2024-08-05,2024-08-15 00:00:00,Period Tracker,10.5,iOS
MM_1238,2024-08-05,2024-08-17 00:00:00,Health Articles,2.7,Android
MM_1238,2024-08-05,2024-08-20 00:00:00,Period Tracker,12.9,iOS
MM_1238,2024-08-05,2024-08-07 00:00:00,Period Tracker,5.7,iOS
MM_1238,2024-08-05,2024-09-03 00:00:00,Period Tracker,9.6,iOS
MM_1238,2024-08-05,2024-08-30 00:00:00,Period Tracker,13.5,Android
MM_1238,2024-08-05,2024-08-30 00:00:00,Period Tracker,14.4,iOS
MM_1238,2024-08-05,2024-09-20 00:00:00,Period Tracker,9.9,Android
MM_1238,2024-08-05,2024-08-22 00:00:00,Period Tracker,10.1,Android
MM_1238,2024-08-05,2024-08-26 00:00:00,Health Articles,10.9,iOS
MM_1238,2024-08-05,2024-09-01 00:00:00,Period Tracker,7.9,Android
MM_1238,2024-08-05,2024-08-13 00:00:00,Period Tracker,14.0,Android
MM_1238,2024-08-05,2024-09-18 00:00:00,Health Articles,14.5,Android
MM_1238,2024-08-05,2024-08-06 00:00:00,Period Tracker,2.0,Android
MM_1239,2024-10-15,2024-11-23 00:00:00,Period Tracker,6.2,Android
MM_1239,2024-10-15,2024-12-06 00:00:00,Community Forum,2.8,Android
MM_1239,2024-10-15,2024-11-21 00:00:00,Symptom Logger,5.7,Android
MM_1239,2024-10-15,2024-10-22 00:00:00,Community Forum,1.5,iOS
MM_1239,2024-10-15,2024-12-07 00:00:00,Period Tracker,5.8,iOS
MM_1239,2024-10-15,2024-10-30 00:00:00,Period Tracker,8.3,Android
MM_1239,2024-10-15,2024-12-01 00:00:00,Period Tracker,,iOS
MM_1239,2024-10-15,2024-10-28 00:00:00,Symptom Logger,7.7,Android
MM_1240,2024-08-10,2024-10-08 00:00:00,Period Tracker,14.1,Android
MM_1240,2024-08-10,2024-09-06 00:00:00,Community Forum,8.1,iOS
MM_1240,2024-08-10,2024-09-11 00:00:00,Period Tracker,11.2,iOS
MM_1240,2024-08-10,2024-09-20 00:00:00,Symptom Logger,5.2,Android
MM_1240,2024-08-10,2024-08-26 00:00:00,Health Articles,3.5,iOS
MM_1240,2024-08-10,2024-08-10 00:00:00,Period Tracker,10.8,iOS
MM_1241,2024-08-31,2024-09-27 00:00:00,Community Forum,11.9,iOS
MM_1241,2024-08-31,2024-10-16 00:00:00,Period Tracker,3.3,Android
MM_1241,2024-08-31,2024-10-11 00:00:00,Health Articles,13.9,Android
MM_1241,2024-08-31,2024-10-07 00:00:00,Period Tracker,3.1,iOS
MM_1241,2024-08-31,2024-09-26 00:00:00,Community Forum,12.5,iOS
MM_1241,2024-08-31,2024-09-02 00:00:00,Period Tracker,5.5,Android
MM_1241,2024-08-31,2024-10-25 00:00:00,Period Tracker,14.8,iOS
MM_1241,2024-08-31,2024-10-30 00:00:00,Community Forum,13.9,iOS
MM_1241,2024-08-31,2024-10-17 00:00:00,Symptom Logger,8.9,Android
MM_1241,2024-08-31,2024-10-03 00:00:00,Community Forum,13.9,Android
MM_1242,2024-08-03,2024-09-08 00:00:00,Health Articles,14.9,Android
MM_1242,2024-08-03,2024-08-23 00:00:00,Health Articles,8.7,iOS
MM_1243,2024-08-03,2024-10-01 00:00:00,Period Tracker,13.2,Android
MM_1243,2024-08-03,2024-08-20 00:00:00,Health Articles,5.2,Android
MM_1244,2024-09-10,2024-10-12 00:00:00,Period Tracker,8.4,iOS
MM_1244,2024-09-10,2024-10-15 00:00:00,Health Articles,6.6,iOS
MM_1244,2024-09-10,2024-11-09 00:00:00,Period Tracker,7.7,Android
MM_1244,2024-09-10,2024-11-01 00:00:00,Period Tracker,11.0,Android
MM_1244,2024-09-10,2024-10-27 00:00:00,Symptom Logger,4.1,iOS
MM_1244,2024-09-10,2024-09-16 00:00:00,Community Forum,8.5,Android
MM_1244,2024-09-10,2024-09-24 00:00:00,Period Tracker,10.4,iOS
MM_1244,2024-09-10,2024-10-07 00:00:00,Community Forum,4.3,iOS
MM_1244,2024-09-10,2024-10-17 00:00:00,Period Tracker,7.5,Android
MM_1244,2024-09-10,2024-10-02 00:00:00,Community Forum,2.5,Android
MM_1244,2024-09-10,2024-09-12 00:00:00,Period Tracker,8.2,Android
MM_1244,2024-09-10,2024-10-03 00:00:00,Health Articles,14.4,Android
MM_1244,2024-09-10,2024-09-30 00:00:00,Period Tracker,14.7,Android
MM_1244,2024-09-10,2024-10-06 00:00:00,Period Tracker,13.0,Android
MM_1244,2024-09-10,2024-09-29 00:00:00,Symptom Logger,14.2,Android
MM_1244,2024-09-10,2024-09-22 00:00:00,Community Forum,1.4,Android
MM_1244,2024-09-10,2024-10-30 00:00:00,Period Tracker,2.9,Android
MM_1245,2024-09-17,2024-09-22 00:00:00,Symptom Logger,7.9,iOS
MM_1245,2024-09-17,2024-10-01 00:00:00,Symptom Logger,11.6,Android
MM_1246,2024-10-19,2024-12-14 00:00:00,Symptom Logger,4.3,iOS
MM_1247,2024-08-01,2024-09-21 00:00:00,Period Tracker,10.7,iOS
MM_1247,2024-08-01,2024-08-07 00:00:00,Period Tracker,14.1,iOS
MM_1247,2024-08-01,2024-09-10 00:00:00,Symptom Logger,13.4,iOS
MM_1247,2024-08-01,2024-09-22 00:00:00,Symptom Logger,9.6,Android
MM_1247,2024-08-01,2024-09-26 00:00:00,Community Forum,10.9,Android
MM_1247,2024-08-01,2024-08-30 00:00:00,Health Articles,13.4,Android
MM_1247,2024-08-01,2024-08-01 00:00:00,Period Tracker,13.6,iOS
MM_1247,2024-08-01,2024-08-17 00:00:00,Period Tracker,5.9,iOS
MM_1247,2024-08-01,2024-08-06 00:00:00,Period Tracker,7.4,Android
MM_1247,2024-08-01,2024-09-29 00:00:00,Health Articles,6.9,Android
MM_1247,2024-08-01,2024-08-14 00:00:00,Community Forum,6.4,iOS
MM_1247,2024-08-01,2024-08-31 00:00:00,Period Tracker,9.2,Android
MM_1247,2024-08-01,2024-09-10 00:00:00,Symptom Logger,5.4,Android
MM_1247,2024-08-01,2024-08-07 00:00:00,Community Forum,1.8,iOS
MM_1247,2024-08-01,2024-08-21 00:00:00,Period Tracker,,iOS
MM_1248,2024-09-14,2024-11-07 00:00:00,Period Tracker,4.3,Android
MM_1248,2024-09-14,2024-10-21 00:00:00,Community Forum,9.2,iOS
MM_1248,2024-09-14,2024-09-25 00:00:00,Symptom Logger,5.2,iOS
MM_1248,2024-09-14,2024-11-06 00:00:00,Period Tracker,4.9,iOS
MM_1248,2024-09-14,2024-11-02 00:00:00,Symptom Logger,6.1,iOS
MM_1248,2024-09-14,2024-10-25 00:00:00,Symptom Logger,4.1,Android
MM_1248,2024-09-14,2024-09-20 00:00:00,Symptom Logger,11.5,Android
MM_1248,2024-09-14,2024-11-03 00:00:00,Community Forum,12.7,iOS
MM_1248,2024-09-14,2024-10-21 00:00:00,Health Articles,14.4,iOS
MM_1248,2024-09-14,2024-11-02 00:00:00,Period Tracker,1.8,iOS
MM_1248,2024-09-14,2024-10-27 00:00:00,Community Forum,6.2,iOS
MM_1248,2024-09-14,2024-10-16 00:00:00,Symptom Logger,4.9,iOS
MM_1249,2024-09-29,2024-10-01 00:00:00,Period Tracker,5.6,Android
MM_1249,2024-09-29,2024-11-12 00:00:00,Health Articles,12.5,Android
MM_1250,2024-09-10,2024-09-16 00:00:00,Period Tracker,9.1,Android
MM_1250,2024-09-10,2024-10-03 00:00:00,Community Forum,5.1,iOS
MM_1251,2024-08-22,2024-08-31 00:00:00,Period Tracker,1.1,iOS
MM_1252,2024-09-20,2024-10-22 00:00:00,Community Forum,4.3,iOS
MM_1252,2024-09-20,2024-10-21 00:00:00,Period Tracker,12.3,iOS
MM_1252,2024-09-20,2024-10-16 00:00:00,Period Tracker,13.8,iOS
MM_1253,2024-09-12,2024-09-19 00:00:00,Period Tracker,3.0,iOS
MM_1253,2024-09-12,2024-11-08 00:00:00,Period Tracker,14.6,iOS
MM_1254,2024-08-13,2024-09-17 00:00:00,Symptom Logger,8.7,Android
MM_1254,2024-08-13,2024-10-04 00:00:00,Health Articles,3.6,Android
MM_1255,2024-10-05,2024-11-13 00:00:00,Period Tracker,11.7,Android
MM_1255,2024-10-05,2024-10-10 00:00:00,Period Tracker,8.0,iOS
MM_1256,2024-10-13,2024-12-11 00:00:00,Period Tracker,8.4,iOS
MM_1256,2024-10-13,2024-11-13 00:00:00,Health Articles,14.6,Android
MM_1257,2024-10-01,2024-11-19 00:00:00,Period Tracker,14.8,Android
MM_1257,2024-10-01,2024-10-09 00:00:00,Period Tracker,4.4,Android
MM_1257,2024-10-01,2024-10-25 00:00:00,Health Articles,4.4,iOS
MM_1257,2024-10-01,2024-10-30 00:00:00,Period Tracker,14.2,Android
MM_1257,2024-10-01,2024-10-29 00:00:00,Period Tracker,13.8,iOS
MM_1257,2024-10-01,2024-10-30 00:00:00,Symptom Logger,10.3,iOS
MM_1257,2024-10-01,2024-11-03 00:00:00,Symptom Logger,6.7,iOS
MM_1257,2024-10-01,2024-11-18 00:00:00,Period Tracker,10.2,Android
MM_1257,2024-10-01,2024-10-10 00:00:00,Period Tracker,6.9,iOS
MM_1257,2024-10-01,2024-11-03 00:00:00,Period Tracker,7.6,Android
MM_1257,2024-10-01,2024-11-07 00:00:00,Period Tracker,3.5,iOS
MM_1258,2024-09-05,2024-10-10 00:00:00,Period Tracker,14.1,iOS
MM_1258,2024-09-05,2024-09-26 00:00:00,Period Tracker,2.4,iOS
MM_1258,2024-09-05,2024-09-17 00:00:00,Period Tracker,1.8,iOS
MM_1258,2024-09-05,2024-10-22 00:00:00,Community Forum,12.7,Android
MM_1258,2024-09-05,2024-10-08 00:00:00,Period Tracker,8.8,iOS
MM_1258,2024-09-05,2024-09-06 00:00:00,Period Tracker,13.5,Android
MM_1258,2024-09-05,2024-10-07 00:00:00,Community Forum,7.0,Android
MM_1258,2024-09-05,2024-09-14 00:00:00,Health Articles,12.5,Android
MM_1258,2024-09-05,2024-09-17 00:00:00,Period Tracker,9.7,Android
MM_1259,2024-10-15,2024-10-18 00:00:00,Period Tracker,3.1,Android
MM_1259,2024-10-15,2024-11-11 00:00:00,Period Tracker,14.3,Android
MM_1259,2024-10-15,2024-10-30 00:00:00,Period Tracker,14.4,Android
MM_1259,2024-10-15,2024-11-09 00:00:00,Period Tracker,,iOS
MM_1259,2024-10-15,2024-11-27 00:00:00,Period Tracker,1.9,Android
MM_1259,2024-10-15,2024-11-19 00:00:00,Period Tracker,12.5,iOS
MM_1259,2024-10-15,2024-11-23 00:00:00,Period Tracker,5.6,Android
MM_1259,2024-10-15,2024-10-15 00:00:00,Symptom Logger,12.2,Android
MM_1259,2024-10-15,2024-11-19 00:00:00,Period Tracker,9.3,iOS
MM_1260,2024-08-28,2024-08-28 00:00:00,Community Forum,8.9,iOS
MM_1261,2024-09-07,2024-10-17 00:00:00,Period Tracker,11.7,Android
MM_1261,2024-09-07,2024-09-28 00:00:00,Community Forum,14.4,Android
MM_1261,2024-09-07,2024-09-28 00:00:00,Symptom Logger,7.2,iOS
MM_1261,2024-09-07,2024-09-24 00:00:00,Symptom Logger,4.0,Android
MM_1261,2024-09-07,2024-10-19 00:00:00,Symptom Logger,2.1,Android
MM_1261,2024-09-07,2024-10-17 00:00:00,Period Tracker,13.4,iOS
MM_1261,2024-09-07,2024-10-11 00:00:00,Symptom Logger,,Android
MM_1261,2024-09-07,2024-10-03 00:00:00,Period Tracker,2.0,iOS
MM_1261,2024-09-07,2024-10-16 00:00:00,Period Tracker,12.2,Android
MM_1261,2024-09-07,2024-10-13 00:00:00,Period Tracker,6.2,Android
MM_1261,2024-09-07,2024-10-03 00:00:00,Community Forum,9.5,Android
MM_1261,2024-09-07,2024-10-17 00:00:00,Symptom Logger,15.0,iOS
MM_1261,2024-09-07,2024-09-17 00:00:00,Period Tracker,1.9,iOS
MM_1262,2024-10-30,2024-12-19 00:00:00,Symptom Logger,14.1,Android
MM_1263,2024-08-08,2024-08-20 00:00:00,Period Tracker,10.3,iOS
MM_1263,2024-08-08,2024-09-27 00:00:00,Period Tracker,10.3,Android
MM_1263,2024-08-08,2024-09-11 00:00:00,Symptom Logger,11.0,iOS
MM_1263,2024-08-08,2024-08-24 00:00:00,Community Forum,8.4,Android
MM_1263,2024-08-08,2024-09-02 00:00:00,Period Tracker,3.1,iOS
MM_1263,2024-08-08,2024-10-04 00:00:00,Symptom Logger,6.3,Android
MM_1263,2024-08-08,2024-08-29 00:00:00,Period Tracker,2.5,Android
MM_1263,2024-08-08,2024-09-27 00:00:00,Period Tracker,9.6,Android
MM_1263,2024-08-08,2024-09-27 00:00:00,Symptom Logger,8.0,Android
MM_1263,2024-08-08,2024-08-20 00:00:00,Period Tracker,11.2,iOS
MM_1263,2024-08-08,2024-10-03 00:00:00,Period Tracker,10.3,iOS
MM_1263,2024-08-08,2024-09-23 00:00:00,Period Tracker,11.8,iOS
MM_1264,2024-08-27,2024-08-28 00:00:00,Community Forum,2.2,Android
MM_1264,2024-08-27,2024-10-25 00:00:00,Period Tracker,3.8,Android
MM_1264,2024-08-27,2024-08-28 00:00:00,Period Tracker,6.1,iOS
MM_1265,2024-10-26,2024-12-22 00:00:00,Symptom Logger,10.0,Android
MM_1265,2024-10-26,2024-12-21 00:00:00,Symptom Logger,14.2,iOS
MM_1265,2024-10-26,2024-11-11 00:00:00,Period Tracker,4.5,iOS
MM_1266,2024-09-27,2024-11-09 00:00:00,Period Tracker,14.6,iOS
MM_1266,2024-09-27,2024-11-26 00:00:00,Period Tracker,7.3,iOS
MM_1267,2024-10-26,2024-12-23 00:00:00,Period Tracker,5.9,iOS
MM_1267,2024-10-26,2024-11-02 00:00:00,Community Forum,2.5,Android
MM_1267,2024-10-26,2024-12-14 00:00:00,Period Tracker,1.4,iOS
MM_1267,2024-10-26,2024-11-16 00:00:00,Health Articles,3.5,iOS
MM_1267,2024-10-26,2024-11-17 00:00:00,Symptom Logger,6.9,Android
MM_1267,2024-10-26,2024-11-16 00:00:00,Symptom Logger,13.1,Android
MM_1267,2024-10-26,2024-12-25 00:00:00,Community Forum,2.8,iOS
MM_1267,2024-10-26,2024-12-23 00:00:00,Community Forum,6.9,Android
MM_1267,2024-10-26,2024-10-31 00:00:00,Period Tracker,12.6,Android
MM_1267,2024-10-26,2024-12-04 00:00:00,Community Forum,6.5,Android
MM_1267,2024-10-26,2024-12-17 00:00:00,Health Articles,8.4,iOS
MM_1267,2024-10-26,2024-11-30 00:00:00,Period Tracker,6.2,Android
MM_1267,2024-10-26,2024-11-28 00:00:00,Symptom Logger,14.7,iOS
MM_1267,2024-10-26,2024-11-16 00:00:00,Period Tracker,6.4,iOS
MM_1267,2024-10-26,2024-12-15 00:00:00,Community Forum,8.9,Android
MM_1268,2024-08-15,2024-10-07 00:00:00,Community Forum,8.3,iOS
MM_1268,2024-08-15,2024-09-12 00:00:00,Community Forum,1.9,Android
MM_1268,2024-08-15,2024-08-17 00:00:00,Period Tracker,13.1,Android
MM_1268,2024-08-15,2024-10-13 00:00:00,Symptom Logger,4.5,iOS
MM_1268,2024-08-15,2024-09-03 00:00:00,Symptom Logger,4.7,Android
MM_1268,2024-08-15,2024-09-28 00:00:00,Community Forum,5.0,iOS
MM_1268,2024-08-15,2024-10-06 00:00:00,Community Forum,3.5,Android
MM_1268,2024-08-15,2024-10-03 00:00:00,Community Forum,3.9,Android
MM_1268,2024-08-15,2024-08-15 00:00:00,Symptom Logger,4.9,Android
MM_1268,2024-08-15,2024-09-14 00:00:00,Period Tracker,9.4,iOS
MM_1268,2024-08-15,2024-08-15 00:00:00,Period Tracker,13.9,iOS
MM_1268,2024-08-15,2024-09-21 00:00:00,Health Articles,5.7,Android
MM_1268,2024-08-15,2024-09-14 00:00:00,Health Articles,13.2,iOS
MM_1268,2024-08-15,2024-09-20 00:00:00,Health Articles,8.3,iOS
MM_1268,2024-08-15,2024-08-25 00:00:00,Health Articles,13.5,Android
MM_1268,2024-08-15,2024-09-13 00:00:00,Symptom Logger,,Android
MM_1268,2024-08-15,2024-09-10 00:00:00,Period Tracker,6.1,Android
MM_1268,2024-08-15,2024-10-10 00:00:00,Community Forum,14.2,Android
MM_1268,2024-08-15,2024-09-08 00:00:00,Period Tracker,1.3,Android
MM_1268,2024-08-15,2024-09-27 00:00:00,Symptom Logger,13.1,Android
MM_1269,2024-08-23,2024-10-05 00:00:00,Period Tracker,1.4,Android
MM_1269,2024-08-23,2024-08-23 00:00:00,Symptom Logger,8.6,iOS
MM_1269,2024-08-23,2024-10-21 00:00:00,Period Tracker,,Android
MM_1269,2024-08-23,2024-09-23 00:00:00,Symptom Logger,9.4,Android
MM_1269,2024-08-23,2024-08-28 00:00:00,Period Tracker,14.9,iOS
MM_1269,2024-08-23,2024-08-31 00:00:00,Symptom Logger,10.5,Android
MM_1269,2024-08-23,2024-09-29 00:00:00,Symptom Logger,2.5,Android
MM_1269,2024-08-23,2024-09-12 00:00:00,Period Tracker,5.4,Android
MM_1269,2024-08-23,2024-09-17 00:00:00,Health Articles,6.5,iOS
MM_1269,2024-08-23,2024-10-18 00:00:00,Community Forum,4.4,iOS
MM_1269,2024-08-23,2024-09-21 00:00:00,Health Articles,,Android
MM_1269,2024-08-23,2024-09-01 00:00:00,Period Tracker,12.9,iOS
MM_1269,2024-08-23,2024-09-04 00:00:00,Period Tracker,1.2,Android
MM_1269,2024-08-23,2024-09-02 00:00:00,Period Tracker,12.4,Android
MM_1269,2024-08-23,2024-10-11 00:00:00,Symptom Logger,1.8,iOS
MM_1269,2024-08-23,2024-10-19 00:00:00,Period Tracker,10.7,iOS
MM_1270,2024-09-21,2024-10-28 00:00:00,Symptom Logger,11.5,Android
MM_1270,2024-09-21,2024-09-22 00:00:00,Period Tracker,14.8,iOS
MM_1270,2024-09-21,2024-11-15 00:00:00,Symptom Logger,12.8,Android
MM_1270,2024-09-21,2024-10-01 00:00:00,Symptom Logger,8.7,iOS
MM_1270,2024-09-21,2024-10-18 00:00:00,Period Tracker,10.7,iOS
MM_1271,2024-10-25,2024-11-29 00:00:00,Community Forum,3.5,iOS
MM_1271,2024-10-25,2024-12-14 00:00:00,Period Tracker,2.3,Android
MM_1271,2024-10-25,2024-11-30 00:00:00,Period Tracker,11.7,Android
MM_1271,2024-10-25,2024-11-21 00:00:00,Period Tracker,1.9,iOS
MM_1271,2024-10-25,2024-10-30 00:00:00,Period Tracker,14.2,iOS
MM_1271,2024-10-25,2024-12-16 00:00:00,Community Forum,12.9,Android
MM_1271,2024-10-25,2024-11-24 00:00:00,Community Forum,10.3,iOS
MM_1271,2024-10-25,2024-12-07 00:00:00,Community Forum,5.4,iOS
MM_1271,2024-10-25,2024-12-23 00:00:00,Health Articles,5.5,Android
MM_1271,2024-10-25,2024-11-25 00:00:00,Community Forum,12.3,iOS
MM_1271,2024-10-25,2024-10-30 00:00:00,Symptom Logger,13.7,iOS
MM_1271,2024-10-25,2024-11-06 00:00:00,Period Tracker,3.0,iOS
MM_1271,2024-10-25,2024-12-04 00:00:00,Period Tracker,11.3,iOS
MM_1271,2024-10-25,2024-11-06 00:00:00,Period Tracker,4.3,Android
MM_1271,2024-10-25,2024-11-04 00:00:00,Period Tracker,14.7,iOS
MM_1271,2024-10-25,2024-12-05 00:00:00,Health Articles,2.1,iOS
MM_1271,2024-10-25,2024-12-05 00:00:00,Community Forum,6.8,Android
MM_1272,2024-09-07,2024-09-18 00:00:00,Community Forum,10.3,iOS
MM_1272,2024-09-07,2024-10-26 00:00:00,Community Forum,3.6,Android
MM_1273,2024-08-06,2024-09-30 00:00:00,Symptom Logger,9.4,iOS
MM_1274,2024-10-26,2024-12-02 00:00:00,Symptom Logger,425.0,Android
MM_1274,2024-10-26,2024-12-07 00:00:00,Health Articles,8.5,Android
MM_1274,2024-10-26,2024-12-08 00:00:00,Period Tracker,11.3,Android
MM_1274,2024-10-26,2024-12-05 00:00:00,Period Tracker,2.5,iOS
MM_1274,2024-10-26,2024-12-24 00:00:00,Community Forum,,iOS
MM_1274,2024-10-26,2024-12-08 00:00:00,Health Articles,4.9,Android
MM_1274,2024-10-26,2024-10-28 00:00:00,Period Tracker,14.8,iOS
MM_1274,2024-10-26,2024-12-15 00:00:00,Symptom Logger,4.9,iOS
MM_1274,2024-10-26,2024-12-06 00:00:00,Period Tracker,,iOS
MM_1274,2024-10-26,2024-11-06 00:00:00,Health Articles,12.3,Android
MM_1274,2024-10-26,2024-10-26 00:00:00,Symptom Logger,8.5,Android
MM_1274,2024-10-26,2024-10-28 00:00:00,Community Forum,9.5,iOS
MM_1274,2024-10-26,2024-10-26 00:00:00,Period Tracker,1.3,iOS
MM_1274,2024-10-26,2024-12-10 00:00:00,Period Tracker,7.3,Android
MM_1275,2024-09-05,2024-09-15 00:00:00,Period Tracker,6.5,Android
MM_1275,2024-09-05,2024-10-03 00:00:00,Period Tracker,2.6,Android
MM_1276,2024-09-03,2024-09-06 00:00:00,Symptom Logger,3.1,iOS
MM_1276,2024-09-03,2024-09-10 00:00:00,Community Forum,5.5,iOS
MM_1276,2024-09-03,2024-09-16 00:00:00,Health Articles,7.6,iOS
MM_1276,2024-09-03,2024-09-19 00:00:00,Symptom Logger,4.5,iOS
MM_1276,2024-09-03,2024-10-07 00:00:00,Period Tracker,3.4,Android
MM_1276,2024-09-03,2024-10-21 00:00:00,Health Articles,13.4,Android
MM_1276,2024-09-03,2024-10-10 00:00:00,Period Tracker,11.3,Android
MM_1276,2024-09-03,2024-10-17 00:00:00,Period Tracker,8.3,Android
MM_1276,2024-09-03,2024-09-06 00:00:00,Period Tracker,12.2,Android
MM_1276,2024-09-03,2024-09-24 00:00:00,Period Tracker,6.2,iOS
MM_1276,2024-09-03,2024-10-03 00:00:00,Period Tracker,2.6,Android
MM_1276,2024-09-03,2024-09-08 00:00:00,Period Tracker,4.6,Android
MM_1276,2024-09-03,2024-10-03 00:00:00,Community Forum,2.7,iOS
MM_1276,2024-09-03,2024-09-14 00:00:00,Symptom Logger,13.5,iOS
MM_1277,2024-08-31,2024-09-05 00:00:00,Health Articles,4.3,iOS
MM_1278,2024-09-07,2024-09-09 00:00:00,Period Tracker,8.2,Android
MM_1278,2024-09-07,2024-09-20 00:00:00,Period Tracker,11.4,iOS
MM_1278,2024-09-07,2024-10-16 00:00:00,Period Tracker,1.9,iOS
MM_1278,2024-09-07,2024-10-04 00:00:00,Period Tracker,14.9,iOS
MM_1278,2024-09-07,2024-09-16 00:00:00,Period Tracker,7.4,iOS
MM_1278,2024-09-07,2024-09-08 00:00:00,Period Tracker,6.6,iOS
MM_1278,2024-09-07,2024-10-15 00:00:00,Symptom Logger,11.4,Android
MM_1279,2024-10-27,2024-12-05 00:00:00,Period Tracker,13.8,iOS
MM_1280,2024-08-09,2024-10-08 00:00:00,Community Forum,3.9,iOS
MM_1280,2024-08-09,2024-10-04 00:00:00,Symptom Logger,14.4,Android
MM_1280,2024-08-09,2024-09-12 00:00:00,Health Articles,9.3,Android
MM_1280,2024-08-09,2024-09-30 00:00:00,Period Tracker,5.0,iOS
MM_1280,2024-08-09,2024-09-13 00:00:00,Period Tracker,5.4,iOS
MM_1280,2024-08-09,2024-08-24 00:00:00,Period Tracker,3.1,iOS
MM_1280,2024-08-09,2024-10-08 00:00:00,Community Forum,8.3,Android
MM_1280,2024-08-09,2024-09-12 00:00:00,Period Tracker,11.3,iOS
MM_1280,2024-08-09,2024-09-20 00:00:00,Period Tracker,10.6,Android
MM_1280,2024-08-09,2024-09-20 00:00:00,Period Tracker,11.5,iOS
MM_1280,2024-08-09,2024-08-27 00:00:00,Period Tracker,,iOS
MM_1281,2024-09-21,2024-10-12 00:00:00,Period Tracker,4.8,iOS
MM_1281,2024-09-21,2024-11-07 00:00:00,Period Tracker,5.9,iOS
MM_1282,2024-10-10,2024-10-10 00:00:00,Symptom Logger,13.6,Android
MM_1282,2024-10-10,2024-10-12 00:00:00,Period Tracker,9.2,iOS
MM_1282,2024-10-10,2024-10-23 00:00:00,Period Tracker,12.2,iOS
MM_1282,2024-10-10,2024-11-04 00:00:00,Period Tracker,5.5,Android
MM_1282,2024-10-10,2024-11-12 00:00:00,Period Tracker,4.5,Android
MM_1282,2024-10-10,2024-10-24 00:00:00,Period Tracker,7.6,Android
MM_1282,2024-10-10,2024-11-11 00:00:00,Symptom Logger,10.7,iOS
MM_1282,2024-10-10,2024-10-11 00:00:00,Period Tracker,8.5,Android
MM_1282,2024-10-10,2024-11-17 00:00:00,Period Tracker,5.4,iOS
MM_1282,2024-10-10,2024-10-31 00:00:00,Community Forum,8.5,Android
MM_1282,2024-10-10,2024-11-23 00:00:00,Health Articles,3.8,Android
MM_1282,2024-10-10,2024-10-12 00:00:00,Period Tracker,6.9,iOS
MM_1282,2024-10-10,2024-11-08 00:00:00,Period Tracker,9.2,iOS
MM_1282,2024-10-10,2024-11-23 00:00:00,Community Forum,11.8,Android
MM_1282,2024-10-10,2024-11-07 00:00:00,Symptom Logger,6.4,iOS
MM_1282,2024-10-10,2024-12-04 00:00:00,Period Tracker,11.9,Android
MM_1282,2024-10-10,2024-11-14 00:00:00,Community Forum,6.3,iOS
MM_1282,2024-10-10,2024-10-31 00:00:00,Period Tracker,12.6,iOS
MM_1282,2024-10-10,2024-11-08 00:00:00,Symptom Logger,13.3,Android
MM_1283,2024-08-21,2024-10-02 00:00:00,Community Forum,4.2,iOS
MM_1283,2024-08-21,2024-10-16 00:00:00,Period Tracker,8.9,Android
MM_1283,2024-08-21,2024-10-16 00:00:00,Symptom Logger,6.3,Android
MM_1283,2024-08-21,2024-09-01 00:00:00,Period Tracker,10.4,Android
MM_1283,2024-08-21,2024-09-19 00:00:00,Health Articles,3.0,iOS
MM_1283,2024-08-21,2024-10-13 00:00:00,Symptom Logger,,Android
MM_1283,2024-08-21,2024-09-12 00:00:00,Period Tracker,9.7,Android
MM_1283,2024-08-21,2024-08-26 00:00:00,Period Tracker,3.8,Android
MM_1283,2024-08-21,2024-09-16 00:00:00,Health Articles,8.9,iOS
MM_1283,2024-08-21,2024-09-07 00:00:00,Health Articles,1.1,Android
MM_1283,2024-08-21,2024-09-05 00:00:00,Period Tracker,12.5,iOS
MM_1283,2024-08-21,2024-10-10 00:00:00,Period Tracker,9.0,iOS
MM_1283,2024-08-21,2024-10-12 00:00:00,Period Tracker,7.5,Android
MM_1283,2024-08-21,2024-09-18 00:00:00,Symptom Logger,12.0,Android
MM_1283,2024-08-21,2024-09-04 00:00:00,Period Tracker,5.2,iOS
MM_1284,2024-08-26,2024-08-26 00:00:00,Community Forum,6.8,iOS
MM_1284,2024-08-26,2024-10-17 00:00:00,Period Tracker,11.2,Android
MM_1284,2024-08-26,2024-09-20 00:00:00,Symptom Logger,2.1,Android
MM_1284,2024-08-26,2024-08-31 00:00:00,Symptom Logger,8.5,iOS
MM_1284,2024-08-26,2024-09-20 00:00:00,Community Forum,4.4,Android
MM_1284,2024-08-26,2024-10-08 00:00:00,Health Articles,3.5,Android
MM_1284,2024-08-26,2024-10-17 00:00:00,Period Tracker,4.2,Android
MM_1284,2024-08-26,2024-10-10 00:00:00,Period Tracker,9.2,iOS
MM_1284,2024-08-26,2024-10-17 00:00:00,Community Forum,6.8,Android
MM_1284,2024-08-26,2024-10-18 00:00:00,Symptom Logger,6.8,Android
MM_1284,2024-08-26,2024-10-04 00:00:00,Period Tracker,8.1,Android
MM_1284,2024-08-26,2024-08-27 00:00:00,Symptom Logger,9.7,Android
MM_1284,2024-08-26,2024-10-07 00:00:00,Period Tracker,11.8,iOS
MM_1284,2024-08-26,2024-09-25 00:00:00,Period Tracker,9.9,iOS
MM_1284,2024-08-26,2024-09-19 00:00:00,Period Tracker,13.8,iOS
MM_1284,2024-08-26,2024-09-19 00:00:00,Period Tracker,14.2,iOS
MM_1284,2024-08-26,2024-09-04 00:00:00,Community Forum,12.1,Android
MM_1284,2024-08-26,2024-10-09 00:00:00,Community Forum,12.0,Android
MM_1284,2024-08-26,2024-10-04 00:00:00,Health Articles,7.5,Android
MM_1284,2024-08-26,2024-09-01 00:00:00,Community Forum,4.7,iOS
MM_1285,2024-09-06,2024-09-07 00:00:00,Symptom Logger,13.2,iOS
MM_1285,2024-09-06,2024-09-23 00:00:00,Health Articles,10.3,iOS
MM_1285,2024-09-06,2024-09-18 00:00:00,Symptom Logger,5.1,iOS
MM_1286,2024-09-30,2024-10-06 00:00:00,Symptom Logger,7.7,iOS
MM_1286,2024-09-30,2024-11-15 00:00:00,Period Tracker,13.3,Android
MM_1286,2024-09-30,2024-10-30 00:00:00,Period Tracker,5.6,Android
MM_1286,2024-09-30,2024-10-14 00:00:00,Period Tracker,5.3,iOS
MM_1286,2024-09-30,2024-10-29 00:00:00,Period Tracker,14.5,Android
MM_1286,2024-09-30,2024-10-29 00:00:00,Community Forum,14.6,iOS
MM_1287,2024-09-03,2024-09-16 00:00:00,Symptom Logger,14.1,iOS
MM_1287,2024-09-03,2024-10-26 00:00:00,Community Forum,13.5,iOS
MM_1287,2024-09-03,2024-10-07 00:00:00,Period Tracker,11.5,iOS
MM_1287,2024-09-03,2024-09-10 00:00:00,Community Forum,6.0,Android
MM_1287,2024-09-03,2024-09-20 00:00:00,Health Articles,6.8,Android
MM_1287,2024-09-03,2024-10-11 00:00:00,Period Tracker,11.7,Android
MM_1287,2024-09-03,2024-10-21 00:00:00,Symptom Logger,8.0,Android
MM_1287,2024-09-03,2024-10-10 00:00:00,Health Articles,9.1,Android
MM_1287,2024-09-03,2024-09-07 00:00:00,Symptom Logger,7.7,iOS
MM_1287,2024-09-03,2024-11-02 00:00:00,Period Tracker,13.0,iOS
MM_1287,2024-09-03,2024-09-09 00:00:00,Period Tracker,11.5,Android
MM_1287,2024-09-03,2024-10-09 00:00:00,Period Tracker,12.3,Android
MM_1287,2024-09-03,2024-10-10 00:00:00,Health Articles,12.4,iOS
MM_1287,2024-09-03,2024-10-08 00:00:00,Period Tracker,10.0,Android
MM_1287,2024-09-03,2024-09-10 00:00:00,Symptom Logger,5.7,Android
MM_1288,2024-09-16,2024-09-20 00:00:00,Symptom Logger,2.8,iOS
MM_1288,2024-09-16,2024-11-12 00:00:00,Community Forum,11.2,Android
MM_1288,2024-09-16,2024-10-15 00:00:00,Symptom Logger,3.3,Android
MM_1288,2024-09-16,2024-10-04 00:00:00,Period Tracker,11.6,iOS
MM_1288,2024-09-16,2024-09-17 00:00:00,Community Forum,6.9,Android
MM_1288,2024-09-16,2024-11-15 00:00:00,Community Forum,5.7,iOS
MM_1288,2024-09-16,2024-10-07 00:00:00,Period Tracker,10.8,iOS
MM_1288,2024-09-16,2024-09-19 00:00:00,Community Forum,9.0,iOS
MM_1288,2024-09-16,2024-10-21 00:00:00,Period Tracker,3.7,iOS
MM_1288,2024-09-16,2024-09-17 00:00:00,Period Tracker,9.7,iOS
MM_1288,2024-09-16,2024-11-09 00:00:00,Community Forum,14.5,Android
MM_1288,2024-09-16,2024-10-27 00:00:00,Period Tracker,6.8,iOS
MM_1288,2024-09-16,2024-09-20 00:00:00,Community Forum,7.6,Android
MM_1288,2024-09-16,2024-10-06 00:00:00,Period Tracker,14.6,iOS
MM_1288,2024-09-16,2024-09-26 00:00:00,Period Tracker,9.0,iOS
MM_1288,2024-09-16,2024-10-15 00:00:00,Community Forum,7.6,Android
MM_1288,2024-09-16,2024-10-26 00:00:00,Health Articles,14.6,Android
MM_1288,2024-09-16,2024-10-11 00:00:00,Symptom Logger,5.3,Android
MM_1288,2024-09-16,2024-09-26 00:00:00,Period Tracker,14.2,Android
MM_1289,2024-08-15,2024-09-12 00:00:00,Period Tracker,10.7,iOS
MM_1290,2024-10-25,2024-11-04 00:00:00,Period Tracker,10.2,Android
MM_1290,2024-10-25,2024-12-13 00:00:00,Period Tracker,1.4,Android
MM_1290,2024-10-25,2024-11-01 00:00:00,Period Tracker,7.4,iOS
MM_1290,2024-10-25,2024-11-19 00:00:00,Period Tracker,13.9,iOS
MM_1290,2024-10-25,2024-11-24 00:00:00,Period Tracker,12.1,iOS
MM_1290,2024-10-25,2024-12-20 00:00:00,Period Tracker,4.4,iOS
MM_1291,2024-08-15,2024-10-11 00:00:00,Period Tracker,9.4,Android
MM_1292,2024-10-15,2024-11-21 00:00:00,Period Tracker,14.9,iOS
MM_1292,2024-10-15,2024-11-29 00:00:00,Community Forum,4.8,Android
MM_1292,2024-10-15,2024-11-03 00:00:00,Period Tracker,6.4,iOS
MM_1293,2024-09-17,2024-09-21 00:00:00,Symptom Logger,6.0,Android
MM_1293,2024-09-17,2024-09-19 00:00:00,Community Forum,6.2,iOS
MM_1293,2024-09-17,2024-10-02 00:00:00,Symptom Logger,10.7,Android
MM_1294,2024-09-26,2024-10-30 00:00:00,Period Tracker,14.6,Android
MM_1294,2024-09-26,2024-11-07 00:00:00,Community Forum,14.7,iOS
MM_1295,2024-09-15,2024-09-30 00:00:00,Period Tracker,6.4,Android
MM_1295,2024-09-15,2024-09-25 00:00:00,Symptom Logger,6.5,Android
MM_1295,2024-09-15,2024-10-22 00:00:00,Health Articles,8.2,iOS
MM_1295,2024-09-15,2024-11-06 00:00:00,Community Forum,12.7,Android
MM_1295,2024-09-15,2024-10-10 00:00:00,Period Tracker,11.3,iOS
MM_1295,2024-09-15,2024-10-08 00:00:00,Period Tracker,8.6,iOS
MM_1295,2024-09-15,2024-11-14 00:00:00,Symptom Logger,12.3,iOS
MM_1295,2024-09-15,2024-09-21 00:00:00,Period Tracker,2.7,Android
MM_1295,2024-09-15,2024-10-04 00:00:00,Health Articles,2.9,Android
MM_1295,2024-09-15,2024-09-17 00:00:00,Period Tracker,5.9,iOS
MM_1295,2024-09-15,2024-10-09 00:00:00,Period Tracker,3.8,Android
MM_1295,2024-09-15,2024-10-15 00:00:00,Period Tracker,2.7,iOS
MM_1295,2024-09-15,2024-10-13 00:00:00,Period Tracker,7.4,iOS
MM_1295,2024-09-15,2024-10-16 00:00:00,Community Forum,2.6,iOS
MM_1295,2024-09-15,2024-11-08 00:00:00,Period Tracker,11.2,iOS
MM_1295,2024-09-15,2024-09-20 00:00:00,Period Tracker,8.0,iOS
MM_1295,2024-09-15,2024-11-05 00:00:00,Symptom Logger,2.1,iOS
MM_1295,2024-09-15,2024-11-12 00:00:00,Period Tracker,11.8,Android
MM_1296,2024-10-24,2024-12-15 00:00:00,Period Tracker,11.0,Android
MM_1296,2024-10-24,2024-12-03 00:00:00,Symptom Logger,11.4,iOS
MM_1296,2024-10-24,2024-12-01 00:00:00,Period Tracker,10.6,iOS
MM_1296,2024-10-24,2024-10-28 00:00:00,Symptom Logger,11.7,Android
MM_1296,2024-10-24,2024-11-14 00:00:00,Period Tracker,12.0,iOS
MM_1296,2024-10-24,2024-10-26 00:00:00,Period Tracker,10.1,iOS
MM_1296,2024-10-24,2024-11-11 00:00:00,Period Tracker,14.4,iOS
MM_1297,2024-08-29,2024-09-26 00:00:00,Period Tracker,6.6,iOS
MM_1297,2024-08-29,2024-09-18 00:00:00,Period Tracker,11.1,iOS
MM_1297,2024-08-29,2024-09-28 00:00:00,Period Tracker,14.9,iOS
MM_1297,2024-08-29,2024-09-03 00:00:00,Period Tracker,4.4,iOS
MM_1297,2024-08-29,2024-09-07 00:00:00,Period Tracker,9.9,iOS
MM_1297,2024-08-29,2024-09-26 00:00:00,Period Tracker,13.2,iOS
MM_1297,2024-08-29,2024-08-29 00:00:00,Community Forum,11.5,iOS
MM_1297,2024-08-29,2024-09-06 00:00:00,Health Articles,11.1,iOS
MM_1297,2024-08-29,2024-10-25 00:00:00,Period Tracker,11.5,iOS
MM_1297,2024-08-29,2024-09-03 00:00:00,Period Tracker,6.3,iOS
MM_1297,2024-08-29,2024-10-11 00:00:00,Period Tracker,14.6,Android
MM_1298,2024-09-21,2024-11-18 00:00:00,Period Tracker,1.1,Android
MM_1299,2024-10-07,2024-10-18 00:00:00,Symptom Logger,2.2,Android
MM_1299,2024-10-07,2024-10-29 00:00:00,Period Tracker,12.2,iOS
MM_1299,2024-10-07,2024-11-21 00:00:00,Period Tracker,11.9,iOS
MM_1299,2024-10-07,2024-11-01 00:00:00,Health Articles,8.0,iOS
MM_1299,2024-10-07,2024-10-25 00:00:00,Symptom Logger,7.5,Android
MM_1299,2024-10-07,2024-10-24 00:00:00,Symptom Logger,11.4,iOS
MM_1299,2024-10-07,2024-10-24 00:00:00,Period Tracker,4.6,iOS
MM_1299,2024-10-07,2024-11-19 00:00:00,Period Tracker,2.6,Android
MM_1299,2024-10-07,2024-11-01 00:00:00,Symptom Logger,7.5,Android
MM_1300,2024-08-26,2024-09-12 00:00:00,Period Tracker,2.7,Android
MM_1300,2024-08-26,2024-09-06 00:00:00,Community Forum,1.8,iOS
MM_1300,2024-08-26,2024-10-25 00:00:00,Period Tracker,14.7,Android
MM_1301,2024-09-22,2024-09-23 00:00:00,Period Tracker,12.7,iOS
MM_1301,2024-09-22,2024-10-14 00:00:00,Period Tracker,8.9,iOS
MM_1301,2024-09-22,2024-11-13 00:00:00,Period Tracker,2.7,iOS
MM_1301,2024-09-22,2024-10-09 00:00:00,Period Tracker,13.8,iOS
MM_1301,2024-09-22,2024-11-13 00:00:00,Community Forum,12.9,iOS
MM_1301,2024-09-22,2024-11-02 00:00:00,Symptom Logger,7.9,Android
MM_1301,2024-09-22,2024-11-06 00:00:00,Period Tracker,2.9,iOS
MM_1301,2024-09-22,2024-10-06 00:00:00,Community Forum,10.5,Android
MM_1301,2024-09-22,2024-09-26 00:00:00,Health Articles,5.9,iOS
MM_1302,2024-08-17,2024-09-20 00:00:00,Period Tracker,2.7,Android
MM_1302,2024-08-17,2024-09-22 00:00:00,Period Tracker,1.4,Android
MM_1303,2024-10-20,2024-11-21 00:00:00,Period Tracker,2.9,iOS
MM_1303,2024-10-20,2024-11-27 00:00:00,Period Tracker,9.5,Android
MM_1303,2024-10-20,2024-11-27 00:00:00,Period Tracker,7.5,iOS
MM_1303,2024-10-20,2024-12-10 00:00:00,Period Tracker,7.4,Android
MM_1303,2024-10-20,2024-12-18 00:00:00,Health Articles,14.6,Android
MM_1303,2024-10-20,2024-11-07 00:00:00,Period Tracker,4.9,iOS
MM_1303,2024-10-20,2024-12-19 00:00:00,Period Tracker,2.9,Android
MM_1303,2024-10-20,2024-10-26 00:00:00,Symptom Logger,9.8,Android
MM_1303,2024-10-20,2024-11-01 00:00:00,Symptom Logger,13.2,Android
MM_1303,2024-10-20,2024-12-01 00:00:00,Symptom Logger,9.6,iOS
MM_1303,2024-10-20,2024-11-16 00:00:00,Period Tracker,14.4,iOS
MM_1303,2024-10-20,2024-10-29 00:00:00,Period Tracker,8.0,iOS
MM_1303,2024-10-20,2024-12-16 00:00:00,Symptom Logger,8.8,iOS
MM_1303,2024-10-20,2024-11-23 00:00:00,Period Tracker,3.7,iOS
MM_1303,2024-10-20,2024-11-15 00:00:00,Period Tracker,11.0,Android
MM_1303,2024-10-20,2024-11-27 00:00:00,Health Articles,12.6,iOS
MM_1304,2024-08-21,2024-08-27 00:00:00,Period Tracker,10.5,iOS
MM_1304,2024-08-21,2024-09-04 00:00:00,Symptom Logger,6.1,iOS
MM_1304,2024-08-21,2024-08-26 00:00:00,Period Tracker,2.1,Android
MM_1304,2024-08-21,2024-09-03 00:00:00,Symptom Logger,14.2,Android
MM_1304,2024-08-21,2024-10-19 00:00:00,Period Tracker,7.0,iOS
MM_1304,2024-08-21,2024-09-18 00:00:00,Period Tracker,8.6,Android
MM_1304,2024-08-21,2024-09-25 00:00:00,Health Articles,11.5,iOS
MM_1304,2024-08-21,2024-10-02 00:00:00,Period Tracker,8.9,Android
MM_1304,2024-08-21,2024-09-25 00:00:00,Community Forum,8.5,Android
MM_1304,2024-08-21,2024-10-05 00:00:00,Period Tracker,8.9,iOS
MM_1304,2024-08-21,2024-10-19 00:00:00,Period Tracker,3.9,Android
MM_1304,2024-08-21,2024-10-10 00:00:00,Period Tracker,1.0,iOS
MM_1304,2024-08-21,2024-09-10 00:00:00,Symptom Logger,5.5,iOS
MM_1304,2024-08-21,2024-09-13 00:00:00,Period Tracker,1.5,iOS
MM_1304,2024-08-21,2024-09-09 00:00:00,Period Tracker,10.5,Android
MM_1305,2024-10-15,2024-10-21 00:00:00,Period Tracker,3.1,iOS
MM_1305,2024-10-15,2024-11-30 00:00:00,Symptom Logger,4.2,Android
MM_1305,2024-10-15,2024-12-13 00:00:00,Period Tracker,7.5,Android
MM_1305,2024-10-15,2024-11-03 00:00:00,Period Tracker,13.2,Android
MM_1305,2024-10-15,2024-12-09 00:00:00,Period Tracker,13.3,iOS
MM_1305,2024-10-15,2024-12-05 00:00:00,Period Tracker,5.3,iOS
MM_1305,2024-10-15,2024-11-07 00:00:00,Period Tracker,3.1,iOS
MM_1305,2024-10-15,2024-12-10 00:00:00,Period Tracker,1.4,Android
MM_1306,2024-10-28,2024-12-03 00:00:00,Period Tracker,7.8,iOS
MM_1306,2024-10-28,2024-12-27 00:00:00,Community Forum,12.4,iOS
MM_1306,2024-10-28,2024-11-09 00:00:00,Health Articles,10.7,Android
MM_1307,2024-08-14,2024-10-09 00:00:00,Symptom Logger,3.7,Android
MM_1307,2024-08-14,2024-09-01 00:00:00,Community Forum,13.1,Android
MM_1307,2024-08-14,2024-08-26 00:00:00,Community Forum,10.0,Android
MM_1308,2024-09-25,2024-10-02 00:00:00,Symptom Logger,2.3,iOS
MM_1309,2024-10-24,2024-11-13 00:00:00,Community Forum,3.3,iOS
MM_1309,2024-10-24,2024-11-20 00:00:00,Period Tracker,5.2,Android
MM_1309,2024-10-24,2024-10-29 00:00:00,Period Tracker,7.5,Android
MM_1310,2024-10-06,2024-10-24 00:00:00,Period Tracker,2.2,iOS
MM_1310,2024-10-06,2024-10-25 00:00:00,Symptom Logger,6.4,iOS
MM_1310,2024-10-06,2024-11-11 00:00:00,Health Articles,6.4,iOS
MM_1311,2024-10-24,2024-10-24 00:00:00,Period Tracker,4.2,Android
MM_1311,2024-10-24,2024-11-28 00:00:00,Symptom Logger,8.5,Android
MM_1311,2024-10-24,2024-12-11 00:00:00,Period Tracker,7.9,Android
MM_1311,2024-10-24,2024-11-17 00:00:00,Period Tracker,13.1,iOS
MM_1311,2024-10-24,2024-12-23 00:00:00,Community Forum,14.1,iOS
MM_1311,2024-10-24,2024-10-24 00:00:00,Period Tracker,8.8,iOS
MM_1311,2024-10-24,2024-12-09 00:00:00,Period Tracker,3.5,Android
MM_1311,2024-10-24,2024-12-17 00:00:00,Period Tracker,14.1,Android
MM_1311,2024-10-24,2024-11-07 00:00:00,Period Tracker,7.3,Android
MM_1311,2024-10-24,2024-10-27 00:00:00,Symptom Logger,3.0,Android
MM_1311,2024-10-24,2024-11-29 00:00:00,Health Articles,6.7,iOS
MM_1311,2024-10-24,2024-11-30 00:00:00,Health Articles,13.5,Android
MM_1311,2024-10-24,2024-11-17 00:00:00,Period Tracker,14.0,iOS
MM_1311,2024-10-24,2024-12-02 00:00:00,Health Articles,3.7,Android
MM_1311,2024-10-24,2024-11-23 00:00:00,Community Forum,13.6,iOS
MM_1311,2024-10-24,2024-11-30 00:00:00,Symptom Logger,14.2,iOS
MM_1311,2024-10-24,2024-11-03 00:00:00,Period Tracker,5.3,iOS
MM_1311,2024-10-24,2024-11-02 00:00:00,Period Tracker,8.3,Android
MM_1311,2024-10-24,2024-11-17 00:00:00,Community Forum,2.0,iOS
MM_1312,2024-09-21,2024-11-20 00:00:00,Community Forum,13.2,Android
MM_1312,2024-09-21,2024-09-30 00:00:00,Health Articles,1.2,Android
MM_1313,2024-10-01,2024-10-30 00:00:00,Symptom Logger,14.5,Android
MM_1313,2024-10-01,2024-10-03 00:00:00,Period Tracker,10.3,Android
MM_1313,2024-10-01,2024-11-12 00:00:00,Period Tracker,4.7,iOS
MM_1313,2024-10-01,2024-11-27 00:00:00,Period Tracker,11.5,iOS
MM_1313,2024-10-01,2024-11-03 00:00:00,Symptom Logger,2.3,Android
MM_1313,2024-10-01,2024-11-08 00:00:00,Symptom Logger,9.5,iOS
MM_1313,2024-10-01,2024-10-29 00:00:00,Period Tracker,10.6,iOS
MM_1313,2024-10-01,2024-10-11 00:00:00,Period Tracker,7.3,iOS
MM_1313,2024-10-01,2024-10-23 00:00:00,Period Tracker,7.0,iOS
MM_1313,2024-10-01,2024-11-20 00:00:00,Symptom Logger,11.3,iOS
MM_1313,2024-10-01,2024-10-28 00:00:00,Period Tracker,8.5,Android
MM_1313,2024-10-01,2024-11-23 00:00:00,Period Tracker,3.1,Android
MM_1313,2024-10-01,2024-10-13 00:00:00,Period Tracker,9.2,Android
MM_1313,2024-10-01,2024-11-18 00:00:00,Period Tracker,8.6,iOS
MM_1314,2024-08-23,2024-08-28 00:00:00,Period Tracker,1.3,Android
MM_1315,2024-08-19,2024-09-29 00:00:00,Period Tracker,4.2,iOS
MM_1316,2024-10-14,2024-10-17 00:00:00,Period Tracker,7.7,Android
MM_1317,2024-09-06,2024-10-26 00:00:00,Community Forum,6.0,iOS
MM_1317,2024-09-06,2024-09-21 00:00:00,Period Tracker,5.0,Android
MM_1317,2024-09-06,2024-09-30 00:00:00,Period Tracker,5.4,iOS
MM_1317,2024-09-06,2024-10-09 00:00:00,Community Forum,6.9,Android
MM_1317,2024-09-06,2024-10-11 00:00:00,Period Tracker,4.5,iOS
MM_1317,2024-09-06,2024-10-28 00:00:00,Period Tracker,7.2,iOS
MM_1317,2024-09-06,2024-11-04 00:00:00,Period Tracker,8.8,Android
MM_1318,2024-10-04,2024-11-29 00:00:00,Period Tracker,2.1,iOS
MM_1318,2024-10-04,2024-10-24 00:00:00,Symptom Logger,5.5,Android
MM_1318,2024-10-04,2024-11-02 00:00:00,Period Tracker,10.8,Android
MM_1319,2024-08-06,2024-09-05 00:00:00,Period Tracker,10.0,Android
MM_1319,2024-08-06,2024-09-09 00:00:00,Period Tracker,12.4,Android
MM_1319,2024-08-06,2024-08-13 00:00:00,Period Tracker,9.3,iOS
MM_1319,2024-08-06,2024-09-08 00:00:00,Symptom Logger,13.7,iOS
MM_1319,2024-08-06,2024-08-22 00:00:00,Period Tracker,1.8,Android
MM_1319,2024-08-06,2024-08-25 00:00:00,Health Articles,4.2,iOS
MM_1319,2024-08-06,2024-10-03 00:00:00,Symptom Logger,14.9,iOS
MM_1320,2024-10-07,2024-12-06 00:00:00,Community Forum,3.3,iOS
MM_1320,2024-10-07,2024-12-02 00:00:00,Symptom Logger,2.3,Android
MM_1320,2024-10-07,2024-10-27 00:00:00,Period Tracker,9.8,iOS
MM_1321,2024-08-28,2024-10-26 00:00:00,Period Tracker,10.6,Android
MM_1321,2024-08-28,2024-09-10 00:00:00,Period Tracker,1.8,iOS
MM_1321,2024-08-28,2024-09-22 00:00:00,Period Tracker,6.7,Android
MM_1321,2024-08-28,2024-10-06 00:00:00,Symptom Logger,11.0,iOS
MM_1321,2024-08-28,2024-08-28 00:00:00,Community Forum,1.0,iOS
MM_1321,2024-08-28,2024-09-11 00:00:00,Health Articles,11.3,iOS
MM_1321,2024-08-28,2024-10-05 00:00:00,Symptom Logger,5.4,Android
MM_1321,2024-08-28,2024-09-09 00:00:00,Period Tracker,12.1,Android
MM_1321,2024-08-28,2024-10-10 00:00:00,Symptom Logger,2.7,Android
MM_1321,2024-08-28,2024-10-15 00:00:00,Symptom Logger,11.0,iOS
MM_1321,2024-08-28,2024-09-30 00:00:00,Community Forum,7.2,Android
MM_1322,2024-08-10,2024-08-20 00:00:00,Symptom Logger,3.4,iOS
MM_1322,2024-08-10,2024-08-27 00:00:00,Period Tracker,1.8,Android
MM_1322,2024-08-10,2024-08-13 00:00:00,Health Articles,4.3,Android
MM_1322,2024-08-10,2024-08-14 00:00:00,Health Articles,5.9,Android
MM_1322,2024-08-10,2024-09-17 00:00:00,Period Tracker,13.1,Android
MM_1322,2024-08-10,2024-09-27 00:00:00,Health Articles,3.6,iOS
MM_1322,2024-08-10,2024-09-10 00:00:00,Period Tracker,6.4,Android
MM_1322,2024-08-10,2024-08-12 00:00:00,Symptom Logger,8.7,Android
MM_1322,2024-08-10,2024-09-26 00:00:00,Period Tracker,3.6,Android
MM_1322,2024-08-10,2024-09-12 00:00:00,Period Tracker,3.5,iOS
MM_1322,2024-08-10,2024-09-05 00:00:00,Period Tracker,4.0,Android
MM_1322,2024-08-10,2024-08-22 00:00:00,Community Forum,6.0,Android
MM_1323,2024-10-28,2024-11-08 00:00:00,Community Forum,1.4,iOS
MM_1323,2024-10-28,2024-12-08 00:00:00,Period Tracker,9.9,iOS
MM_1323,2024-10-28,2024-10-30 00:00:00,Period Tracker,8.8,iOS
MM_1323,2024-10-28,2024-11-13 00:00:00,Period Tracker,9.5,iOS
MM_1323,2024-10-28,2024-11-04 00:00:00,Community Forum,4.4,Android
MM_1323,2024-10-28,2024-12-22 00:00:00,Period Tracker,,Android
MM_1323,2024-10-28,2024-11-17 00:00:00,Community Forum,12.9,iOS
MM_1323,2024-10-28,2024-10-30 00:00:00,Period Tracker,5.0,iOS
MM_1323,2024-10-28,2024-11-17 00:00:00,Symptom Logger,3.6,Android
MM_1323,2024-10-28,2024-11-11 00:00:00,Symptom Logger,12.8,Android
MM_1323,2024-10-28,2024-12-08 00:00:00,Symptom Logger,13.3,iOS
MM_1323,2024-10-28,2024-11-30 00:00:00,Period Tracker,8.1,Android
MM_1323,2024-10-28,2024-12-21 00:00:00,Community Forum,,Android
MM_1323,2024-10-28,2024-11-15 00:00:00,Period Tracker,2.6,Android
MM_1323,2024-10-28,2024-12-10 00:00:00,Health Articles,14.4,Android
MM_1323,2024-10-28,2024-12-03 00:00:00,Health Articles,14.4,Android
MM_1323,2024-10-28,2024-11-27 00:00:00,Symptom Logger,3.5,iOS
MM_1323,2024-10-28,2024-11-13 00:00:00,Period Tracker,2.9,Android
MM_1324,2024-09-27,2024-10-19 00:00:00,Period Tracker,7.5,Android
MM_1324,2024-09-27,2024-10-08 00:00:00,Period Tracker,14.7,Android
MM_1324,2024-09-27,2024-10-16 00:00:00,Period Tracker,5.3,Android
MM_1324,2024-09-27,2024-10-10 00:00:00,Period Tracker,1.6,Android
MM_1324,2024-09-27,2024-10-18 00:00:00,Symptom Logger,7.5,iOS
MM_1324,2024-09-27,2024-11-08 00:00:00,Symptom Logger,7.8,iOS
MM_1324,2024-09-27,2024-11-11 00:00:00,Period Tracker,8.9,iOS
MM_1324,2024-09-27,2024-10-31 00:00:00,Health Articles,4.7,iOS
MM_1324,2024-09-27,2024-11-02 00:00:00,Community Forum,7.2,Android
MM_1324,2024-09-27,2024-11-21 00:00:00,Period Tracker,9.0,iOS
MM_1324,2024-09-27,2024-10-15 00:00:00,Period Tracker,11.1,iOS
MM_1324,2024-09-27,2024-10-30 00:00:00,Period Tracker,10.0,iOS
MM_1325,2024-09-18,2024-11-07 00:00:00,Period Tracker,13.4,iOS
MM_1325,2024-09-18,2024-10-31 00:00:00,Symptom Logger,9.8,iOS
MM_1325,2024-09-18,2024-09-22 00:00:00,Period Tracker,14.0,iOS
MM_1325,2024-09-18,2024-10-08 00:00:00,Community Forum,14.8,Android
MM_1325,2024-09-18,2024-10-10 00:00:00,Community Forum,1.5,iOS
MM_1326,2024-08-17,2024-10-07 00:00:00,Community Forum,9.4,iOS
MM_1326,2024-08-17,2024-09-07 00:00:00,Community Forum,7.1,Android
MM_1326,2024-08-17,2024-09-12 00:00:00,Period Tracker,8.1,iOS
MM_1326,2024-08-17,2024-09-03 00:00:00,Period Tracker,1.9,iOS
MM_1326,2024-08-17,2024-10-04 00:00:00,Period Tracker,6.7,Android
MM_1326,2024-08-17,2024-09-23 00:00:00,Period Tracker,4.3,Android
MM_1326,2024-08-17,2024-09-23 00:00:00,Community Forum,10.4,iOS
MM_1326,2024-08-17,2024-08-22 00:00:00,Period Tracker,13.7,Android
MM_1326,2024-08-17,2024-09-25 00:00:00,Community Forum,3.9,Android
MM_1326,2024-08-17,2024-08-22 00:00:00,Period Tracker,10.6,Android
MM_1326,2024-08-17,2024-10-15 00:00:00,Symptom Logger,7.1,iOS
MM_1327,2024-08-26,2024-09-16 00:00:00,Symptom Logger,8.3,iOS
MM_1327,2024-08-26,2024-09-21 00:00:00,Symptom Logger,3.0,iOS
MM_1327,2024-08-26,2024-10-05 00:00:00,Health Articles,4.8,Android
MM_1328,2024-08-19,2024-09-11 00:00:00,Symptom Logger,4.1,Android
MM_1328,2024-08-19,2024-10-02 00:00:00,Community Forum,13.6,iOS
MM_1328,2024-08-19,2024-10-15 00:00:00,Period Tracker,10.2,Android
MM_1328,2024-08-19,2024-09-25 00:00:00,Symptom Logger,14.4,Android
MM_1328,2024-08-19,2024-09-22 00:00:00,Symptom Logger,9.1,iOS
MM_1328,2024-08-19,2024-10-14 00:00:00,Period Tracker,3.7,Android
MM_1328,2024-08-19,2024-09-02 00:00:00,Community Forum,5.1,Android
MM_1328,2024-08-19,2024-09-19 00:00:00,Symptom Logger,8.0,iOS
MM_1328,2024-08-19,2024-10-06 00:00:00,Period Tracker,13.3,Android
MM_1328,2024-08-19,2024-09-03 00:00:00,Period Tracker,10.3,Android
MM_1328,2024-08-19,2024-09-11 00:00:00,Period Tracker,10.5,Android
MM_1328,2024-08-19,2024-08-31 00:00:00,Period Tracker,8.0,iOS
MM_1328,2024-08-19,2024-08-22 00:00:00,Period Tracker,2.9,iOS
MM_1328,2024-08-19,2024-09-08 00:00:00,Community Forum,6.7,iOS
MM_1328,2024-08-19,2024-08-24 00:00:00,Health Articles,14.7,Android
MM_1328,2024-08-19,2024-09-20 00:00:00,Period Tracker,13.1,iOS
MM_1328,2024-08-19,2024-09-22 00:00:00,Health Articles,8.8,iOS
MM_1329,2024-10-27,2024-12-15 00:00:00,Community Forum,14.8,iOS
MM_1329,2024-10-27,2024-11-14 00:00:00,Symptom Logger,,iOS
MM_1329,2024-10-27,2024-11-15 00:00:00,Community Forum,12.0,Android
MM_1329,2024-10-27,2024-11-20 00:00:00,Period Tracker,1.4,iOS
MM_1329,2024-10-27,2024-11-24 00:00:00,Period Tracker,9.3,iOS
MM_1329,2024-10-27,2024-12-07 00:00:00,Period Tracker,14.0,Android
MM_1329,2024-10-27,2024-12-18 00:00:00,Health Articles,13.4,iOS
MM_1329,2024-10-27,2024-11-29 00:00:00,Period Tracker,11.5,Android
MM_1329,2024-10-27,2024-11-04 00:00:00,Period Tracker,4.5,iOS
MM_1329,2024-10-27,2024-12-03 00:00:00,Health Articles,13.4,iOS
MM_1329,2024-10-27,2024-11-25 00:00:00,Period Tracker,1.3,Android
MM_1329,2024-10-27,2024-11-30 00:00:00,Period Tracker,7.6,Android
MM_1329,2024-10-27,2024-11-29 00:00:00,Period Tracker,7.4,Android
MM_1329,2024-10-27,2024-11-13 00:00:00,Community Forum,8.6,Android
MM_1329,2024-10-27,2024-10-29 00:00:00,Period Tracker,6.9,Android
MM_1329,2024-10-27,2024-11-11 00:00:00,Health Articles,2.3,iOS
MM_1330,2024-10-27,2024-11-02 00:00:00,Period Tracker,7.4,Android
MM_1330,2024-10-27,2024-11-30 00:00:00,Period Tracker,1.2,Android
MM_1330,2024-10-27,2024-12-01 00:00:00,Community Forum,13.7,Android
MM_1330,2024-10-27,2024-12-15 00:00:00,Period Tracker,,Android
MM_1330,2024-10-27,2024-11-24 00:00:00,Community Forum,5.3,Android
MM_1330,2024-10-27,2024-11-10 00:00:00,Period Tracker,14.2,iOS
MM_1330,2024-10-27,2024-11-18 00:00:00,Symptom Logger,10.3,iOS
MM_1330,2024-10-27,2024-12-11 00:00:00,Community Forum,7.1,iOS
MM_1330,2024-10-27,2024-11-28 00:00:00,Period Tracker,4.3,Android
MM_1330,2024-10-27,2024-11-01 00:00:00,Symptom Logger,4.4,Android
MM_1330,2024-10-27,2024-12-10 00:00:00,Symptom Logger,10.5,Android
MM_1331,2024-10-25,2024-11-21 00:00:00,Period Tracker,3.9,Android
MM_1331,2024-10-25,2024-12-04 00:00:00,Symptom Logger,6.7,iOS
MM_1331,2024-10-25,2024-11-05 00:00:00,Period Tracker,3.6,Android
MM_1331,2024-10-25,2024-11-11 00:00:00,Symptom Logger,3.3,iOS
MM_1331,2024-10-25,2024-12-14 00:00:00,Symptom Logger,4.5,Android
MM_1331,2024-10-25,2024-11-07 00:00:00,Period Tracker,8.7,iOS
MM_1331,2024-10-25,2024-10-28 00:00:00,Symptom Logger,10.6,iOS
MM_1331,2024-10-25,2024-12-24 00:00:00,Health Articles,5.0,iOS
MM_1331,2024-10-25,2024-11-11 00:00:00,Period Tracker,11.1,iOS
MM_1331,2024-10-25,2024-11-07 00:00:00,Period Tracker,9.1,Android
MM_1331,2024-10-25,2024-11-09 00:00:00,Health Articles,2.2,Android
MM_1331,2024-10-25,2024-11-17 00:00:00,Community Forum,11.0,Android
MM_1332,2024-09-17,2024-10-30 00:00:00,Health Articles,12.2,Android
MM_1332,2024-09-17,2024-10-15 00:00:00,Period Tracker,3.8,iOS
MM_1333,2024-09-23,2024-10-27 00:00:00,Period Tracker,14.7,iOS
MM_1333,2024-09-23,2024-11-08 00:00:00,Health Articles,8.0,Android
MM_1333,2024-09-23,2024-11-09 00:00:00,Community Forum,6.0,Android
MM_1334,2024-08-04,2024-09-14 00:00:00,Community Forum,3.5,Android
MM_1334,2024-08-04,2024-08-18 00:00:00,Period Tracker,4.5,iOS
MM_1334,2024-08-04,2024-09-29 00:00:00,Health Articles,7.1,Android
MM_1334,2024-08-04,2024-09-08 00:00:00,Community Forum,3.7,Android
MM_1334,2024-08-04,2024-08-12 00:00:00,Period Tracker,6.1,iOS
MM_1334,2024-08-04,2024-08-14 00:00:00,Period Tracker,8.7,Android
MM_1334,2024-08-04,2024-08-18 00:00:00,Period Tracker,6.5,Android
MM_1334,2024-08-04,2024-09-05 00:00:00,Symptom Logger,2.4,Android
MM_1334,2024-08-04,2024-09-10 00:00:00,Community Forum,7.4,Android
MM_1334,2024-08-04,2024-08-18 00:00:00,Period Tracker,2.1,iOS
MM_1334,2024-08-04,2024-09-25 00:00:00,Community Forum,5.8,iOS
MM_1334,2024-08-04,2024-08-17 00:00:00,Community Forum,3.5,iOS
MM_1334,2024-08-04,2024-08-15 00:00:00,Period Tracker,14.7,Android
MM_1334,2024-08-04,2024-08-24 00:00:00,Symptom Logger,5.3,Android
MM_1334,2024-08-04,2024-09-06 00:00:00,Symptom Logger,12.8,iOS
MM_1335,2024-08-17,2024-10-10 00:00:00,Symptom Logger,10.5,Android
MM_1335,2024-08-17,2024-08-18 00:00:00,Health Articles,11.0,iOS
MM_1335,2024-08-17,2024-09-30 00:00:00,Period Tracker,7.5,Android
MM_1335,2024-08-17,2024-08-29 00:00:00,Symptom Logger,1.7,iOS
MM_1335,2024-08-17,2024-08-23 00:00:00,Period Tracker,2.7,iOS
MM_1335,2024-08-17,2024-09-17 00:00:00,Period Tracker,5.0,iOS
MM_1335,2024-08-17,2024-08-27 00:00:00,Period Tracker,1.3,iOS
MM_1335,2024-08-17,2024-09-14 00:00:00,Symptom Logger,3.5,Android
MM_1335,2024-08-17,2024-09-10 00:00:00,Period Tracker,1.2,Android
MM_1335,2024-08-17,2024-10-16 00:00:00,Period Tracker,1.1,iOS
MM_1336,2024-08-06,2024-08-30 00:00:00,Period Tracker,9.5,Android
MM_1336,2024-08-06,2024-09-18 00:00:00,Period Tracker,1.6,Android
MM_1336,2024-08-06,2024-09-04 00:00:00,Period Tracker,9.7,Android
MM_1336,2024-08-06,2024-09-14 00:00:00,Period Tracker,10.7,iOS
MM_1336,2024-08-06,2024-09-07 00:00:00,Community Forum,12.6,Android
MM_1336,2024-08-06,2024-08-17 00:00:00,Period Tracker,7.5,Android
MM_1336,2024-08-06,2024-09-27 00:00:00,Period Tracker,10.8,iOS
MM_1337,2024-08-01,2024-08-11 00:00:00,Health Articles,3.6,iOS
MM_1337,2024-08-01,2024-08-06 00:00:00,Period Tracker,,Android
MM_1337,2024-08-01,2024-08-12 00:00:00,Symptom Logger,12.3,Android
MM_1337,2024-08-01,2024-09-13 00:00:00,Period Tracker,13.5,iOS
MM_1337,2024-08-01,2024-09-21 00:00:00,Symptom Logger,13.6,iOS
MM_1337,2024-08-01,2024-08-02 00:00:00,Symptom Logger,14.9,iOS
MM_1337,2024-08-01,2024-08-21 00:00:00,Symptom Logger,12.5,iOS
MM_1337,2024-08-01,2024-08-30 00:00:00,Period Tracker,12.9,Android
MM_1337,2024-08-01,2024-08-04 00:00:00,Symptom Logger,14.0,iOS
MM_1337,2024-08-01,2024-09-14 00:00:00,Period Tracker,4.7,Android
MM_1337,2024-08-01,2024-08-19 00:00:00,Period Tracker,6.0,iOS
MM_1337,2024-08-01,2024-08-14 00:00:00,Symptom Logger,3.1,Android
MM_1337,2024-08-01,2024-08-29 00:00:00,Symptom Logger,5.5,iOS
MM_1337,2024-08-01,2024-09-22 00:00:00,Symptom Logger,13.6,Android
MM_1337,2024-08-01,2024-08-06 00:00:00,Period Tracker,3.1,iOS
MM_1337,2024-08-01,2024-08-22 00:00:00,Period Tracker,14.7,iOS
MM_1337,2024-08-01,2024-09-10 00:00:00,Health Articles,5.2,iOS
MM_1338,2024-10-16,2024-10-16 00:00:00,Period Tracker,8.6,iOS
MM_1338,2024-10-16,2024-10-24 00:00:00,Period Tracker,12.4,iOS
MM_1339,2024-09-21,2024-10-09 00:00:00,Community Forum,2.4,iOS
MM_1339,2024-09-21,2024-10-02 00:00:00,Period Tracker,9.3,iOS
MM_1339,2024-09-21,2024-10-17 00:00:00,Community Forum,3.6,iOS
MM_1340,2024-08-21,2024-09-20 00:00:00,Symptom Logger,3.3,iOS
MM_1340,2024-08-21,2024-10-10 00:00:00,Period Tracker,5.6,iOS
MM_1340,2024-08-21,2024-10-13 00:00:00,Community Forum,2.5,iOS
MM_1340,2024-08-21,2024-09-16 00:00:00,Health Articles,14.0,Android
MM_1340,2024-08-21,2024-09-05 00:00:00,Community Forum,13.7,Android
MM_1340,2024-08-21,2024-10-01 00:00:00,Symptom Logger,5.7,iOS
MM_1340,2024-08-21,2024-08-31 00:00:00,Period Tracker,12.0,iOS
MM_1340,2024-08-21,2024-09-19 00:00:00,Period Tracker,7.2,Android
MM_1340,2024-08-21,2024-09-05 00:00:00,Period Tracker,13.0,iOS
MM_1340,2024-08-21,2024-10-08 00:00:00,Period Tracker,6.0,Android
MM_1340,2024-08-21,2024-09-10 00:00:00,Period Tracker,1.7,Android
MM_1340,2024-08-21,2024-09-29 00:00:00,Community Forum,6.5,Android
MM_1340,2024-08-21,2024-08-21 00:00:00,Community Forum,1.6,iOS
MM_1340,2024-08-21,2024-08-28 00:00:00,Period Tracker,1.0,iOS
MM_1340,2024-08-21,2024-09-27 00:00:00,Symptom Logger,12.6,iOS
MM_1340,2024-08-21,2024-09-14 00:00:00,Period Tracker,4.1,iOS
MM_1341,2024-08-22,2024-09-25 00:00:00,Community Forum,9.4,Android
MM_1341,2024-08-22,2024-09-18 00:00:00,Health Articles,12.1,Android
MM_1341,2024-08-22,2024-09-22 00:00:00,Period Tracker,5.7,iOS
MM_1341,2024-08-22,2024-09-22 00:00:00,Period Tracker,2.1,Android
MM_1341,2024-08-22,2024-09-25 00:00:00,Health Articles,9.7,Android
MM_1341,2024-08-22,2024-09-20 00:00:00,Period Tracker,7.0,Android
MM_1342,2024-10-07,2024-10-08 00:00:00,Community Forum,3.9,Android
MM_1342,2024-10-07,2024-11-19 00:00:00,Period Tracker,14.1,iOS
MM_1343,2024-08-19,2024-08-26 00:00:00,Symptom Logger,3.5,iOS
MM_1344,2024-08-29,2024-10-20 00:00:00,Health Articles,10.6,iOS
MM_1344,2024-08-29,2024-10-09 00:00:00,Community Forum,13.5,iOS
MM_1344,2024-08-29,2024-10-07 00:00:00,Period Tracker,5.1,Android
MM_1344,2024-08-29,2024-10-13 00:00:00,Period Tracker,14.9,Android
MM_1344,2024-08-29,2024-10-05 00:00:00,Symptom Logger,11.3,Android
MM_1344,2024-08-29,2024-10-24 00:00:00,Period Tracker,13.3,Android
MM_1344,2024-08-29,2024-09-24 00:00:00,Symptom Logger,13.0,iOS
MM_1344,2024-08-29,2024-10-23 00:00:00,Community Forum,12.2,Android
MM_1344,2024-08-29,2024-09-25 00:00:00,Health Articles,8.1,iOS
MM_1344,2024-08-29,2024-09-09 00:00:00,Period Tracker,5.8,iOS
MM_1345,2024-08-17,2024-10-13 00:00:00,Period Tracker,13.6,Android
MM_1345,2024-08-17,2024-09-30 00:00:00,Period Tracker,12.8,Android
MM_1345,2024-08-17,2024-09-12 00:00:00,Period Tracker,6.3,Android
MM_1346,2024-10-22,2024-10-22 00:00:00,Period Tracker,1.3,iOS
MM_1346,2024-10-22,2024-12-02 00:00:00,Health Articles,14.8,Android
MM_1346,2024-10-22,2024-11-25 00:00:00,Period Tracker,5.7,iOS
MM_1346,2024-10-22,2024-11-24 00:00:00,Period Tracker,5.0,iOS
MM_1346,2024-10-22,2024-11-27 00:00:00,Period Tracker,9.5,iOS
MM_1346,2024-10-22,2024-10-31 00:00:00,Period Tracker,7.0,iOS
MM_1346,2024-10-22,2024-11-23 00:00:00,Period Tracker,13.2,iOS
MM_1346,2024-10-22,2024-11-22 00:00:00,Symptom Logger,14.2,Android
MM_1346,2024-10-22,2024-12-20 00:00:00,Community Forum,10.3,iOS
MM_1346,2024-10-22,2024-11-04 00:00:00,Period Tracker,1.7,Android
MM_1346,2024-10-22,2024-12-13 00:00:00,Period Tracker,,Android
MM_1346,2024-10-22,2024-10-31 00:00:00,Symptom Logger,12.0,Android
MM_1346,2024-10-22,2024-11-15 00:00:00,Period Tracker,12.1,Android
MM_1346,2024-10-22,2024-10-22 00:00:00,Period Tracker,11.8,iOS
MM_1347,2024-08-07,2024-09-07 00:00:00,Period Tracker,1.5,Android
MM_1347,2024-08-07,2024-09-19 00:00:00,Period Tracker,11.9,iOS
MM_1347,2024-08-07,2024-08-31 00:00:00,Period Tracker,8.7,iOS
MM_1348,2024-09-30,2024-11-12 00:00:00,Period Tracker,4.1,iOS
MM_1348,2024-09-30,2024-10-05 00:00:00,Period Tracker,5.3,iOS
MM_1348,2024-09-30,2024-10-14 00:00:00,Period Tracker,11.5,iOS
MM_1348,2024-09-30,2024-10-01 00:00:00,Period Tracker,1.3,iOS
MM_1348,2024-09-30,2024-10-08 00:00:00,Symptom Logger,5.1,iOS
MM_1348,2024-09-30,2024-10-26 00:00:00,Period Tracker,,Android
MM_1348,2024-09-30,2024-11-07 00:00:00,Period Tracker,6.5,iOS
MM_1348,2024-09-30,2024-11-29 00:00:00,Period Tracker,6.6,Android
MM_1349,2024-09-01,2024-10-14 00:00:00,Symptom Logger,7.5,iOS
MM_1349,2024-09-01,2024-10-01 00:00:00,Community Forum,11.5,iOS
MM_1349,2024-09-01,2024-09-12 00:00:00,Period Tracker,4.2,iOS
MM_1349,2024-09-01,2024-09-27 00:00:00,Period Tracker,8.8,Android
MM_1349,2024-09-01,2024-10-09 00:00:00,Period Tracker,1.7,Android
MM_1349,2024-09-01,2024-09-23 00:00:00,Symptom Logger,13.0,Android
MM_1350,2024-09-29,2024-10-19 00:00:00,Period Tracker,14.3,Android
MM_1350,2024-09-29,2024-11-20 00:00:00,Symptom Logger,7.0,iOS
MM_1350,2024-09-29,2024-11-20 00:00:00,Period Tracker,9.3,Android
MM_1350,2024-09-29,2024-11-05 00:00:00,Period Tracker,3.6,iOS
MM_1350,2024-09-29,2024-10-27 00:00:00,Symptom Logger,4.2,iOS
MM_1350,2024-09-29,2024-11-20 00:00:00,Period Tracker,6.7,Android
MM_1350,2024-09-29,2024-11-17 00:00:00,Period Tracker,14.9,iOS
MM_1350,2024-09-29,2024-11-21 00:00:00,Community Forum,13.2,iOS
MM_1350,2024-09-29,2024-10-17 00:00:00,Health Articles,6.1,Android
MM_1351,2024-10-23,2024-11-15 00:00:00,Symptom Logger,10.9,iOS
MM_1352,2024-10-07,2024-11-02 00:00:00,Period Tracker,14.4,Android
MM_1352,2024-10-07,2024-11-25 00:00:00,Period Tracker,14.1,iOS
MM_1352,2024-10-07,2024-11-04 00:00:00,Period Tracker,2.9,Android
MM_1352,2024-10-07,2024-12-05 00:00:00,Period Tracker,11.6,Android
MM_1352,2024-10-07,2024-10-09 00:00:00,Symptom Logger,7.8,Android
MM_1352,2024-10-07,2024-10-19 00:00:00,Period Tracker,3.7,Android
MM_1352,2024-10-07,2024-10-07 00:00:00,Symptom Logger,2.9,Android
MM_1352,2024-10-07,2024-10-07 00:00:00,Symptom Logger,6.0,Android
MM_1352,2024-10-07,2024-11-21 00:00:00,Community Forum,7.3,iOS
MM_1352,2024-10-07,2024-11-07 00:00:00,Symptom Logger,7.6,Android
MM_1352,2024-10-07,2024-10-26 00:00:00,Period Tracker,11.4,Android
MM_1352,2024-10-07,2024-11-10 00:00:00,Community Forum,2.3,iOS
MM_1352,2024-10-07,2024-10-24 00:00:00,Symptom Logger,7.4,iOS
MM_1353,2024-09-28,2024-10-08 00:00:00,Period Tracker,4.2,Android
MM_1354,2024-08-16,2024-10-15 00:00:00,Period Tracker,6.2,Android
MM_1354,2024-08-16,2024-08-22 00:00:00,Period Tracker,10.8,Android
MM_1354,2024-08-16,2024-08-18 00:00:00,Period Tracker,9.0,Android
MM_1354,2024-08-16,2024-09-30 00:00:00,Community Forum,1.0,iOS
MM_1354,2024-08-16,2024-09-06 00:00:00,Period Tracker,11.5,Android
MM_1354,2024-08-16,2024-08-29 00:00:00,Symptom Logger,3.9,Android
MM_1354,2024-08-16,2024-09-22 00:00:00,Symptom Logger,6.9,iOS
MM_1354,2024-08-16,2024-08-27 00:00:00,Period Tracker,1.2,Android
MM_1355,2024-09-10,2024-10-26 00:00:00,Period Tracker,11.5,iOS
MM_1356,2024-10-26,2024-10-29 00:00:00,Health Articles,14.3,iOS
MM_1356,2024-10-26,2024-11-14 00:00:00,Period Tracker,6.4,Android
MM_1356,2024-10-26,2024-12-18 00:00:00,Community Forum,13.1,iOS
MM_1356,2024-10-26,2024-12-05 00:00:00,Period Tracker,3.5,Android
MM_1356,2024-10-26,2024-11-03 00:00:00,Period Tracker,11.9,iOS
MM_1356,2024-10-26,2024-11-16 00:00:00,Symptom Logger,10.6,Android
MM_1356,2024-10-26,2024-11-26 00:00:00,Health Articles,3.7,Android
MM_1356,2024-10-26,2024-12-08 00:00:00,Symptom Logger,14.4,Android
MM_1356,2024-10-26,2024-12-10 00:00:00,Period Tracker,7.9,Android
MM_1356,2024-10-26,2024-12-24 00:00:00,Period Tracker,2.1,iOS
MM_1356,2024-10-26,2024-11-18 00:00:00,Symptom Logger,14.8,Android
MM_1356,2024-10-26,2024-12-05 00:00:00,Period Tracker,3.8,iOS
MM_1356,2024-10-26,2024-11-21 00:00:00,Symptom Logger,8.3,Android
MM_1356,2024-10-26,2024-11-10 00:00:00,Period Tracker,13.9,iOS
MM_1356,2024-10-26,2024-12-19 00:00:00,Health Articles,13.6,iOS
MM_1357,2024-08-20,2024-09-15 00:00:00,Symptom Logger,1.6,iOS
MM_1357,2024-08-20,2024-09-18 00:00:00,Symptom Logger,10.2,iOS
MM_1357,2024-08-20,2024-08-20 00:00:00,Period Tracker,2.8,Android
MM_1357,2024-08-20,2024-08-21 00:00:00,Symptom Logger,1.2,iOS
MM_1357,2024-08-20,2024-08-27 00:00:00,Symptom Logger,7.7,iOS
MM_1357,2024-08-20,2024-10-05 00:00:00,Period Tracker,8.5,iOS
MM_1357,2024-08-20,2024-08-20 00:00:00,Period Tracker,5.6,Android
MM_1357,2024-08-20,2024-08-26 00:00:00,Period Tracker,5.3,iOS
MM_1357,2024-08-20,2024-10-18 00:00:00,Community Forum,3.0,iOS
MM_1357,2024-08-20,2024-08-21 00:00:00,Period Tracker,2.8,iOS
MM_1357,2024-08-20,2024-09-02 00:00:00,Period Tracker,10.5,iOS
MM_1357,2024-08-20,2024-09-23 00:00:00,Health Articles,10.2,Android
MM_1357,2024-08-20,2024-10-18 00:00:00,Community Forum,11.9,iOS
MM_1357,2024-08-20,2024-10-11 00:00:00,Community Forum,11.8,Android
MM_1358,2024-09-12,2024-09-23 00:00:00,Period Tracker,8.8,Android
MM_1359,2024-08-14,2024-09-13 00:00:00,Community Forum,9.7,Android
MM_1359,2024-08-14,2024-08-18 00:00:00,Symptom Logger,13.8,Android
MM_1359,2024-08-14,2024-09-18 00:00:00,Symptom Logger,11.1,Android
MM_1359,2024-08-14,2024-09-26 00:00:00,Period Tracker,14.7,Android
MM_1359,2024-08-14,2024-09-03 00:00:00,Symptom Logger,14.5,iOS
MM_1359,2024-08-14,2024-09-17 00:00:00,Symptom Logger,11.3,iOS
MM_1359,2024-08-14,2024-10-06 00:00:00,Period Tracker,3.2,Android
MM_1359,2024-08-14,2024-10-05 00:00:00,Period Tracker,11.4,Android
MM_1359,2024-08-14,2024-09-01 00:00:00,Period Tracker,11.6,Android
MM_1359,2024-08-14,2024-08-29 00:00:00,Symptom Logger,7.7,iOS
MM_1360,2024-09-27,2024-11-08 00:00:00,Period Tracker,9.3,Android
MM_1360,2024-09-27,2024-10-26 00:00:00,Symptom Logger,13.5,iOS
MM_1360,2024-09-27,2024-10-15 00:00:00,Period Tracker,13.5,iOS
MM_1360,2024-09-27,2024-10-07 00:00:00,Period Tracker,6.3,Android
MM_1360,2024-09-27,2024-10-20 00:00:00,Period Tracker,13.9,Android
MM_1360,2024-09-27,2024-10-30 00:00:00,Period Tracker,5.4,Android
MM_1361,2024-10-21,2024-11-23 00:00:00,Period Tracker,3.2,Android
MM_1361,2024-10-21,2024-12-02 00:00:00,Symptom Logger,14.3,iOS
MM_1361,2024-10-21,2024-12-16 00:00:00,Period Tracker,3.7,iOS
MM_1361,2024-10-21,2024-11-09 00:00:00,Period Tracker,9.3,Android
MM_1361,2024-10-21,2024-10-24 00:00:00,Symptom Logger,8.8,Android
MM_1362,2024-08-18,2024-10-02 00:00:00,Health Articles,3.4,Android
MM_1362,2024-08-18,2024-08-28 00:00:00,Health Articles,8.4,iOS
MM_1363,2024-08-03,2024-08-22 00:00:00,Community Forum,4.8,iOS
MM_1363,2024-08-03,2024-08-10 00:00:00,Period Tracker,3.0,Android
MM_1363,2024-08-03,2024-08-23 00:00:00,Period Tracker,9.4,Android
MM_1363,2024-08-03,2024-09-02 00:00:00,Period Tracker,13.5,Android
MM_1363,2024-08-03,2024-08-17 00:00:00,Health Articles,2.8,iOS
MM_1363,2024-08-03,2024-08-29 00:00:00,Community Forum,2.2,Android
MM_1363,2024-08-03,2024-08-11 00:00:00,Period Tracker,3.0,Android
MM_1364,2024-09-10,2024-10-09 00:00:00,Community Forum,11.8,Android
MM_1365,2024-09-15,2024-10-02 00:00:00,Period Tracker,10.5,Android
MM_1365,2024-09-15,2024-10-10 00:00:00,Health Articles,3.8,Android
MM_1365,2024-09-15,2024-10-03 00:00:00,Community Forum,6.5,Android
MM_1365,2024-09-15,2024-10-04 00:00:00,Symptom Logger,12.0,Android
MM_1365,2024-09-15,2024-10-05 00:00:00,Period Tracker,12.5,Android
MM_1365,2024-09-15,2024-10-11 00:00:00,Health Articles,10.6,Android
MM_1365,2024-09-15,2024-11-10 00:00:00,Period Tracker,10.6,iOS
MM_1366,2024-10-16,2024-10-29 00:00:00,Health Articles,8.1,Android
MM_1366,2024-10-16,2024-12-09 00:00:00,Period Tracker,14.7,Android
MM_1366,2024-10-16,2024-10-24 00:00:00,Health Articles,14.7,Android
MM_1366,2024-10-16,2024-12-02 00:00:00,Period Tracker,14.1,iOS
MM_1366,2024-10-16,2024-10-24 00:00:00,Community Forum,14.0,Android
MM_1366,2024-10-16,2024-10-21 00:00:00,Period Tracker,7.5,iOS
MM_1366,2024-10-16,2024-12-07 00:00:00,Period Tracker,5.4,iOS
MM_1366,2024-10-16,2024-11-02 00:00:00,Symptom Logger,12.2,Android
MM_1366,2024-10-16,2024-11-06 00:00:00,Period Tracker,14.0,Android
MM_1366,2024-10-16,2024-10-23 00:00:00,Community Forum,12.1,Android
MM_1366,2024-10-16,2024-11-11 00:00:00,Period Tracker,12.7,iOS
MM_1366,2024-10-16,2024-11-04 00:00:00,Community Forum,11.0,Android
MM_1366,2024-10-16,2024-12-01 00:00:00,Period Tracker,4.7,Android
MM_1366,2024-10-16,2024-11-13 00:00:00,Health Articles,6.5,Android
MM_1366,2024-10-16,2024-11-16 00:00:00,Period Tracker,9.9,iOS
MM_1366,2024-10-16,2024-11-12 00:00:00,Period Tracker,2.7,Android
MM_1366,2024-10-16,2024-12-03 00:00:00,Community Forum,8.7,Android
MM_1366,2024-10-16,2024-11-02 00:00:00,Symptom Logger,10.0,Android
MM_1366,2024-10-16,2024-11-08 00:00:00,Period Tracker,12.1,iOS
MM_1366,2024-10-16,2024-12-12 00:00:00,Period Tracker,13.2,iOS
MM_1367,2024-10-05,2024-11-27 00:00:00,Period Tracker,5.8,Android
MM_1368,2024-10-21,2024-11-30 00:00:00,Community Forum,1.7,Android
MM_1368,2024-10-21,2024-11-09 00:00:00,Symptom Logger,4.3,iOS
MM_1368,2024-10-21,2024-11-08 00:00:00,Health Articles,1.9,iOS
MM_1368,2024-10-21,2024-12-19 00:00:00,Period Tracker,1.7,iOS
MM_1368,2024-10-21,2024-10-23 00:00:00,Period Tracker,,iOS
MM_1368,2024-10-21,2024-11-16 00:00:00,Symptom Logger,6.6,iOS
MM_1368,2024-10-21,2024-11-15 00:00:00,Health Articles,7.9,iOS
MM_1368,2024-10-21,2024-11-23 00:00:00,Health Articles,13.5,Android
MM_1368,2024-10-21,2024-12-17 00:00:00,Health Articles,9.2,Android
MM_1369,2024-08-28,2024-10-15 00:00:00,Period Tracker,13.7,Android
MM_1369,2024-08-28,2024-08-30 00:00:00,Period Tracker,12.8,iOS
MM_1369,2024-08-28,2024-10-25 00:00:00,Period Tracker,13.8,iOS
MM_1369,2024-08-28,2024-09-23 00:00:00,Health Articles,8.7,iOS
MM_1369,2024-08-28,2024-09-23 00:00:00,Period Tracker,6.5,iOS
MM_1369,2024-08-28,2024-10-12 00:00:00,Community Forum,12.8,iOS
MM_1369,2024-08-28,2024-09-21 00:00:00,Community Forum,14.6,Android
MM_1369,2024-08-28,2024-10-01 00:00:00,Period Tracker,6.7,iOS
MM_1369,2024-08-28,2024-08-28 00:00:00,Period Tracker,6.8,Android
MM_1369,2024-08-28,2024-10-06 00:00:00,Period Tracker,1.3,iOS
MM_1369,2024-08-28,2024-10-16 00:00:00,Symptom Logger,4.8,iOS
MM_1370,2024-08-11,2024-09-12 00:00:00,Symptom Logger,9.5,iOS
MM_1370,2024-08-11,2024-09-17 00:00:00,Health Articles,4.1,iOS
MM_1370,2024-08-11,2024-09-19 00:00:00,Period Tracker,11.2,Android
MM_1370,2024-08-11,2024-08-21 00:00:00,Period Tracker,7.0,Android
MM_1370,2024-08-11,2024-08-21 00:00:00,Period Tracker,10.8,iOS
MM_1370,2024-08-11,2024-09-21 00:00:00,Period Tracker,1.2,Android
MM_1370,2024-08-11,2024-08-16 00:00:00,Period Tracker,12.2,Android
MM_1370,2024-08-11,2024-09-19 00:00:00,Symptom Logger,2.5,Android
MM_1370,2024-08-11,2024-09-28 00:00:00,Period Tracker,4.8,iOS
MM_1371,2024-08-12,2024-09-29 00:00:00,Period Tracker,,iOS
MM_1372,2024-10-30,2024-11-06 00:00:00,Health Articles,12.4,Android
MM_1372,2024-10-30,2024-12-20 00:00:00,Period Tracker,5.0,iOS
MM_1372,2024-10-30,2024-12-05 00:00:00,Period Tracker,6.3,iOS
MM_1372,2024-10-30,2024-12-04 00:00:00,Period Tracker,4.2,iOS
MM_1372,2024-10-30,2024-12-13 00:00:00,Symptom Logger,11.5,iOS
MM_1372,2024-10-30,2024-12-10 00:00:00,Period Tracker,4.1,Android
MM_1372,2024-10-30,2024-12-01 00:00:00,Symptom Logger,10.7,Android
MM_1372,2024-10-30,2024-12-16 00:00:00,Community Forum,4.4,Android
MM_1372,2024-10-30,2024-12-10 00:00:00,Period Tracker,8.0,iOS
MM_1372,2024-10-30,2024-11-01 00:00:00,Symptom Logger,9.8,Android
MM_1372,2024-10-30,2024-12-06 00:00:00,Period Tracker,14.8,iOS
MM_1372,2024-10-30,2024-11-13 00:00:00,Period Tracker,3.2,Android
MM_1372,2024-10-30,2024-12-23 00:00:00,Period Tracker,2.4,iOS
MM_1372,2024-10-30,2024-12-09 00:00:00,Period Tracker,5.0,iOS
MM_1372,2024-10-30,2024-12-26 00:00:00,Period Tracker,10.2,Android
MM_1372,2024-10-30,2024-12-15 00:00:00,Symptom Logger,7.8,iOS
MM_1372,2024-10-30,2024-12-09 00:00:00,Health Articles,9.6,Android
MM_1372,2024-10-30,2024-12-08 00:00:00,Period Tracker,14.7,iOS
MM_1372,2024-10-30,2024-10-31 00:00:00,Period Tracker,8.6,iOS
MM_1372,2024-10-30,2024-12-15 00:00:00,Period Tracker,,iOS
MM_1373,2024-09-13,2024-09-24 00:00:00,Period Tracker,12.4,Android
MM_1373,2024-09-13,2024-10-24 00:00:00,Period Tracker,,Android
MM_1374,2024-09-12,2024-11-09 00:00:00,Period Tracker,12.0,Android
MM_1374,2024-09-12,2024-10-30 00:00:00,Period Tracker,2.3,Android
MM_1374,2024-09-12,2024-10-06 00:00:00,Community Forum,8.5,Android
MM_1374,2024-09-12,2024-09-15 00:00:00,Period Tracker,1.6,Android
MM_1374,2024-09-12,2024-10-13 00:00:00,Period Tracker,2.2,iOS
MM_1374,2024-09-12,2024-11-01 00:00:00,Period Tracker,7.2,iOS
MM_1374,2024-09-12,2024-11-02 00:00:00,Symptom Logger,2.1,Android
MM_1374,2024-09-12,2024-11-04 00:00:00,Period Tracker,8.7,iOS
MM_1374,2024-09-12,2024-10-12 00:00:00,Period Tracker,4.8,Android
MM_1375,2024-08-10,2024-09-04 00:00:00,Period Tracker,11.7,Android
MM_1375,2024-08-10,2024-09-11 00:00:00,Period Tracker,6.8,iOS
MM_1375,2024-08-10,2024-08-14 00:00:00,Period Tracker,8.0,Android
MM_1375,2024-08-10,2024-09-23 00:00:00,Symptom Logger,8.7,iOS
MM_1375,2024-08-10,2024-10-01 00:00:00,Community Forum,13.7,iOS
MM_1375,2024-08-10,2024-09-02 00:00:00,Period Tracker,11.1,iOS
MM_1375,2024-08-10,2024-09-18 00:00:00,Period Tracker,6.8,iOS
MM_1375,2024-08-10,2024-09-17 00:00:00,Period Tracker,4.0,iOS
MM_1375,2024-08-10,2024-09-17 00:00:00,Period Tracker,6.8,Android
MM_1375,2024-08-10,2024-09-18 00:00:00,Period Tracker,9.8,Android
MM_1375,2024-08-10,2024-08-13 00:00:00,Period Tracker,11.9,Android
MM_1375,2024-08-10,2024-09-03 00:00:00,Symptom Logger,3.4,iOS
MM_1375,2024-08-10,2024-08-31 00:00:00,Period Tracker,13.7,Android
MM_1375,2024-08-10,2024-08-17 00:00:00,Symptom Logger,2.5,iOS
MM_1375,2024-08-10,2024-10-03 00:00:00,Period Tracker,13.5,iOS
MM_1375,2024-08-10,2024-10-02 00:00:00,Period Tracker,6.6,Android
MM_1375,2024-08-10,2024-09-21 00:00:00,Period Tracker,11.4,Android
MM_1376,2024-08-14,2024-09-19 00:00:00,Community Forum,4.7,Android
MM_1376,2024-08-14,2024-09-24 00:00:00,Health Articles,4.8,Android
MM_1376,2024-08-14,2024-08-22 00:00:00,Period Tracker,13.5,Android
MM_1376,2024-08-14,2024-08-24 00:00:00,Community Forum,6.9,iOS
MM_1376,2024-08-14,2024-08-22 00:00:00,Period Tracker,9.5,Android
MM_1376,2024-08-14,2024-09-03 00:00:00,Symptom Logger,5.7,iOS
MM_1377,2024-09-16,2024-09-17 00:00:00,Period Tracker,2.6,Android
MM_1377,2024-09-16,2024-10-08 00:00:00,Period Tracker,11.8,iOS
MM_1377,2024-09-16,2024-11-12 00:00:00,Symptom Logger,9.7,Android
MM_1378,2024-09-06,2024-09-30 00:00:00,Symptom Logger,5.0,Android
MM_1378,2024-09-06,2024-09-15 00:00:00,Period Tracker,14.9,iOS
MM_1378,2024-09-06,2024-09-11 00:00:00,Period Tracker,9.3,Android
MM_1378,2024-09-06,2024-09-25 00:00:00,Community Forum,13.4,Android
MM_1378,2024-09-06,2024-09-08 00:00:00,Period Tracker,5.2,iOS
MM_1378,2024-09-06,2024-10-24 00:00:00,Symptom Logger,7.9,iOS
MM_1378,2024-09-06,2024-09-28 00:00:00,Community Forum,6.6,Android
MM_1378,2024-09-06,2024-10-21 00:00:00,Health Articles,12.6,iOS
MM_1378,2024-09-06,2024-11-02 00:00:00,Symptom Logger,12.3,iOS
MM_1378,2024-09-06,2024-10-18 00:00:00,Period Tracker,8.6,Android
MM_1378,2024-09-06,2024-09-08 00:00:00,Symptom Logger,6.5,iOS
MM_1378,2024-09-06,2024-10-18 00:00:00,Health Articles,10.0,iOS
MM_1378,2024-09-06,2024-09-30 00:00:00,Community Forum,12.6,iOS
MM_1378,2024-09-06,2024-11-03 00:00:00,Period Tracker,5.4,Android
MM_1378,2024-09-06,2024-09-23 00:00:00,Community Forum,13.4,Android
MM_1378,2024-09-06,2024-10-17 00:00:00,Period Tracker,6.4,Android
MM_1378,2024-09-06,2024-09-15 00:00:00,Period Tracker,9.9,iOS
MM_1378,2024-09-06,2024-10-12 00:00:00,Community Forum,14.2,iOS
MM_1378,2024-09-06,2024-11-01 00:00:00,Period Tracker,,Android
MM_1378,2024-09-06,2024-09-21 00:00:00,Period Tracker,13.5,Android
MM_1379,2024-09-01,2024-10-27 00:00:00,Community Forum,4.9,iOS
MM_1379,2024-09-01,2024-10-25 00:00:00,Community Forum,5.9,Android
MM_1379,2024-09-01,2024-09-25 00:00:00,Period Tracker,4.4,Android
MM_1379,2024-09-01,2024-09-24 00:00:00,Period Tracker,5.5,iOS
MM_1379,2024-09-01,2024-09-26 00:00:00,Community Forum,3.3,Android
MM_1379,2024-09-01,2024-10-10 00:00:00,Health Articles,14.0,Android
MM_1379,2024-09-01,2024-10-12 00:00:00,Health Articles,12.0,iOS
MM_1379,2024-09-01,2024-10-20 00:00:00,Period Tracker,,Android
MM_1379,2024-09-01,2024-09-20 00:00:00,Health Articles,,Android
MM_1379,2024-09-01,2024-09-04 00:00:00,Period Tracker,12.5,iOS
MM_1379,2024-09-01,2024-09-11 00:00:00,Period Tracker,12.6,iOS
MM_1379,2024-09-01,2024-09-25 00:00:00,Community Forum,14.4,iOS
MM_1379,2024-09-01,2024-10-20 00:00:00,Period Tracker,8.9,iOS
MM_1379,2024-09-01,2024-10-22 00:00:00,Health Articles,1.5,iOS
MM_1379,2024-09-01,2024-10-11 00:00:00,Health Articles,6.0,Android
MM_1379,2024-09-01,2024-09-04 00:00:00,Health Articles,7.1,iOS
MM_1379,2024-09-01,2024-10-09 00:00:00,Period Tracker,6.8,iOS
MM_1380,2024-08-11,2024-08-16 00:00:00,Period Tracker,6.5,Android
MM_1380,2024-08-11,2024-08-19 00:00:00,Period Tracker,,Android
MM_1381,2024-10-22,2024-12-04 00:00:00,Period Tracker,11.2,Android
MM_1381,2024-10-22,2024-11-29 00:00:00,Period Tracker,13.4,Android
MM_1381,2024-10-22,2024-11-07 00:00:00,Health Articles,6.9,Android
MM_1381,2024-10-22,2024-12-18 00:00:00,Period Tracker,5.9,iOS
MM_1381,2024-10-22,2024-10-29 00:00:00,Period Tracker,4.0,iOS
MM_1381,2024-10-22,2024-11-21 00:00:00,Period Tracker,4.4,Android
MM_1381,2024-10-22,2024-11-21 00:00:00,Symptom Logger,13.0,iOS
MM_1381,2024-10-22,2024-12-12 00:00:00,Period Tracker,7.6,iOS
MM_1381,2024-10-22,2024-11-08 00:00:00,Period Tracker,9.3,Android
MM_1381,2024-10-22,2024-11-27 00:00:00,Symptom Logger,11.7,Android
MM_1381,2024-10-22,2024-11-14 00:00:00,Period Tracker,12.9,iOS
MM_1381,2024-10-22,2024-12-18 00:00:00,Period Tracker,5.9,iOS
MM_1381,2024-10-22,2024-12-02 00:00:00,Symptom Logger,13.6,Android
MM_1381,2024-10-22,2024-12-12 00:00:00,Period Tracker,4.5,Android
MM_1381,2024-10-22,2024-11-22 00:00:00,Period Tracker,12.2,Android
MM_1381,2024-10-22,2024-12-16 00:00:00,Period Tracker,7.2,Android
MM_1381,2024-10-22,2024-12-20 00:00:00,Period Tracker,9.5,iOS
MM_1381,2024-10-22,2024-12-12 00:00:00,Period Tracker,2.2,iOS
MM_1382,2024-10-14,2024-11-27 00:00:00,Period Tracker,13.7,Android
MM_1382,2024-10-14,2024-11-28 00:00:00,Community Forum,14.2,iOS
MM_1382,2024-10-14,2024-11-21 00:00:00,Period Tracker,,Android
MM_1382,2024-10-14,2024-11-22 00:00:00,Health Articles,7.0,iOS
MM_1382,2024-10-14,2024-11-23 00:00:00,Period Tracker,3.0,Android
MM_1383,2024-09-10,2024-09-14 00:00:00,Community Forum,13.0,Android
MM_1383,2024-09-10,2024-10-04 00:00:00,Symptom Logger,1.9,Android
MM_1384,2024-08-23,2024-10-09 00:00:00,Period Tracker,2.1,Android
MM_1384,2024-08-23,2024-10-09 00:00:00,Health Articles,12.7,Android
MM_1385,2024-09-15,2024-11-08 00:00:00,Symptom Logger,9.5,iOS
MM_1385,2024-09-15,2024-10-19 00:00:00,Period Tracker,14.0,iOS
MM_1385,2024-09-15,2024-10-29 00:00:00,Period Tracker,5.4,Android
MM_1385,2024-09-15,2024-10-24 00:00:00,Period Tracker,5.6,Android
MM_1385,2024-09-15,2024-10-30 00:00:00,Community Forum,5.0,iOS
MM_1385,2024-09-15,2024-09-23 00:00:00,Period Tracker,4.5,Android
MM_1385,2024-09-15,2024-09-15 00:00:00,Community Forum,4.2,Android
MM_1385,2024-09-15,2024-10-05 00:00:00,Symptom Logger,14.2,iOS
MM_1385,2024-09-15,2024-10-14 00:00:00,Period Tracker,4.6,iOS
MM_1385,2024-09-15,2024-11-01 00:00:00,Period Tracker,13.7,iOS
MM_1385,2024-09-15,2024-10-06 00:00:00,Period Tracker,10.1,Android
MM_1385,2024-09-15,2024-10-25 00:00:00,Period Tracker,9.7,iOS
MM_1385,2024-09-15,2024-10-15 00:00:00,Period Tracker,10.3,iOS
MM_1385,2024-09-15,2024-11-08 00:00:00,Symptom Logger,6.9,Android
MM_1385,2024-09-15,2024-10-03 00:00:00,Health Articles,13.1,Android
MM_1386,2024-10-26,2024-12-15 00:00:00,Symptom Logger,10.8,iOS
MM_1386,2024-10-26,2024-11-08 00:00:00,Period Tracker,3.7,iOS
MM_1386,2024-10-26,2024-11-11 00:00:00,Period Tracker,7.0,iOS
MM_1386,2024-10-26,2024-11-15 00:00:00,Period Tracker,8.8,Android
MM_1386,2024-10-26,2024-12-11 00:00:00,Community Forum,10.8,Android
MM_1386,2024-10-26,2024-12-22 00:00:00,Period Tracker,8.1,Android
MM_1386,2024-10-26,2024-12-18 00:00:00,Community Forum,6.5,iOS
MM_1386,2024-10-26,2024-11-15 00:00:00,Symptom Logger,9.0,iOS
MM_1386,2024-10-26,2024-11-28 00:00:00,Community Forum,11.8,iOS
MM_1386,2024-10-26,2024-10-29 00:00:00,Community Forum,7.7,Android
MM_1387,2024-09-01,2024-09-28 00:00:00,Period Tracker,14.1,iOS
MM_1387,2024-09-01,2024-10-02 00:00:00,Symptom Logger,8.9,iOS
MM_1387,2024-09-01,2024-09-02 00:00:00,Community Forum,2.6,iOS
MM_1387,2024-09-01,2024-09-18 00:00:00,Community Forum,,Android
MM_1387,2024-09-01,2024-09-23 00:00:00,Period Tracker,11.2,Android
MM_1388,2024-09-05,2024-10-11 00:00:00,Period Tracker,10.7,Android
MM_1388,2024-09-05,2024-09-27 00:00:00,Health Articles,3.5,Android
MM_1388,2024-09-05,2024-09-26 00:00:00,Community Forum,13.5,iOS
MM_1388,2024-09-05,2024-11-03 00:00:00,Period Tracker,8.4,iOS
MM_1388,2024-09-05,2024-10-08 00:00:00,Period Tracker,12.3,Android
MM_1388,2024-09-05,2024-09-18 00:00:00,Period Tracker,10.7,Android
MM_1389,2024-08-07,2024-08-19 00:00:00,Community Forum,3.3,Android
MM_1389,2024-08-07,2024-08-17 00:00:00,Period Tracker,2.4,iOS
MM_1389,2024-08-07,2024-09-05 00:00:00,Period Tracker,10.3,iOS
MM_1390,2024-08-04,2024-08-27 00:00:00,Period Tracker,6.0,Android
MM_1390,2024-08-04,2024-08-22 00:00:00,Health Articles,12.7,iOS
MM_1390,2024-08-04,2024-08-22 00:00:00,Period Tracker,6.7,Android
MM_1390,2024-08-04,2024-08-07 00:00:00,Symptom Logger,9.8,Android
MM_1390,2024-08-04,2024-09-28 00:00:00,Period Tracker,2.1,iOS
MM_1390,2024-08-04,2024-08-29 00:00:00,Period Tracker,3.7,Android
MM_1390,2024-08-04,2024-08-16 00:00:00,Symptom Logger,5.4,iOS
MM_1390,2024-08-04,2024-08-17 00:00:00,Period Tracker,5.4,Android
MM_1390,2024-08-04,2024-09-15 00:00:00,Period Tracker,3.4,Android
MM_1390,2024-08-04,2024-08-21 00:00:00,Period Tracker,11.6,Android
MM_1390,2024-08-04,2024-08-08 00:00:00,Community Forum,7.6,Android
MM_1390,2024-08-04,2024-08-05 00:00:00,Period Tracker,8.2,Android
MM_1390,2024-08-04,2024-09-30 00:00:00,Period Tracker,13.0,iOS
MM_1391,2024-08-31,2024-10-07 00:00:00,Period Tracker,3.0,iOS
MM_1391,2024-08-31,2024-10-26 00:00:00,Period Tracker,13.1,Android
MM_1392,2024-08-04,2024-08-11 00:00:00,Community Forum,10.5,Android
MM_1392,2024-08-04,2024-09-05 00:00:00,Health Articles,8.5,iOS
MM_1392,2024-08-04,2024-09-10 00:00:00,Community Forum,3.8,Android
MM_1392,2024-08-04,2024-09-21 00:00:00,Community Forum,4.3,Android
MM_1392,2024-08-04,2024-09-09 00:00:00,Period Tracker,5.6,iOS
MM_1392,2024-08-04,2024-09-09 00:00:00,Period Tracker,14.3,iOS
MM_1392,2024-08-04,2024-08-08 00:00:00,Period Tracker,,Android
MM_1392,2024-08-04,2024-08-09 00:00:00,Period Tracker,2.8,iOS
MM_1392,2024-08-04,2024-09-14 00:00:00,Symptom Logger,4.8,Android
MM_1392,2024-08-04,2024-09-08 00:00:00,Health Articles,4.7,Android
MM_1392,2024-08-04,2024-08-21 00:00:00,Period Tracker,2.7,Android
MM_1392,2024-08-04,2024-08-16 00:00:00,Period Tracker,1.0,Android
MM_1392,2024-08-04,2024-09-01 00:00:00,Period Tracker,13.7,Android
MM_1392,2024-08-04,2024-09-25 00:00:00,Symptom Logger,3.8,iOS
MM_1392,2024-08-04,2024-09-21 00:00:00,Community Forum,7.0,iOS
MM_1392,2024-08-04,2024-10-03 00:00:00,Symptom Logger,10.4,iOS
MM_1392,2024-08-04,2024-09-29 00:00:00,Health Articles,14.7,Android
MM_1392,2024-08-04,2024-10-03 00:00:00,Period Tracker,9.2,Android
MM_1392,2024-08-04,2024-09-02 00:00:00,Symptom Logger,13.8,iOS
MM_1393,2024-09-27,2024-09-27 00:00:00,Period Tracker,1.3,iOS
MM_1394,2024-09-17,2024-10-31 00:00:00,Period Tracker,5.2,iOS
MM_1394,2024-09-17,2024-10-23 00:00:00,Community Forum,6.3,iOS
MM_1394,2024-09-17,2024-09-24 00:00:00,Health Articles,14.4,iOS
MM_1394,2024-09-17,2024-11-08 00:00:00,Community Forum,10.8,Android
MM_1394,2024-09-17,2024-10-13 00:00:00,Period Tracker,6.4,iOS
MM_1394,2024-09-17,2024-10-18 00:00:00,Period Tracker,8.6,iOS
MM_1395,2024-10-02,2024-11-18 00:00:00,Symptom Logger,5.9,iOS
MM_1395,2024-10-02,2024-10-17 00:00:00,Period Tracker,4.0,Android
MM_1395,2024-10-02,2024-10-14 00:00:00,Symptom Logger,1.9,Android
MM_1395,2024-10-02,2024-10-15 00:00:00,Community Forum,5.1,iOS
MM_1395,2024-10-02,2024-11-04 00:00:00,Period Tracker,1.9,iOS
MM_1395,2024-10-02,2024-10-31 00:00:00,Community Forum,5.6,Android
MM_1395,2024-10-02,2024-10-07 00:00:00,Period Tracker,2.6,Android
MM_1395,2024-10-02,2024-11-10 00:00:00,Health Articles,9.0,Android
MM_1395,2024-10-02,2024-10-09 00:00:00,Symptom Logger,7.9,Android
MM_1395,2024-10-02,2024-10-10 00:00:00,Period Tracker,7.4,Android
MM_1395,2024-10-02,2024-10-06 00:00:00,Period Tracker,14.7,Android
MM_1395,2024-10-02,2024-10-31 00:00:00,Community Forum,9.5,Android
MM_1395,2024-10-02,2024-11-16 00:00:00,Symptom Logger,13.0,iOS
MM_1395,2024-10-02,2024-10-14 00:00:00,Period Tracker,5.9,iOS
MM_1395,2024-10-02,2024-12-01 00:00:00,Symptom Logger,13.8,Android
MM_1395,2024-10-02,2024-11-01 00:00:00,Symptom Logger,9.4,Android
MM_1395,2024-10-02,2024-11-23 00:00:00,Community Forum,5.4,iOS
MM_1395,2024-10-02,2024-11-21 00:00:00,Period Tracker,8.5,Android
MM_1395,2024-10-02,2024-10-23 00:00:00,Period Tracker,11.2,iOS
MM_1396,2024-08-06,2024-08-12 00:00:00,Symptom Logger,4.6,iOS
MM_1396,2024-08-06,2024-08-24 00:00:00,Period Tracker,14.5,iOS
MM_1396,2024-08-06,2024-08-27 00:00:00,Period Tracker,1.1,iOS
MM_1396,2024-08-06,2024-09-06 00:00:00,Period Tracker,13.0,iOS
MM_1396,2024-08-06,2024-09-16 00:00:00,Period Tracker,1.3,iOS
MM_1396,2024-08-06,2024-08-23 00:00:00,Community Forum,7.8,Android
MM_1396,2024-08-06,2024-09-01 00:00:00,Period Tracker,7.6,Android
MM_1397,2024-09-17,2024-09-23 00:00:00,Period Tracker,13.2,iOS
MM_1397,2024-09-17,2024-10-01 00:00:00,Period Tracker,13.5,iOS
MM_1398,2024-10-27,2024-12-08 00:00:00,Period Tracker,14.0,iOS
MM_1398,2024-10-27,2024-12-23 00:00:00,Symptom Logger,14.0,Android
MM_1399,2024-08-02,2024-09-12 00:00:00,Community Forum,10.0,iOS
MM_1399,2024-08-02,2024-08-06 00:00:00,Symptom Logger,9.7,iOS
MM_1399,2024-08-02,2024-08-28 00:00:00,Health Articles,12.2,Android
MM_1399,2024-08-02,2024-09-13 00:00:00,Health Articles,11.8,iOS
MM_1399,2024-08-02,2024-08-18 00:00:00,Symptom Logger,2.8,iOS
MM_1399,2024-08-02,2024-09-13 00:00:00,Period Tracker,6.8,iOS
MM_1399,2024-08-02,2024-09-20 00:00:00,Community Forum,9.1,Android
MM_1400,2024-08-20,2024-08-26 00:00:00,Community Forum,7.5,iOS
MM_1400,2024-08-20,2024-10-07 00:00:00,Period Tracker,5.3,Android
MM_1400,2024-08-20,2024-09-24 00:00:00,Period Tracker,9.9,Android
MM_1400,2024-08-20,2024-10-03 00:00:00,Period Tracker,13.0,Android
MM_1400,2024-08-20,2024-09-21 00:00:00,Period Tracker,14.5,iOS
MM_1400,2024-08-20,2024-09-23 00:00:00,Symptom Logger,1.5,Android
MM_1400,2024-08-20,2024-09-26 00:00:00,Health Articles,13.6,Android
MM_1400,2024-08-20,2024-09-24 00:00:00,Period Tracker,11.9,iOS
MM_1400,2024-08-20,2024-09-12 00:00:00,Period Tracker,6.0,iOS
MM_1400,2024-08-20,2024-09-16 00:00:00,Symptom Logger,6.8,iOS
MM_1400,2024-08-20,2024-10-03 00:00:00,Period Tracker,13.0,Android
MM_1400,2024-08-20,2024-08-28 00:00:00,Health Articles,,Android
MM_1400,2024-08-20,2024-08-27 00:00:00,Period Tracker,,iOS
MM_1400,2024-08-20,2024-09-22 00:00:00,Period Tracker,12.3,iOS
MM_1400,2024-08-20,2024-09-19 00:00:00,Symptom Logger,7.1,Android
MM_1400,2024-08-20,2024-10-17 00:00:00,Period Tracker,10.7,Android
MM_1400,2024-08-20,2024-09-18 00:00:00,Symptom Logger,10.2,iOS
MM_1400,2024-08-20,2024-10-04 00:00:00,Period Tracker,3.1,iOS
MM_1401,2024-09-16,2024-09-19 00:00:00,Period Tracker,12.8,iOS
MM_1401,2024-09-16,2024-10-19 00:00:00,Period Tracker,6.2,Android
MM_1402,2024-09-24,2024-09-29 00:00:00,Health Articles,13.4,Android
MM_1402,2024-09-24,2024-11-02 00:00:00,Period Tracker,4.0,iOS
MM_1402,2024-09-24,2024-11-07 00:00:00,Period Tracker,10.7,iOS
MM_1402,2024-09-24,2024-11-08 00:00:00,Health Articles,1.4,Android
MM_1402,2024-09-24,2024-11-09 00:00:00,Period Tracker,9.2,iOS
MM_1402,2024-09-24,2024-10-16 00:00:00,Period Tracker,3.7,Android
MM_1402,2024-09-24,2024-11-07 00:00:00,Community Forum,1.4,iOS
MM_1402,2024-09-24,2024-10-04 00:00:00,Period Tracker,1.0,Android
MM_1402,2024-09-24,2024-09-25 00:00:00,Period Tracker,3.0,Android
MM_1402,2024-09-24,2024-11-22 00:00:00,Period Tracker,13.4,Android
MM_1402,2024-09-24,2024-11-23 00:00:00,Period Tracker,13.8,Android
MM_1402,2024-09-24,2024-10-04 00:00:00,Symptom Logger,11.3,iOS
MM_1402,2024-09-24,2024-11-22 00:00:00,Symptom Logger,1.3,iOS
MM_1402,2024-09-24,2024-11-05 00:00:00,Community Forum,7.1,Android
MM_1403,2024-08-08,2024-08-14 00:00:00,Symptom Logger,14.8,iOS
MM_1403,2024-08-08,2024-09-26 00:00:00,Period Tracker,10.8,Android
MM_1403,2024-08-08,2024-08-16 00:00:00,Period Tracker,13.5,iOS
MM_1403,2024-08-08,2024-08-14 00:00:00,Community Forum,1.6,iOS
MM_1403,2024-08-08,2024-09-16 00:00:00,Community Forum,4.6,Android
MM_1403,2024-08-08,2024-09-13 00:00:00,Period Tracker,5.9,Android
MM_1403,2024-08-08,2024-09-19 00:00:00,Period Tracker,7.7,Android
MM_1403,2024-08-08,2024-09-19 00:00:00,Period Tracker,13.1,Android
MM_1403,2024-08-08,2024-09-02 00:00:00,Symptom Logger,2.9,Android
MM_1403,2024-08-08,2024-09-24 00:00:00,Period Tracker,12.9,Android
MM_1403,2024-08-08,2024-08-18 00:00:00,Community Forum,11.9,Android
MM_1403,2024-08-08,2024-08-26 00:00:00,Symptom Logger,5.1,iOS
MM_1403,2024-08-08,2024-08-29 00:00:00,Community Forum,3.9,Android
MM_1403,2024-08-08,2024-09-27 00:00:00,Period Tracker,11.8,Android
MM_1403,2024-08-08,2024-08-29 00:00:00,Period Tracker,3.6,Android
MM_1403,2024-08-08,2024-09-09 00:00:00,Health Articles,4.2,Android
MM_1403,2024-08-08,2024-08-20 00:00:00,Period Tracker,14.5,iOS
MM_1403,2024-08-08,2024-10-02 00:00:00,Period Tracker,11.7,iOS
MM_1403,2024-08-08,2024-08-18 00:00:00,Period Tracker,5.6,Android
MM_1403,2024-08-08,2024-09-06 00:00:00,Community Forum,12.6,Android
MM_1404,2024-09-28,2024-11-11 00:00:00,Period Tracker,5.5,iOS
MM_1404,2024-09-28,2024-10-02 00:00:00,Health Articles,4.4,Android
MM_1404,2024-09-28,2024-10-04 00:00:00,Community Forum,7.4,Android
MM_1404,2024-09-28,2024-11-27 00:00:00,Period Tracker,4.2,Android
MM_1404,2024-09-28,2024-10-16 00:00:00,Period Tracker,7.3,Android
MM_1404,2024-09-28,2024-10-07 00:00:00,Symptom Logger,1.6,iOS
MM_1404,2024-09-28,2024-10-16 00:00:00,Community Forum,8.3,iOS
MM_1404,2024-09-28,2024-10-01 00:00:00,Symptom Logger,10.4,Android
MM_1404,2024-09-28,2024-10-21 00:00:00,Period Tracker,6.2,Android
MM_1404,2024-09-28,2024-09-30 00:00:00,Period Tracker,11.0,iOS
MM_1404,2024-09-28,2024-11-19 00:00:00,Community Forum,2.0,Android
MM_1404,2024-09-28,2024-10-18 00:00:00,Period Tracker,14.5,Android
MM_1404,2024-09-28,2024-10-05 00:00:00,Period Tracker,12.2,iOS
MM_1404,2024-09-28,2024-10-08 00:00:00,Symptom Logger,8.2,Android
MM_1404,2024-09-28,2024-10-06 00:00:00,Period Tracker,2.9,Android
MM_1404,2024-09-28,2024-11-08 00:00:00,Period Tracker,12.3,iOS
MM_1404,2024-09-28,2024-10-08 00:00:00,Period Tracker,2.1,Android
MM_1405,2024-10-22,2024-11-21 00:00:00,Period Tracker,14.8,iOS
MM_1405,2024-10-22,2024-11-11 00:00:00,Period Tracker,14.9,iOS
MM_1405,2024-10-22,2024-10-25 00:00:00,Period Tracker,8.9,Android
MM_1405,2024-10-22,2024-11-02 00:00:00,Symptom Logger,8.0,Android
MM_1405,2024-10-22,2024-11-20 00:00:00,Community Forum,14.9,Android
MM_1405,2024-10-22,2024-11-23 00:00:00,Period Tracker,8.8,Android
MM_1405,2024-10-22,2024-10-29 00:00:00,Period Tracker,5.3,Android
MM_1405,2024-10-22,2024-11-03 00:00:00,Period Tracker,14.4,Android
MM_1405,2024-10-22,2024-10-27 00:00:00,Period Tracker,12.0,iOS
MM_1405,2024-10-22,2024-10-25 00:00:00,Period Tracker,1.3,Android
MM_1405,2024-10-22,2024-11-18 00:00:00,Community Forum,13.1,iOS
MM_1405,2024-10-22,2024-12-10 00:00:00,Period Tracker,4.9,Android
MM_1405,2024-10-22,2024-10-23 00:00:00,Health Articles,4.8,iOS
MM_1405,2024-10-22,2024-12-20 00:00:00,Community Forum,8.8,Android
MM_1405,2024-10-22,2024-11-06 00:00:00,Period Tracker,5.4,iOS
MM_1406,2024-08-29,2024-09-28 00:00:00,Period Tracker,6.9,iOS
MM_1406,2024-08-29,2024-09-21 00:00:00,Period Tracker,4.4,Android
MM_1406,2024-08-29,2024-10-17 00:00:00,Period Tracker,6.1,iOS
MM_1406,2024-08-29,2024-10-16 00:00:00,Period Tracker,4.6,Android
MM_1406,2024-08-29,2024-10-07 00:00:00,Health Articles,3.1,iOS
MM_1407,2024-08-06,2024-09-03 00:00:00,Symptom Logger,12.7,Android
MM_1407,2024-08-06,2024-08-13 00:00:00,Period Tracker,6.6,iOS
MM_1407,2024-08-06,2024-10-04 00:00:00,Period Tracker,3.8,Android
MM_1407,2024-08-06,2024-09-06 00:00:00,Period Tracker,13.3,iOS
MM_1407,2024-08-06,2024-09-05 00:00:00,Community Forum,8.4,iOS
MM_1407,2024-08-06,2024-09-12 00:00:00,Period Tracker,12.0,iOS
MM_1407,2024-08-06,2024-09-27 00:00:00,Period Tracker,13.1,Android
MM_1407,2024-08-06,2024-08-07 00:00:00,Period Tracker,13.4,iOS
MM_1407,2024-08-06,2024-08-24 00:00:00,Health Articles,10.9,iOS
MM_1407,2024-08-06,2024-10-04 00:00:00,Symptom Logger,5.5,iOS
MM_1407,2024-08-06,2024-08-06 00:00:00,Symptom Logger,5.8,Android
MM_1407,2024-08-06,2024-08-17 00:00:00,Community Forum,11.3,Android
MM_1407,2024-08-06,2024-08-15 00:00:00,Period Tracker,6.3,iOS
MM_1408,2024-10-13,2024-12-07 00:00:00,Period Tracker,2.9,iOS
MM_1408,2024-10-13,2024-11-16 00:00:00,Period Tracker,1.6,iOS
MM_1408,2024-10-13,2024-11-18 00:00:00,Community Forum,11.3,Android
MM_1408,2024-10-13,2024-10-25 00:00:00,Symptom Logger,1.7,iOS
MM_1408,2024-10-13,2024-12-07 00:00:00,Period Tracker,3.8,Android
MM_1408,2024-10-13,2024-10-31 00:00:00,Symptom Logger,3.1,iOS
MM_1408,2024-10-13,2024-11-01 00:00:00,Symptom Logger,11.6,iOS
MM_1408,2024-10-13,2024-11-22 00:00:00,Period Tracker,9.4,iOS
MM_1408,2024-10-13,2024-11-04 00:00:00,Period Tracker,2.4,iOS
MM_1408,2024-10-13,2024-11-21 00:00:00,Symptom Logger,10.8,iOS
MM_1408,2024-10-13,2024-11-21 00:00:00,Period Tracker,14.1,iOS
MM_1408,2024-10-13,2024-11-26 00:00:00,Period Tracker,10.2,Android
MM_1408,2024-10-13,2024-11-16 00:00:00,Community Forum,12.0,Android
MM_1409,2024-08-09,2024-09-12 00:00:00,Period Tracker,14.3,iOS
MM_1409,2024-08-09,2024-08-09 00:00:00,Period Tracker,12.3,Android
MM_1409,2024-08-09,2024-09-15 00:00:00,Period Tracker,,Android
MM_1409,2024-08-09,2024-08-27 00:00:00,Community Forum,12.9,Android
MM_1409,2024-08-09,2024-08-16 00:00:00,Symptom Logger,2.7,iOS
MM_1409,2024-08-09,2024-09-12 00:00:00,Health Articles,11.4,Android
MM_1409,2024-08-09,2024-10-02 00:00:00,Health Articles,2.0,iOS
MM_1409,2024-08-09,2024-08-29 00:00:00,Health Articles,5.1,iOS
MM_1409,2024-08-09,2024-08-26 00:00:00,Community Forum,1.8,Android
MM_1409,2024-08-09,2024-10-04 00:00:00,Health Articles,5.5,Android
MM_1409,2024-08-09,2024-10-07 00:00:00,Community Forum,9.6,Android
MM_1409,2024-08-09,2024-10-04 00:00:00,Period Tracker,2.2,Android
MM_1409,2024-08-09,2024-08-14 00:00:00,Period Tracker,7.0,iOS
MM_1409,2024-08-09,2024-10-08 00:00:00,Symptom Logger,8.6,Android
MM_1410,2024-10-30,2024-12-13 00:00:00,Period Tracker,1.7,iOS
MM_1410,2024-10-30,2024-11-15 00:00:00,Health Articles,13.2,Android
MM_1410,2024-10-30,2024-11-22 00:00:00,Symptom Logger,10.6,Android
MM_1410,2024-10-30,2024-12-25 00:00:00,Period Tracker,5.4,iOS
MM_1410,2024-10-30,2024-11-23 00:00:00,Symptom Logger,9.6,Android
MM_1410,2024-10-30,2024-11-04 00:00:00,Community Forum,12.5,iOS
MM_1410,2024-10-30,2024-12-03 00:00:00,Period Tracker,9.4,Android
MM_1410,2024-10-30,2024-11-10 00:00:00,Health Articles,6.0,iOS
MM_1410,2024-10-30,2024-12-25 00:00:00,Health Articles,9.5,Android
MM_1410,2024-10-30,2024-11-16 00:00:00,Period Tracker,4.8,Android
MM_1410,2024-10-30,2024-12-25 00:00:00,Period Tracker,4.2,iOS
MM_1410,2024-10-30,2024-11-06 00:00:00,Period Tracker,13.4,iOS
MM_1410,2024-10-30,2024-11-29 00:00:00,Period Tracker,13.4,Android
MM_1410,2024-10-30,2024-11-29 00:00:00,Community Forum,4.3,Android
MM_1410,2024-10-30,2024-12-18 00:00:00,Community Forum,9.7,Android
MM_1410,2024-10-30,2024-11-11 00:00:00,Health Articles,7.1,iOS
MM_1410,2024-10-30,2024-11-21 00:00:00,Period Tracker,9.6,Android
MM_1410,2024-10-30,2024-11-04 00:00:00,Symptom Logger,8.7,iOS
MM_1410,2024-10-30,2024-12-06 00:00:00,Period Tracker,13.5,Android
MM_1410,2024-10-30,2024-12-04 00:00:00,Symptom Logger,5.1,iOS
MM_1411,2024-08-30,2024-10-13 00:00:00,Period Tracker,2.5,iOS
MM_1411,2024-08-30,2024-09-14 00:00:00,Period Tracker,11.8,Android
MM_1411,2024-08-30,2024-09-04 00:00:00,Period Tracker,1.4,Android
MM_1411,2024-08-30,2024-09-04 00:00:00,Period Tracker,6.2,Android
MM_1411,2024-08-30,2024-09-22 00:00:00,Period Tracker,14.7,iOS
MM_1411,2024-08-30,2024-09-28 00:00:00,Symptom Logger,10.4,Android
MM_1411,2024-08-30,2024-09-02 00:00:00,Symptom Logger,12.7,Android
MM_1411,2024-08-30,2024-10-28 00:00:00,Period Tracker,,iOS
MM_1411,2024-08-30,2024-10-04 00:00:00,Period Tracker,12.6,Android
MM_1411,2024-08-30,2024-10-19 00:00:00,Community Forum,11.6,Android
MM_1411,2024-08-30,2024-09-30 00:00:00,Period Tracker,14.3,Android
MM_1411,2024-08-30,2024-09-30 00:00:00,Community Forum,9.9,Android
MM_1411,2024-08-30,2024-10-13 00:00:00,Period Tracker,9.0,iOS
MM_1412,2024-08-14,2024-09-24 00:00:00,Period Tracker,5.0,iOS
MM_1413,2024-10-26,2024-12-04 00:00:00,Period Tracker,13.0,iOS
MM_1413,2024-10-26,2024-12-03 00:00:00,Symptom Logger,8.1,iOS
MM_1413,2024-10-26,2024-11-23 00:00:00,Health Articles,14.1,Android
MM_1413,2024-10-26,2024-11-25 00:00:00,Community Forum,13.7,iOS
MM_1413,2024-10-26,2024-11-24 00:00:00,Symptom Logger,5.7,Android
MM_1413,2024-10-26,2024-12-19 00:00:00,Period Tracker,4.5,Android
MM_1413,2024-10-26,2024-11-02 00:00:00,Period Tracker,6.6,iOS
MM_1413,2024-10-26,2024-11-01 00:00:00,Period Tracker,1.6,iOS
MM_1413,2024-10-26,2024-11-18 00:00:00,Period Tracker,4.2,Android
MM_1413,2024-10-26,2024-11-08 00:00:00,Period Tracker,5.4,Android
MM_1413,2024-10-26,2024-12-03 00:00:00,Period Tracker,9.0,iOS
MM_1413,2024-10-26,2024-11-22 00:00:00,Symptom Logger,15.0,iOS
MM_1413,2024-10-26,2024-12-13 00:00:00,Symptom Logger,7.2,Android
MM_1413,2024-10-26,2024-11-14 00:00:00,Period Tracker,14.2,iOS
MM_1413,2024-10-26,2024-11-13 00:00:00,Period Tracker,14.5,iOS
MM_1413,2024-10-26,2024-12-13 00:00:00,Symptom Logger,8.9,iOS
MM_1413,2024-10-26,2024-12-19 00:00:00,Symptom Logger,1.6,Android
MM_1413,2024-10-26,2024-12-13 00:00:00,Period Tracker,2.0,Android
MM_1413,2024-10-26,2024-12-15 00:00:00,Period Tracker,14.2,iOS
MM_1413,2024-10-26,2024-11-04 00:00:00,Period Tracker,13.9,Android
MM_1414,2024-09-04,2024-11-02 00:00:00,Community Forum,7.9,Android
MM_1414,2024-09-04,2024-09-23 00:00:00,Symptom Logger,6.4,Android
MM_1414,2024-09-04,2024-10-14 00:00:00,Community Forum,10.9,iOS
MM_1415,2024-10-16,2024-11-25 00:00:00,Community Forum,4.8,iOS
MM_1416,2024-09-25,2024-10-29 00:00:00,Symptom Logger,10.2,iOS
MM_1416,2024-09-25,2024-10-03 00:00:00,Period Tracker,10.3,Android
MM_1416,2024-09-25,2024-10-31 00:00:00,Symptom Logger,9.2,Android
MM_1416,2024-09-25,2024-11-16 00:00:00,Symptom Logger,13.9,iOS
MM_1416,2024-09-25,2024-10-20 00:00:00,Symptom Logger,9.7,Android
MM_1416,2024-09-25,2024-10-06 00:00:00,Period Tracker,1.5,iOS
MM_1416,2024-09-25,2024-11-04 00:00:00,Period Tracker,4.7,Android
MM_1417,2024-08-02,2024-08-23 00:00:00,Health Articles,10.8,Android
MM_1417,2024-08-02,2024-09-02 00:00:00,Period Tracker,2.9,iOS
MM_1417,2024-08-02,2024-08-08 00:00:00,Symptom Logger,13.7,Android
MM_1417,2024-08-02,2024-08-24 00:00:00,Period Tracker,7.7,Android
MM_1417,2024-08-02,2024-08-02 00:00:00,Symptom Logger,9.4,Android
MM_1417,2024-08-02,2024-09-27 00:00:00,Symptom Logger,7.5,Android
MM_1417,2024-08-02,2024-09-19 00:00:00,Symptom Logger,,iOS
MM_1417,2024-08-02,2024-09-11 00:00:00,Period Tracker,2.2,iOS
MM_1417,2024-08-02,2024-09-15 00:00:00,Health Articles,6.4,iOS
MM_1417,2024-08-02,2024-10-01 00:00:00,Symptom Logger,,Android
MM_1417,2024-08-02,2024-09-21 00:00:00,Period Tracker,7.2,iOS
MM_1417,2024-08-02,2024-09-22 00:00:00,Period Tracker,5.9,iOS
MM_1417,2024-08-02,2024-08-23 00:00:00,Community Forum,7.9,iOS
MM_1417,2024-08-02,2024-09-16 00:00:00,Symptom Logger,8.5,Android
MM_1417,2024-08-02,2024-08-13 00:00:00,Community Forum,3.8,Android
MM_1417,2024-08-02,2024-08-12 00:00:00,Period Tracker,5.4,iOS
MM_1418,2024-08-30,2024-10-13 00:00:00,Period Tracker,6.8,iOS
MM_1418,2024-08-30,2024-10-04 00:00:00,Period Tracker,12.6,Android
MM_1418,2024-08-30,2024-10-08 00:00:00,Health Articles,,Android
MM_1418,2024-08-30,2024-10-17 00:00:00,Period Tracker,12.2,iOS
MM_1418,2024-08-30,2024-10-28 00:00:00,Period Tracker,14.0,iOS
MM_1418,2024-08-30,2024-10-08 00:00:00,Period Tracker,10.6,Android
MM_1418,2024-08-30,2024-10-15 00:00:00,Symptom Logger,2.8,Android
MM_1418,2024-08-30,2024-09-10 00:00:00,Period Tracker,2.8,Android
MM_1418,2024-08-30,2024-09-13 00:00:00,Period Tracker,3.3,Android
MM_1418,2024-08-30,2024-10-05 00:00:00,Period Tracker,9.2,iOS
MM_1418,2024-08-30,2024-09-02 00:00:00,Health Articles,13.6,iOS
MM_1418,2024-08-30,2024-10-19 00:00:00,Period Tracker,8.7,iOS
MM_1418,2024-08-30,2024-10-17 00:00:00,Community Forum,3.7,Android
MM_1418,2024-08-30,2024-09-07 00:00:00,Period Tracker,2.3,iOS
MM_1418,2024-08-30,2024-10-27 00:00:00,Period Tracker,2.5,iOS
MM_1418,2024-08-30,2024-09-30 00:00:00,Period Tracker,10.0,Android
MM_1418,2024-08-30,2024-09-17 00:00:00,Period Tracker,14.4,Android
MM_1419,2024-08-02,2024-09-08 00:00:00,Period Tracker,2.4,Android
MM_1419,2024-08-02,2024-08-25 00:00:00,Period Tracker,14.9,Android
MM_1419,2024-08-02,2024-09-13 00:00:00,Community Forum,3.6,Android
MM_1419,2024-08-02,2024-09-18 00:00:00,Period Tracker,4.2,Android
MM_1419,2024-08-02,2024-08-10 00:00:00,Period Tracker,5.8,iOS
MM_1419,2024-08-02,2024-09-21 00:00:00,Period Tracker,7.7,iOS
MM_1419,2024-08-02,2024-09-20 00:00:00,Community Forum,9.9,iOS
MM_1419,2024-08-02,2024-08-21 00:00:00,Period Tracker,3.6,Android
MM_1419,2024-08-02,2024-09-25 00:00:00,Period Tracker,4.3,iOS
MM_1420,2024-10-12,2024-11-15 00:00:00,Health Articles,7.9,Android
MM_1420,2024-10-12,2024-12-06 00:00:00,Period Tracker,9.9,Android
MM_1420,2024-10-12,2024-10-24 00:00:00,Period Tracker,13.8,iOS
MM_1420,2024-10-12,2024-11-13 00:00:00,Community Forum,5.9,Android
MM_1420,2024-10-12,2024-10-29 00:00:00,Community Forum,2.9,iOS
MM_1420,2024-10-12,2024-11-19 00:00:00,Community Forum,1.6,Android
MM_1420,2024-10-12,2024-10-24 00:00:00,Health Articles,10.2,Android
MM_1420,2024-10-12,2024-12-05 00:00:00,Period Tracker,13.4,Android
MM_1420,2024-10-12,2024-11-09 00:00:00,Health Articles,2.8,Android
MM_1420,2024-10-12,2024-10-22 00:00:00,Period Tracker,1.9,Android
MM_1420,2024-10-12,2024-12-09 00:00:00,Period Tracker,10.8,Android
MM_1420,2024-10-12,2024-11-24 00:00:00,Symptom Logger,4.7,iOS
MM_1421,2024-09-30,2024-10-27 00:00:00,Period Tracker,13.5,Android
MM_1421,2024-09-30,2024-10-06 00:00:00,Period Tracker,14.4,iOS
MM_1421,2024-09-30,2024-10-06 00:00:00,Period Tracker,10.6,iOS
MM_1421,2024-09-30,2024-11-11 00:00:00,Period Tracker,3.1,Android
MM_1421,2024-09-30,2024-11-11 00:00:00,Period Tracker,3.4,Android
MM_1421,2024-09-30,2024-11-15 00:00:00,Period Tracker,,iOS
MM_1422,2024-10-26,2024-11-20 00:00:00,Health Articles,10.2,Android
MM_1422,2024-10-26,2024-10-30 00:00:00,Period Tracker,7.4,Android
MM_1422,2024-10-26,2024-12-21 00:00:00,Symptom Logger,5.9,Android
MM_1423,2024-10-17,2024-11-24 00:00:00,Symptom Logger,13.5,Android
MM_1424,2024-10-13,2024-11-19 00:00:00,Period Tracker,2.3,Android
MM_1424,2024-10-13,2024-10-22 00:00:00,Health Articles,10.2,iOS
MM_1424,2024-10-13,2024-10-24 00:00:00,Symptom Logger,9.4,iOS
MM_1424,2024-10-13,2024-11-21 00:00:00,Period Tracker,9.1,Android
MM_1424,2024-10-13,2024-12-01 00:00:00,Health Articles,14.4,iOS
MM_1424,2024-10-13,2024-10-18 00:00:00,Health Articles,5.2,Android
MM_1424,2024-10-13,2024-12-09 00:00:00,Period Tracker,5.6,Android
MM_1424,2024-10-13,2024-10-22 00:00:00,Period Tracker,13.0,Android
MM_1424,2024-10-13,2024-11-16 00:00:00,Community Forum,3.2,Android
MM_1424,2024-10-13,2024-11-17 00:00:00,Period Tracker,11.9,iOS
MM_1424,2024-10-13,2024-11-01 00:00:00,Health Articles,7.8,iOS
MM_1424,2024-10-13,2024-12-05 00:00:00,Health Articles,6.3,Android
MM_1424,2024-10-13,2024-10-31 00:00:00,Community Forum,6.9,iOS
MM_1424,2024-10-13,2024-11-18 00:00:00,Community Forum,4.8,Android
MM_1424,2024-10-13,2024-12-08 00:00:00,Period Tracker,7.1,iOS
MM_1425,2024-10-25,2024-11-12 00:00:00,Period Tracker,9.9,Android
MM_1425,2024-10-25,2024-11-10 00:00:00,Period Tracker,8.8,iOS
MM_1425,2024-10-25,2024-11-14 00:00:00,Period Tracker,11.8,iOS
MM_1426,2024-08-10,2024-09-16 00:00:00,Period Tracker,8.4,iOS
MM_1426,2024-08-10,2024-09-30 00:00:00,Period Tracker,14.7,iOS
MM_1427,2024-10-18,2024-11-02 00:00:00,Health Articles,9.7,iOS
MM_1427,2024-10-18,2024-11-07 00:00:00,Community Forum,3.3,iOS
MM_1427,2024-10-18,2024-10-19 00:00:00,Period Tracker,1.5,Android
MM_1427,2024-10-18,2024-11-05 00:00:00,Symptom Logger,6.3,iOS
MM_1427,2024-10-18,2024-11-01 00:00:00,Period Tracker,13.8,Android
MM_1427,2024-10-18,2024-12-13 00:00:00,Period Tracker,10.2,Android
MM_1427,2024-10-18,2024-11-13 00:00:00,Period Tracker,14.6,iOS
MM_1427,2024-10-18,2024-10-25 00:00:00,Symptom Logger,8.7,Android
MM_1427,2024-10-18,2024-11-19 00:00:00,Symptom Logger,11.7,iOS
MM_1427,2024-10-18,2024-11-20 00:00:00,Period Tracker,11.3,Android
MM_1427,2024-10-18,2024-11-03 00:00:00,Community Forum,3.7,Android
MM_1427,2024-10-18,2024-11-19 00:00:00,Symptom Logger,2.2,Android
MM_1427,2024-10-18,2024-11-10 00:00:00,Symptom Logger,1.0,Android
MM_1428,2024-09-26,2024-09-27 00:00:00,Health Articles,2.8,Android
MM_1428,2024-09-26,2024-10-26 00:00:00,Period Tracker,8.6,iOS
MM_1428,2024-09-26,2024-09-29 00:00:00,Period Tracker,,Android
MM_1428,2024-09-26,2024-10-25 00:00:00,Period Tracker,12.8,Android
MM_1428,2024-09-26,2024-10-12 00:00:00,Symptom Logger,6.4,Android
MM_1428,2024-09-26,2024-10-21 00:00:00,Community Forum,8.5,iOS
MM_1428,2024-09-26,2024-11-13 00:00:00,Community Forum,7.4,iOS
MM_1428,2024-09-26,2024-11-08 00:00:00,Health Articles,2.9,Android
MM_1428,2024-09-26,2024-11-10 00:00:00,Symptom Logger,9.4,iOS
MM_1428,2024-09-26,2024-11-13 00:00:00,Period Tracker,7.4,iOS
MM_1428,2024-09-26,2024-10-10 00:00:00,Symptom Logger,3.9,Android
MM_1428,2024-09-26,2024-11-24 00:00:00,Period Tracker,5.5,Android
MM_1428,2024-09-26,2024-10-13 00:00:00,Period Tracker,11.8,Android
MM_1428,2024-09-26,2024-11-12 00:00:00,Symptom Logger,8.5,iOS
MM_1428,2024-09-26,2024-10-14 00:00:00,Period Tracker,8.0,iOS
MM_1428,2024-09-26,2024-10-02 00:00:00,Period Tracker,6.6,Android
MM_1428,2024-09-26,2024-10-26 00:00:00,Period Tracker,2.0,iOS
MM_1428,2024-09-26,2024-11-15 00:00:00,Symptom Logger,3.2,Android
MM_1428,2024-09-26,2024-09-29 00:00:00,Period Tracker,2.3,iOS
MM_1429,2024-09-14,2024-09-25 00:00:00,Community Forum,12.0,iOS
MM_1429,2024-09-14,2024-10-02 00:00:00,Community Forum,10.2,Android
MM_1429,2024-09-14,2024-10-27 00:00:00,Period Tracker,10.8,Android
MM_1429,2024-09-14,2024-09-26 00:00:00,Period Tracker,9.5,Android
MM_1429,2024-09-14,2024-09-27 00:00:00,Period Tracker,,iOS
MM_1429,2024-09-14,2024-10-20 00:00:00,Symptom Logger,13.5,Android
MM_1429,2024-09-14,2024-09-28 00:00:00,Period Tracker,11.2,iOS
MM_1429,2024-09-14,2024-10-24 00:00:00,Period Tracker,2.2,Android
MM_1429,2024-09-14,2024-11-03 00:00:00,Symptom Logger,13.5,iOS
MM_1430,2024-08-08,2024-09-14 00:00:00,Community Forum,11.3,Android
MM_1430,2024-08-08,2024-09-06 00:00:00,Period Tracker,3.4,Android
MM_1430,2024-08-08,2024-08-27 00:00:00,Period Tracker,1.5,Android
MM_1430,2024-08-08,2024-09-06 00:00:00,Symptom Logger,10.9,Android
MM_1430,2024-08-08,2024-09-06 00:00:00,Symptom Logger,11.8,Android
MM_1430,2024-08-08,2024-08-29 00:00:00,Community Forum,1.8,Android
MM_1430,2024-08-08,2024-09-15 00:00:00,Health Articles,8.4,Android
MM_1430,2024-08-08,2024-09-02 00:00:00,Symptom Logger,1.9,iOS
MM_1430,2024-08-08,2024-09-23 00:00:00,Symptom Logger,12.3,iOS
MM_1430,2024-08-08,2024-08-20 00:00:00,Period Tracker,12.5,iOS
MM_1430,2024-08-08,2024-08-21 00:00:00,Period Tracker,3.8,iOS
MM_1430,2024-08-08,2024-08-17 00:00:00,Community Forum,5.2,iOS
MM_1431,2024-08-09,2024-09-09 00:00:00,Period Tracker,6.4,Android
MM_1431,2024-08-09,2024-10-02 00:00:00,Period Tracker,6.2,Android
MM_1431,2024-08-09,2024-09-15 00:00:00,Symptom Logger,10.3,Android
MM_1431,2024-08-09,2024-08-23 00:00:00,Health Articles,3.9,iOS
MM_1431,2024-08-09,2024-10-06 00:00:00,Period Tracker,2.7,iOS
MM_1431,2024-08-09,2024-08-15 00:00:00,Health Articles,11.5,Android
MM_1431,2024-08-09,2024-09-28 00:00:00,Community Forum,2.9,iOS
MM_1431,2024-08-09,2024-10-06 00:00:00,Community Forum,4.7,iOS
MM_1432,2024-09-18,2024-09-24 00:00:00,Period Tracker,8.7,Android
MM_1432,2024-09-18,2024-11-14 00:00:00,Period Tracker,12.0,iOS
MM_1432,2024-09-18,2024-11-01 00:00:00,Symptom Logger,14.7,Android
MM_1432,2024-09-18,2024-09-20 00:00:00,Period Tracker,10.8,Android
MM_1432,2024-09-18,2024-09-22 00:00:00,Symptom Logger,2.1,Android
MM_1432,2024-09-18,2024-09-19 00:00:00,Period Tracker,1.5,Android
MM_1432,2024-09-18,2024-10-28 00:00:00,Symptom Logger,5.8,iOS
MM_1432,2024-09-18,2024-10-31 00:00:00,Period Tracker,4.5,iOS
MM_1432,2024-09-18,2024-10-26 00:00:00,Symptom Logger,11.0,Android
MM_1432,2024-09-18,2024-10-26 00:00:00,Period Tracker,12.7,iOS
MM_1432,2024-09-18,2024-09-26 00:00:00,Period Tracker,3.9,iOS
MM_1432,2024-09-18,2024-10-08 00:00:00,Period Tracker,4.7,iOS
MM_1432,2024-09-18,2024-10-09 00:00:00,Health Articles,11.2,Android
MM_1432,2024-09-18,2024-11-01 00:00:00,Period Tracker,5.5,Android
MM_1432,2024-09-18,2024-11-11 00:00:00,Health Articles,11.6,iOS
MM_1432,2024-09-18,2024-09-25 00:00:00,Symptom Logger,12.5,iOS
MM_1432,2024-09-18,2024-10-09 00:00:00,Health Articles,10.9,Android
MM_1432,2024-09-18,2024-10-13 00:00:00,Health Articles,8.6,Android
MM_1432,2024-09-18,2024-10-21 00:00:00,Community Forum,12.7,iOS
MM_1433,2024-09-06,2024-10-30 00:00:00,Period Tracker,4.9,iOS
MM_1433,2024-09-06,2024-10-29 00:00:00,Period Tracker,3.7,Android
MM_1433,2024-09-06,2024-10-07 00:00:00,Period Tracker,9.1,Android
MM_1433,2024-09-06,2024-09-26 00:00:00,Community Forum,12.6,iOS
MM_1433,2024-09-06,2024-09-21 00:00:00,Period Tracker,5.1,iOS
MM_1433,2024-09-06,2024-11-01 00:00:00,Period Tracker,9.1,Android
MM_1433,2024-09-06,2024-10-03 00:00:00,Period Tracker,14.5,iOS
MM_1433,2024-09-06,2024-09-27 00:00:00,Symptom Logger,8.9,iOS
MM_1433,2024-09-06,2024-10-10 00:00:00,Community Forum,11.1,Android
MM_1433,2024-09-06,2024-11-02 00:00:00,Period Tracker,6.0,iOS
MM_1433,2024-09-06,2024-11-03 00:00:00,Community Forum,11.7,Android
MM_1433,2024-09-06,2024-10-10 00:00:00,Period Tracker,6.9,Android
MM_1433,2024-09-06,2024-09-15 00:00:00,Period Tracker,1.7,Android
MM_1434,2024-08-11,2024-09-17 00:00:00,Community Forum,9.4,Android
MM_1434,2024-08-11,2024-08-18 00:00:00,Symptom Logger,2.6,Android
MM_1434,2024-08-11,2024-10-06 00:00:00,Community Forum,5.3,Android
MM_1434,2024-08-11,2024-08-11 00:00:00,Symptom Logger,3.3,Android
MM_1434,2024-08-11,2024-08-31 00:00:00,Symptom Logger,10.7,Android
MM_1434,2024-08-11,2024-08-27 00:00:00,Period Tracker,2.3,iOS
MM_1434,2024-08-11,2024-09-20 00:00:00,Symptom Logger,7.8,iOS
MM_1434,2024-08-11,2024-10-06 00:00:00,Period Tracker,11.4,iOS
MM_1434,2024-08-11,2024-09-06 00:00:00,Community Forum,6.6,iOS
MM_1434,2024-08-11,2024-09-13 00:00:00,Symptom Logger,3.1,iOS
MM_1434,2024-08-11,2024-09-27 00:00:00,Community Forum,13.5,iOS
MM_1434,2024-08-11,2024-08-15 00:00:00,Period Tracker,2.3,Android
MM_1434,2024-08-11,2024-08-18 00:00:00,Health Articles,8.5,iOS
MM_1434,2024-08-11,2024-09-30 00:00:00,Period Tracker,3.1,iOS
MM_1434,2024-08-11,2024-10-03 00:00:00,Period Tracker,6.1,iOS
MM_1434,2024-08-11,2024-09-25 00:00:00,Community Forum,11.7,Android
MM_1435,2024-08-25,2024-10-03 00:00:00,Symptom Logger,2.7,Android
MM_1435,2024-08-25,2024-09-03 00:00:00,Period Tracker,3.8,Android
MM_1435,2024-08-25,2024-09-17 00:00:00,Community Forum,3.7,iOS
MM_1436,2024-08-09,2024-08-24 00:00:00,Period Tracker,8.4,iOS
MM_1436,2024-08-09,2024-09-29 00:00:00,Health Articles,1.4,iOS
MM_1436,2024-08-09,2024-08-20 00:00:00,Period Tracker,11.8,iOS
MM_1436,2024-08-09,2024-09-18 00:00:00,Health Articles,4.4,Android
MM_1436,2024-08-09,2024-08-16 00:00:00,Symptom Logger,10.5,iOS
MM_1436,2024-08-09,2024-09-04 00:00:00,Period Tracker,10.4,Android
MM_1436,2024-08-09,2024-08-19 00:00:00,Period Tracker,13.0,iOS
MM_1436,2024-08-09,2024-09-13 00:00:00,Symptom Logger,11.2,iOS
MM_1436,2024-08-09,2024-10-01 00:00:00,Period Tracker,11.7,iOS
MM_1436,2024-08-09,2024-08-25 00:00:00,Period Tracker,8.3,iOS
MM_1436,2024-08-09,2024-09-14 00:00:00,Health Articles,8.3,Android
MM_1436,2024-08-09,2024-09-18 00:00:00,Community Forum,3.4,iOS
MM_1436,2024-08-09,2024-09-16 00:00:00,Period Tracker,3.2,iOS
MM_1436,2024-08-09,2024-09-19 00:00:00,Period Tracker,4.8,Android
MM_1436,2024-08-09,2024-09-26 00:00:00,Symptom Logger,11.8,iOS
MM_1436,2024-08-09,2024-08-17 00:00:00,Period Tracker,6.9,Android
MM_1436,2024-08-09,2024-09-07 00:00:00,Period Tracker,13.9,Android
MM_1436,2024-08-09,2024-09-12 00:00:00,Period Tracker,9.0,iOS
MM_1437,2024-10-15,2024-10-20 00:00:00,Community Forum,4.9,iOS
MM_1437,2024-10-15,2024-11-12 00:00:00,Period Tracker,,iOS
MM_1437,2024-10-15,2024-12-13 00:00:00,Period Tracker,5.8,iOS
MM_1437,2024-10-15,2024-11-02 00:00:00,Period Tracker,8.4,Android
MM_1437,2024-10-15,2024-10-16 00:00:00,Period Tracker,5.4,Android
MM_1437,2024-10-15,2024-10-17 00:00:00,Period Tracker,11.7,iOS
MM_1437,2024-10-15,2024-10-25 00:00:00,Period Tracker,13.5,iOS
MM_1437,2024-10-15,2024-11-01 00:00:00,Community Forum,15.0,Android
MM_1437,2024-10-15,2024-11-05 00:00:00,Period Tracker,4.7,iOS
MM_1437,2024-10-15,2024-11-01 00:00:00,Symptom Logger,13.9,iOS
MM_1437,2024-10-15,2024-10-29 00:00:00,Health Articles,3.8,Android
MM_1437,2024-10-15,2024-10-24 00:00:00,Symptom Logger,2.5,Android
MM_1437,2024-10-15,2024-11-10 00:00:00,Community Forum,4.1,Android
MM_1437,2024-10-15,2024-12-01 00:00:00,Community Forum,15.0,Android
MM_1437,2024-10-15,2024-11-23 00:00:00,Symptom Logger,8.8,iOS
MM_1437,2024-10-15,2024-10-24 00:00:00,Period Tracker,4.2,iOS
MM_1437,2024-10-15,2024-11-22 00:00:00,Community Forum,6.7,Android
MM_1437,2024-10-15,2024-11-14 00:00:00,Health Articles,11.4,iOS
MM_1437,2024-10-15,2024-10-29 00:00:00,Community Forum,6.1,Android
MM_1437,2024-10-15,2024-12-04 00:00:00,Period Tracker,5.1,iOS
MM_1438,2024-10-12,2024-12-06 00:00:00,Community Forum,7.4,Android
MM_1438,2024-10-12,2024-11-16 00:00:00,Period Tracker,14.0,iOS
MM_1438,2024-10-12,2024-10-13 00:00:00,Community Forum,14.0,Android
MM_1438,2024-10-12,2024-11-02 00:00:00,Symptom Logger,12.3,iOS
MM_1438,2024-10-12,2024-11-13 00:00:00,Period Tracker,13.3,iOS
MM_1438,2024-10-12,2024-10-24 00:00:00,Period Tracker,1.7,iOS
MM_1438,2024-10-12,2024-12-02 00:00:00,Period Tracker,1.7,iOS
MM_1438,2024-10-12,2024-10-23 00:00:00,Symptom Logger,12.4,Android
MM_1438,2024-10-12,2024-11-21 00:00:00,Period Tracker,2.5,iOS
MM_1438,2024-10-12,2024-12-05 00:00:00,Community Forum,11.4,Android
MM_1438,2024-10-12,2024-11-18 00:00:00,Period Tracker,9.8,iOS
MM_1438,2024-10-12,2024-10-25 00:00:00,Period Tracker,6.9,Android
MM_1438,2024-10-12,2024-10-15 00:00:00,Period Tracker,13.1,iOS
MM_1438,2024-10-12,2024-12-02 00:00:00,Community Forum,3.5,Android
MM_1439,2024-10-06,2024-10-17 00:00:00,Health Articles,6.1,Android
MM_1439,2024-10-06,2024-11-30 00:00:00,Period Tracker,14.2,iOS
MM_1440,2024-10-17,2024-10-30 00:00:00,Community Forum,3.6,iOS
MM_1440,2024-10-17,2024-11-28 00:00:00,Period Tracker,11.9,Android
MM_1440,2024-10-17,2024-11-28 00:00:00,Period Tracker,10.2,Android
MM_1440,2024-10-17,2024-11-04 00:00:00,Period Tracker,6.1,iOS
MM_1440,2024-10-17,2024-12-13 00:00:00,Period Tracker,8.9,Android
MM_1440,2024-10-17,2024-11-27 00:00:00,Health Articles,1.3,iOS
MM_1440,2024-10-17,2024-10-30 00:00:00,Period Tracker,8.4,iOS
MM_1441,2024-09-06,2024-10-31 00:00:00,Period Tracker,14.5,iOS
MM_1441,2024-09-06,2024-11-03 00:00:00,Community Forum,5.8,iOS
MM_1441,2024-09-06,2024-09-09 00:00:00,Symptom Logger,5.8,iOS
MM_1441,2024-09-06,2024-09-24 00:00:00,Period Tracker,12.5,Android
MM_1441,2024-09-06,2024-09-27 00:00:00,Community Forum,1.6,iOS
MM_1441,2024-09-06,2024-10-30 00:00:00,Community Forum,1.6,Android
MM_1441,2024-09-06,2024-10-02 00:00:00,Community Forum,3.3,Android
MM_1441,2024-09-06,2024-10-15 00:00:00,Community Forum,1.3,Android
MM_1441,2024-09-06,2024-10-26 00:00:00,Symptom Logger,1.2,Android
MM_1441,2024-09-06,2024-09-26 00:00:00,Community Forum,2.2,Android
MM_1441,2024-09-06,2024-11-01 00:00:00,Period Tracker,12.6,iOS
MM_1441,2024-09-06,2024-09-19 00:00:00,Period Tracker,7.7,Android
MM_1441,2024-09-06,2024-10-14 00:00:00,Period Tracker,1.7,Android
MM_1441,2024-09-06,2024-09-30 00:00:00,Period Tracker,9.6,Android
MM_1442,2024-10-09,2024-11-02 00:00:00,Symptom Logger,3.9,Android
MM_1442,2024-10-09,2024-10-17 00:00:00,Period Tracker,14.2,iOS
MM_1442,2024-10-09,2024-11-28 00:00:00,Symptom Logger,3.3,Android
MM_1443,2024-09-17,2024-10-03 00:00:00,Health Articles,12.7,iOS
MM_1443,2024-09-17,2024-10-23 00:00:00,Symptom Logger,4.6,iOS
MM_1443,2024-09-17,2024-11-10 00:00:00,Period Tracker,11.6,Android
MM_1443,2024-09-17,2024-11-10 00:00:00,Period Tracker,2.2,iOS
MM_1443,2024-09-17,2024-09-27 00:00:00,Symptom Logger,11.6,iOS
MM_1443,2024-09-17,2024-09-17 00:00:00,Period Tracker,11.1,iOS
MM_1443,2024-09-17,2024-10-19 00:00:00,Period Tracker,8.6,Android
MM_1443,2024-09-17,2024-10-10 00:00:00,Symptom Logger,11.7,Android
MM_1443,2024-09-17,2024-10-04 00:00:00,Symptom Logger,3.7,iOS
MM_1443,2024-09-17,2024-11-07 00:00:00,Symptom Logger,12.0,Android
MM_1443,2024-09-17,2024-11-11 00:00:00,Period Tracker,6.3,Android
MM_1443,2024-09-17,2024-10-20 00:00:00,Period Tracker,1.6,iOS
MM_1443,2024-09-17,2024-11-06 00:00:00,Period Tracker,10.6,Android
MM_1443,2024-09-17,2024-09-17 00:00:00,Period Tracker,12.4,Android
MM_1444,2024-10-28,2024-12-15 00:00:00,Period Tracker,12.7,iOS
MM_1444,2024-10-28,2024-12-05 00:00:00,Period Tracker,1.7,iOS
MM_1445,2024-09-13,2024-10-29 00:00:00,Period Tracker,1.8,Android
MM_1445,2024-09-13,2024-11-10 00:00:00,Period Tracker,12.8,Android
MM_1445,2024-09-13,2024-11-04 00:00:00,Period Tracker,2.9,iOS
MM_1445,2024-09-13,2024-10-06 00:00:00,Period Tracker,8.5,Android
MM_1445,2024-09-13,2024-10-01 00:00:00,Period Tracker,2.6,Android
MM_1445,2024-09-13,2024-09-17 00:00:00,Period Tracker,4.9,Android
MM_1445,2024-09-13,2024-10-04 00:00:00,Community Forum,2.7,iOS
MM_1445,2024-09-13,2024-10-24 00:00:00,Symptom Logger,12.6,iOS
MM_1445,2024-09-13,2024-10-31 00:00:00,Period Tracker,14.8,iOS
MM_1445,2024-09-13,2024-10-27 00:00:00,Period Tracker,6.7,Android
MM_1445,2024-09-13,2024-10-22 00:00:00,Symptom Logger,14.1,Android
MM_1445,2024-09-13,2024-09-27 00:00:00,Symptom Logger,10.5,Android
MM_1445,2024-09-13,2024-09-29 00:00:00,Period Tracker,8.0,Android
MM_1446,2024-09-12,2024-10-27 00:00:00,Health Articles,3.3,iOS
MM_1446,2024-09-12,2024-10-02 00:00:00,Symptom Logger,6.1,Android
MM_1446,2024-09-12,2024-11-09 00:00:00,Period Tracker,1.6,iOS
MM_1446,2024-09-12,2024-09-23 00:00:00,Period Tracker,2.5,iOS
MM_1446,2024-09-12,2024-09-23 00:00:00,Period Tracker,5.7,Android
MM_1446,2024-09-12,2024-10-30 00:00:00,Period Tracker,10.9,Android
MM_1446,2024-09-12,2024-10-14 00:00:00,Period Tracker,14.0,iOS
MM_1446,2024-09-12,2024-11-09 00:00:00,Period Tracker,9.4,Android
MM_1447,2024-09-09,2024-09-09 00:00:00,Symptom Logger,,iOS
MM_1447,2024-09-09,2024-10-30 00:00:00,Period Tracker,11.2,Android
MM_1447,2024-09-09,2024-10-17 00:00:00,Period Tracker,10.6,Android
MM_1447,2024-09-09,2024-09-19 00:00:00,Health Articles,9.7,iOS
MM_1447,2024-09-09,2024-11-05 00:00:00,Community Forum,14.2,Android
MM_1447,2024-09-09,2024-10-01 00:00:00,Community Forum,6.4,Android
MM_1447,2024-09-09,2024-10-04 00:00:00,Period Tracker,14.1,iOS
MM_1447,2024-09-09,2024-10-17 00:00:00,Health Articles,9.9,iOS
MM_1447,2024-09-09,2024-09-15 00:00:00,Symptom Logger,7.9,iOS
MM_1447,2024-09-09,2024-09-30 00:00:00,Period Tracker,3.8,Android
MM_1447,2024-09-09,2024-09-24 00:00:00,Symptom Logger,9.6,iOS
MM_1447,2024-09-09,2024-10-27 00:00:00,Period Tracker,1.8,iOS
MM_1447,2024-09-09,2024-11-04 00:00:00,Period Tracker,7.9,Android
MM_1447,2024-09-09,2024-10-19 00:00:00,Community Forum,9.4,Android
MM_1447,2024-09-09,2024-09-23 00:00:00,Period Tracker,11.3,Android
MM_1448,2024-10-15,2024-11-16 00:00:00,Period Tracker,14.8,Android
MM_1449,2024-08-18,2024-10-03 00:00:00,Period Tracker,9.5,iOS
MM_1449,2024-08-18,2024-10-05 00:00:00,Period Tracker,11.5,iOS
MM_1449,2024-08-18,2024-10-15 00:00:00,Period Tracker,,Android
MM_1450,2024-10-19,2024-12-12 00:00:00,Health Articles,12.4,iOS
MM_1450,2024-10-19,2024-11-22 00:00:00,Period Tracker,12.4,Android
MM_1450,2024-10-19,2024-12-03 00:00:00,Period Tracker,8.5,Android
MM_1450,2024-10-19,2024-12-13 00:00:00,Symptom Logger,6.4,Android
MM_1450,2024-10-19,2024-10-22 00:00:00,Period Tracker,10.6,Android
MM_1450,2024-10-19,2024-11-15 00:00:00,Period Tracker,12.4,iOS
MM_1450,2024-10-19,2024-10-31 00:00:00,Period Tracker,9.5,iOS
MM_1450,2024-10-19,2024-11-11 00:00:00,Period Tracker,2.8,Android
MM_1450,2024-10-19,2024-12-09 00:00:00,Community Forum,14.1,Android
MM_1450,2024-10-19,2024-10-28 00:00:00,Period Tracker,3.5,Android
MM_1450,2024-10-19,2024-12-02 00:00:00,Period Tracker,10.0,Android
MM_1450,2024-10-19,2024-12-07 00:00:00,Health Articles,12.6,iOS
MM_1450,2024-10-19,2024-12-03 00:00:00,Symptom Logger,7.5,Android
MM_1451,2024-10-11,2024-10-23 00:00:00,Health Articles,8.1,Android
MM_1451,2024-10-11,2024-11-22 00:00:00,Period Tracker,3.5,iOS
MM_1451,2024-10-11,2024-10-17 00:00:00,Health Articles,2.8,Android
MM_1452,2024-09-30,2024-10-31 00:00:00,Period Tracker,1.3,iOS
MM_1452,2024-09-30,2024-11-29 00:00:00,Community Forum,12.3,Android
MM_1452,2024-09-30,2024-11-08 00:00:00,Symptom Logger,7.2,iOS
MM_1452,2024-09-30,2024-11-28 00:00:00,Period Tracker,14.4,iOS
MM_1452,2024-09-30,2024-11-24 00:00:00,Period Tracker,13.1,Android
MM_1452,2024-09-30,2024-11-02 00:00:00,Community Forum,9.5,iOS
MM_1453,2024-08-04,2024-08-23 00:00:00,Period Tracker,8.2,iOS
MM_1453,2024-08-04,2024-08-07 00:00:00,Symptom Logger,6.5,Android
MM_1453,2024-08-04,2024-08-17 00:00:00,Period Tracker,,iOS
MM_1453,2024-08-04,2024-09-09 00:00:00,Period Tracker,3.7,Android
MM_1453,2024-08-04,2024-08-05 00:00:00,Period Tracker,11.7,iOS
MM_1453,2024-08-04,2024-09-16 00:00:00,Period Tracker,8.6,Android
MM_1453,2024-08-04,2024-08-17 00:00:00,Community Forum,7.5,Android
MM_1453,2024-08-04,2024-08-05 00:00:00,Health Articles,7.9,Android
MM_1453,2024-08-04,2024-09-22 00:00:00,Symptom Logger,14.9,iOS
MM_1453,2024-08-04,2024-09-19 00:00:00,Symptom Logger,6.0,Android
MM_1453,2024-08-04,2024-08-23 00:00:00,Symptom Logger,7.3,iOS
MM_1453,2024-08-04,2024-09-07 00:00:00,Period Tracker,6.1,iOS
MM_1453,2024-08-04,2024-08-14 00:00:00,Period Tracker,,Android
MM_1453,2024-08-04,2024-08-16 00:00:00,Period Tracker,11.0,iOS
MM_1453,2024-08-04,2024-08-23 00:00:00,Period Tracker,10.8,iOS
MM_1453,2024-08-04,2024-08-31 00:00:00,Symptom Logger,2.3,iOS
MM_1454,2024-09-08,2024-11-06 00:00:00,Period Tracker,9.9,Android
MM_1455,2024-10-14,2024-10-17 00:00:00,Symptom Logger,11.5,Android
MM_1455,2024-10-14,2024-11-08 00:00:00,Community Forum,6.4,Android
MM_1455,2024-10-14,2024-11-27 00:00:00,Period Tracker,2.9,iOS
MM_1455,2024-10-14,2024-11-13 00:00:00,Period Tracker,12.7,iOS
MM_1455,2024-10-14,2024-12-10 00:00:00,Period Tracker,12.5,iOS
MM_1455,2024-10-14,2024-11-19 00:00:00,Period Tracker,11.8,Android
MM_1455,2024-10-14,2024-11-07 00:00:00,Period Tracker,11.2,iOS
MM_1455,2024-10-14,2024-11-16 00:00:00,Symptom Logger,3.6,Android
MM_1455,2024-10-14,2024-10-17 00:00:00,Period Tracker,13.8,iOS
MM_1455,2024-10-14,2024-11-18 00:00:00,Community Forum,10.7,Android
MM_1455,2024-10-14,2024-11-29 00:00:00,Community Forum,7.5,iOS
MM_1455,2024-10-14,2024-11-02 00:00:00,Period Tracker,13.2,Android
MM_1455,2024-10-14,2024-12-07 00:00:00,Community Forum,14.4,Android
MM_1455,2024-10-14,2024-12-07 00:00:00,Period Tracker,8.6,Android
MM_1456,2024-08-16,2024-09-18 00:00:00,Period Tracker,4.4,iOS
MM_1457,2024-10-22,2024-12-08 00:00:00,Symptom Logger,4.6,Android
MM_1457,2024-10-22,2024-11-06 00:00:00,Period Tracker,6.6,iOS
MM_1457,2024-10-22,2024-10-23 00:00:00,Symptom Logger,12.2,iOS
MM_1457,2024-10-22,2024-11-04 00:00:00,Period Tracker,2.1,Android
MM_1457,2024-10-22,2024-11-19 00:00:00,Period Tracker,1.4,Android
MM_1457,2024-10-22,2024-12-18 00:00:00,Period Tracker,13.0,iOS
MM_1458,2024-09-04,2024-10-11 00:00:00,Symptom Logger,,iOS
MM_1458,2024-09-04,2024-10-18 00:00:00,Period Tracker,2.9,Android
MM_1458,2024-09-04,2024-10-16 00:00:00,Period Tracker,4.3,iOS
MM_1459,2024-09-25,2024-11-17 00:00:00,Period Tracker,10.5,iOS
MM_1459,2024-09-25,2024-11-19 00:00:00,Period Tracker,5.1,Android
MM_1460,2024-09-18,2024-10-11 00:00:00,Community Forum,7.7,Android
MM_1460,2024-09-18,2024-11-08 00:00:00,Period Tracker,9.8,iOS
MM_1460,2024-09-18,2024-10-15 00:00:00,Symptom Logger,10.3,Android
MM_1460,2024-09-18,2024-09-23 00:00:00,Period Tracker,8.8,iOS
MM_1460,2024-09-18,2024-10-09 00:00:00,Period Tracker,2.7,iOS
MM_1460,2024-09-18,2024-11-08 00:00:00,Period Tracker,8.6,iOS
MM_1460,2024-09-18,2024-10-03 00:00:00,Period Tracker,3.9,iOS
MM_1460,2024-09-18,2024-09-28 00:00:00,Period Tracker,13.2,Android
MM_1460,2024-09-18,2024-11-13 00:00:00,Community Forum,11.0,iOS
MM_1460,2024-09-18,2024-11-09 00:00:00,Community Forum,12.3,Android
MM_1460,2024-09-18,2024-11-02 00:00:00,Period Tracker,4.1,iOS
MM_1460,2024-09-18,2024-09-18 00:00:00,Symptom Logger,13.3,iOS
MM_1461,2024-10-07,2024-10-27 00:00:00,Symptom Logger,13.0,iOS
MM_1461,2024-10-07,2024-10-10 00:00:00,Community Forum,6.0,iOS
MM_1461,2024-10-07,2024-10-08 00:00:00,Community Forum,3.3,Android
MM_1461,2024-10-07,2024-11-11 00:00:00,Symptom Logger,13.8,iOS
MM_1461,2024-10-07,2024-10-09 00:00:00,Symptom Logger,13.5,Android
MM_1461,2024-10-07,2024-10-15 00:00:00,Period Tracker,4.4,iOS
MM_1462,2024-09-05,2024-10-10 00:00:00,Period Tracker,14.6,iOS
MM_1462,2024-09-05,2024-11-04 00:00:00,Period Tracker,12.6,Android
MM_1462,2024-09-05,2024-10-23 00:00:00,Period Tracker,4.9,Android
MM_1462,2024-09-05,2024-10-16 00:00:00,Symptom Logger,7.8,iOS
MM_1462,2024-09-05,2024-09-06 00:00:00,Period Tracker,4.8,Android
MM_1462,2024-09-05,2024-10-17 00:00:00,Community Forum,11.9,iOS
MM_1462,2024-09-05,2024-11-01 00:00:00,Symptom Logger,4.4,iOS
MM_1462,2024-09-05,2024-11-03 00:00:00,Period Tracker,11.2,iOS
MM_1463,2024-08-19,2024-10-08 00:00:00,Community Forum,3.2,iOS
MM_1463,2024-08-19,2024-09-20 00:00:00,Health Articles,8.8,Android
MM_1463,2024-08-19,2024-09-27 00:00:00,Symptom Logger,8.3,Android
MM_1463,2024-08-19,2024-09-19 00:00:00,Period Tracker,3.6,iOS
MM_1463,2024-08-19,2024-09-15 00:00:00,Period Tracker,8.2,iOS
MM_1463,2024-08-19,2024-09-24 00:00:00,Symptom Logger,12.9,iOS
MM_1463,2024-08-19,2024-09-05 00:00:00,Symptom Logger,1.5,Android
MM_1463,2024-08-19,2024-10-11 00:00:00,Period Tracker,3.9,Android
MM_1464,2024-08-15,2024-09-27 00:00:00,Period Tracker,4.4,Android
MM_1464,2024-08-15,2024-09-24 00:00:00,Period Tracker,8.6,Android
MM_1464,2024-08-15,2024-09-26 00:00:00,Period Tracker,5.6,Android
MM_1465,2024-08-24,2024-10-03 00:00:00,Period Tracker,11.5,Android
MM_1466,2024-09-15,2024-10-05 00:00:00,Health Articles,5.4,iOS
MM_1466,2024-09-15,2024-11-09 00:00:00,Community Forum,6.0,Android
MM_1467,2024-08-11,2024-10-01 00:00:00,Period Tracker,6.0,Android
MM_1467,2024-08-11,2024-09-21 00:00:00,Period Tracker,6.8,iOS
MM_1468,2024-09-27,2024-11-01 00:00:00,Symptom Logger,12.0,Android
MM_1468,2024-09-27,2024-10-10 00:00:00,Period Tracker,12.5,iOS
MM_1468,2024-09-27,2024-11-24 00:00:00,Period Tracker,2.1,Android
MM_1468,2024-09-27,2024-11-08 00:00:00,Period Tracker,13.4,iOS
MM_1468,2024-09-27,2024-11-02 00:00:00,Period Tracker,4.0,iOS
MM_1468,2024-09-27,2024-11-22 00:00:00,Community Forum,7.2,iOS
MM_1468,2024-09-27,2024-09-28 00:00:00,Symptom Logger,14.7,iOS
MM_1468,2024-09-27,2024-11-08 00:00:00,Symptom Logger,12.0,Android
MM_1468,2024-09-27,2024-11-20 00:00:00,Health Articles,6.6,Android
MM_1468,2024-09-27,2024-10-26 00:00:00,Symptom Logger,13.2,iOS
MM_1468,2024-09-27,2024-10-22 00:00:00,Community Forum,5.2,Android
MM_1468,2024-09-27,2024-10-30 00:00:00,Health Articles,4.7,Android
MM_1468,2024-09-27,2024-11-11 00:00:00,Period Tracker,,Android
MM_1468,2024-09-27,2024-10-07 00:00:00,Period Tracker,12.3,Android
MM_1468,2024-09-27,2024-10-17 00:00:00,Community Forum,2.6,Android
MM_1469,2024-10-01,2024-10-21 00:00:00,Community Forum,1.5,Android
MM_1469,2024-10-01,2024-10-29 00:00:00,Symptom Logger,10.1,iOS
MM_1469,2024-10-01,2024-10-12 00:00:00,Symptom Logger,1.8,Android
MM_1469,2024-10-01,2024-11-11 00:00:00,Health Articles,6.6,Android
MM_1469,2024-10-01,2024-10-20 00:00:00,Community Forum,11.0,iOS
MM_1469,2024-10-01,2024-11-29 00:00:00,Period Tracker,9.9,Android
MM_1469,2024-10-01,2024-10-16 00:00:00,Community Forum,12.1,iOS
MM_1469,2024-10-01,2024-10-24 00:00:00,Period Tracker,1.7,Android
MM_1470,2024-08-20,2024-10-03 00:00:00,Community Forum,1.7,Android
MM_1470,2024-08-20,2024-08-27 00:00:00,Period Tracker,4.5,iOS
MM_1470,2024-08-20,2024-10-18 00:00:00,Health Articles,4.6,Android
MM_1471,2024-09-04,2024-09-20 00:00:00,Period Tracker,13.2,Android
MM_1471,2024-09-04,2024-10-10 00:00:00,Community Forum,13.9,iOS
MM_1471,2024-09-04,2024-09-06 00:00:00,Period Tracker,11.4,Android
MM_1471,2024-09-04,2024-10-20 00:00:00,Period Tracker,4.3,iOS
MM_1471,2024-09-04,2024-10-04 00:00:00,Period Tracker,14.7,iOS
MM_1471,2024-09-04,2024-10-19 00:00:00,Community Forum,14.0,iOS
MM_1471,2024-09-04,2024-09-09 00:00:00,Symptom Logger,10.3,iOS
MM_1471,2024-09-04,2024-10-14 00:00:00,Symptom Logger,14.3,Android
MM_1471,2024-09-04,2024-10-30 00:00:00,Period Tracker,7.2,Android
MM_1471,2024-09-04,2024-09-19 00:00:00,Period Tracker,6.3,iOS
MM_1471,2024-09-04,2024-09-25 00:00:00,Period Tracker,13.6,iOS
MM_1471,2024-09-04,2024-09-25 00:00:00,Period Tracker,2.3,iOS
MM_1471,2024-09-04,2024-09-09 00:00:00,Symptom Logger,4.0,Android
MM_1471,2024-09-04,2024-10-20 00:00:00,Period Tracker,7.6,iOS
MM_1471,2024-09-04,2024-09-13 00:00:00,Community Forum,11.4,iOS
MM_1472,2024-08-17,2024-08-27 00:00:00,Period Tracker,1.8,Android
MM_1473,2024-09-08,2024-10-06 00:00:00,Period Tracker,5.5,Android
MM_1473,2024-09-08,2024-10-31 00:00:00,Period Tracker,1.4,Android
MM_1473,2024-09-08,2024-10-30 00:00:00,Symptom Logger,14.7,iOS
MM_1473,2024-09-08,2024-09-27 00:00:00,Symptom Logger,4.0,iOS
MM_1473,2024-09-08,2024-09-19 00:00:00,Community Forum,7.0,iOS
MM_1473,2024-09-08,2024-09-23 00:00:00,Period Tracker,11.6,iOS
MM_1473,2024-09-08,2024-10-03 00:00:00,Period Tracker,13.3,iOS
MM_1473,2024-09-08,2024-09-16 00:00:00,Period Tracker,6.4,Android
MM_1473,2024-09-08,2024-09-21 00:00:00,Period Tracker,11.2,Android
MM_1473,2024-09-08,2024-09-24 00:00:00,Period Tracker,4.3,iOS
MM_1473,2024-09-08,2024-09-20 00:00:00,Community Forum,12.5,Android
MM_1474,2024-09-09,2024-10-13 00:00:00,Symptom Logger,4.8,iOS
MM_1474,2024-09-09,2024-11-05 00:00:00,Period Tracker,3.8,Android
MM_1474,2024-09-09,2024-10-08 00:00:00,Period Tracker,12.1,Android
MM_1474,2024-09-09,2024-10-30 00:00:00,Period Tracker,5.6,Android
MM_1474,2024-09-09,2024-11-01 00:00:00,Period Tracker,,Android
MM_1474,2024-09-09,2024-09-17 00:00:00,Symptom Logger,11.6,iOS
MM_1474,2024-09-09,2024-10-04 00:00:00,Period Tracker,5.2,iOS
MM_1474,2024-09-09,2024-10-10 00:00:00,Community Forum,9.9,Android
MM_1474,2024-09-09,2024-09-29 00:00:00,Symptom Logger,14.9,iOS
MM_1474,2024-09-09,2024-10-27 00:00:00,Community Forum,2.9,iOS
MM_1474,2024-09-09,2024-10-13 00:00:00,Period Tracker,8.4,Android
MM_1474,2024-09-09,2024-11-01 00:00:00,Community Forum,9.0,iOS
MM_1474,2024-09-09,2024-11-05 00:00:00,Period Tracker,12.6,Android
MM_1474,2024-09-09,2024-09-19 00:00:00,Period Tracker,3.3,Android
MM_1474,2024-09-09,2024-09-16 00:00:00,Period Tracker,5.1,iOS
MM_1474,2024-09-09,2024-09-17 00:00:00,Symptom Logger,4.9,Android
MM_1474,2024-09-09,2024-10-31 00:00:00,Health Articles,12.7,Android
MM_1474,2024-09-09,2024-10-25 00:00:00,Community Forum,13.7,Android
MM_1474,2024-09-09,2024-10-28 00:00:00,Community Forum,10.5,Android
MM_1475,2024-09-20,2024-10-05 00:00:00,Symptom Logger,14.5,iOS
MM_1476,2024-08-08,2024-09-20 00:00:00,Period Tracker,10.3,iOS
MM_1476,2024-08-08,2024-09-20 00:00:00,Period Tracker,2.0,Android
MM_1476,2024-08-08,2024-08-31 00:00:00,Period Tracker,5.0,iOS
MM_1476,2024-08-08,2024-08-20 00:00:00,Period Tracker,8.5,iOS
MM_1476,2024-08-08,2024-09-28 00:00:00,Symptom Logger,2.4,iOS
MM_1476,2024-08-08,2024-09-26 00:00:00,Symptom Logger,14.9,Android
MM_1476,2024-08-08,2024-08-25 00:00:00,Period Tracker,9.9,iOS
MM_1476,2024-08-08,2024-09-17 00:00:00,Health Articles,14.6,Android
MM_1476,2024-08-08,2024-10-03 00:00:00,Period Tracker,7.4,Android
MM_1476,2024-08-08,2024-09-29 00:00:00,Community Forum,4.8,iOS
MM_1476,2024-08-08,2024-09-30 00:00:00,Period Tracker,5.7,Android
MM_1476,2024-08-08,2024-08-27 00:00:00,Period Tracker,14.5,iOS
MM_1476,2024-08-08,2024-09-07 00:00:00,Health Articles,2.4,iOS
MM_1476,2024-08-08,2024-09-16 00:00:00,Period Tracker,12.1,iOS
MM_1476,2024-08-08,2024-08-29 00:00:00,Community Forum,11.0,iOS
MM_1477,2024-10-24,2024-12-07 00:00:00,Period Tracker,14.2,Android
MM_1477,2024-10-24,2024-11-03 00:00:00,Symptom Logger,12.2,Android
MM_1477,2024-10-24,2024-11-14 00:00:00,Period Tracker,10.9,Android
MM_1477,2024-10-24,2024-11-18 00:00:00,Health Articles,8.3,Android
MM_1477,2024-10-24,2024-10-29 00:00:00,Community Forum,4.1,iOS
MM_1477,2024-10-24,2024-12-11 00:00:00,Health Articles,10.3,iOS
MM_1477,2024-10-24,2024-11-10 00:00:00,Period Tracker,6.9,Android
MM_1477,2024-10-24,2024-11-25 00:00:00,Community Forum,14.2,iOS
MM_1478,2024-09-13,2024-10-27 00:00:00,Health Articles,1.8,iOS
MM_1478,2024-09-13,2024-10-10 00:00:00,Period Tracker,9.2,Android
MM_1478,2024-09-13,2024-10-30 00:00:00,Period Tracker,12.3,Android
MM_1479,2024-09-29,2024-11-15 00:00:00,Symptom Logger,1.8,iOS
MM_1479,2024-09-29,2024-10-07 00:00:00,Period Tracker,4.0,iOS
MM_1479,2024-09-29,2024-10-15 00:00:00,Period Tracker,6.7,Android
MM_1479,2024-09-29,2024-10-18 00:00:00,Period Tracker,11.5,Android
MM_1479,2024-09-29,2024-11-20 00:00:00,Community Forum,2.3,iOS
MM_1479,2024-09-29,2024-10-25 00:00:00,Period Tracker,10.6,Android
MM_1479,2024-09-29,2024-10-15 00:00:00,Period Tracker,14.6,iOS
MM_1479,2024-09-29,2024-10-28 00:00:00,Period Tracker,6.7,Android
MM_1479,2024-09-29,2024-10-25 00:00:00,Period Tracker,10.4,Android
MM_1479,2024-09-29,2024-10-28 00:00:00,Period Tracker,14.4,Android
MM_1479,2024-09-29,2024-10-23 00:00:00,Period Tracker,13.2,Android
MM_1479,2024-09-29,2024-10-08 00:00:00,Health Articles,2.3,iOS
MM_1479,2024-09-29,2024-11-20 00:00:00,Period Tracker,1.1,iOS
MM_1479,2024-09-29,2024-10-08 00:00:00,Period Tracker,6.3,iOS
MM_1479,2024-09-29,2024-10-23 00:00:00,Period Tracker,11.2,Android
MM_1479,2024-09-29,2024-11-10 00:00:00,Symptom Logger,3.5,Android
MM_1479,2024-09-29,2024-11-10 00:00:00,Period Tracker,9.3,Android
MM_1480,2024-08-25,2024-08-27 00:00:00,Community Forum,14.8,iOS
MM_1481,2024-10-28,2024-11-18 00:00:00,Symptom Logger,10.8,iOS
MM_1481,2024-10-28,2024-12-17 00:00:00,Period Tracker,5.6,iOS
MM_1481,2024-10-28,2024-11-13 00:00:00,Period Tracker,13.2,iOS
MM_1481,2024-10-28,2024-11-16 00:00:00,Period Tracker,6.5,Android
MM_1481,2024-10-28,2024-11-30 00:00:00,Period Tracker,5.7,Android
MM_1481,2024-10-28,2024-11-26 00:00:00,Period Tracker,6.2,iOS
MM_1481,2024-10-28,2024-12-04 00:00:00,Symptom Logger,11.6,iOS
MM_1481,2024-10-28,2024-11-15 00:00:00,Community Forum,5.9,Android
MM_1481,2024-10-28,2024-11-19 00:00:00,Health Articles,3.8,Android
MM_1481,2024-10-28,2024-11-16 00:00:00,Community Forum,9.0,iOS
MM_1481,2024-10-28,2024-11-21 00:00:00,Period Tracker,12.9,Android
MM_1481,2024-10-28,2024-11-14 00:00:00,Symptom Logger,10.3,Android
MM_1481,2024-10-28,2024-12-26 00:00:00,Period Tracker,4.6,iOS
MM_1481,2024-10-28,2024-11-20 00:00:00,Period Tracker,3.4,iOS
MM_1482,2024-08-21,2024-09-25 00:00:00,Health Articles,12.8,Android
MM_1482,2024-08-21,2024-10-19 00:00:00,Period Tracker,11.1,Android
MM_1482,2024-08-21,2024-09-13 00:00:00,Period Tracker,14.9,iOS
MM_1482,2024-08-21,2024-09-21 00:00:00,Period Tracker,3.9,iOS
MM_1482,2024-08-21,2024-10-14 00:00:00,Period Tracker,5.4,iOS
MM_1483,2024-10-13,2024-10-16 00:00:00,Period Tracker,12.3,iOS
MM_1483,2024-10-13,2024-12-10 00:00:00,Period Tracker,9.1,Android
MM_1483,2024-10-13,2024-10-18 00:00:00,Period Tracker,11.4,iOS
MM_1483,2024-10-13,2024-11-21 00:00:00,Period Tracker,1.6,Android
MM_1483,2024-10-13,2024-11-12 00:00:00,Period Tracker,4.7,Android
MM_1483,2024-10-13,2024-11-03 00:00:00,Period Tracker,5.8,Android
MM_1483,2024-10-13,2024-11-07 00:00:00,Community Forum,1.7,iOS
MM_1483,2024-10-13,2024-10-27 00:00:00,Community Forum,10.3,Android
MM_1484,2024-09-10,2024-10-20 00:00:00,Health Articles,5.0,Android
MM_1484,2024-09-10,2024-09-17 00:00:00,Community Forum,7.0,Android
MM_1485,2024-08-31,2024-09-14 00:00:00,Period Tracker,4.1,Android
MM_1485,2024-08-31,2024-09-14 00:00:00,Symptom Logger,7.8,iOS
MM_1485,2024-08-31,2024-10-03 00:00:00,Symptom Logger,6.5,iOS
MM_1485,2024-08-31,2024-09-16 00:00:00,Period Tracker,4.3,Android
MM_1485,2024-08-31,2024-09-12 00:00:00,Community Forum,14.5,Android
MM_1485,2024-08-31,2024-10-27 00:00:00,Community Forum,10.7,iOS
MM_1485,2024-08-31,2024-09-06 00:00:00,Symptom Logger,9.5,iOS
MM_1485,2024-08-31,2024-08-31 00:00:00,Symptom Logger,4.5,Android
MM_1485,2024-08-31,2024-10-07 00:00:00,Symptom Logger,14.3,Android
MM_1485,2024-08-31,2024-09-15 00:00:00,Period Tracker,13.1,Android
MM_1485,2024-08-31,2024-10-14 00:00:00,Community Forum,6.1,iOS
MM_1486,2024-10-15,2024-11-19 00:00:00,Period Tracker,3.5,iOS
MM_1486,2024-10-15,2024-10-15 00:00:00,Community Forum,12.3,Android
MM_1486,2024-10-15,2024-11-05 00:00:00,Period Tracker,5.7,iOS
MM_1486,2024-10-15,2024-12-07 00:00:00,Symptom Logger,4.4,iOS
MM_1486,2024-10-15,2024-12-08 00:00:00,Health Articles,4.7,Android
MM_1487,2024-10-17,2024-10-18 00:00:00,Period Tracker,,iOS
MM_1488,2024-08-24,2024-09-21 00:00:00,Period Tracker,2.6,Android
MM_1488,2024-08-24,2024-09-10 00:00:00,Period Tracker,11.9,iOS
MM_1488,2024-08-24,2024-09-11 00:00:00,Period Tracker,6.5,Android
MM_1488,2024-08-24,2024-10-23 00:00:00,Symptom Logger,5.2,Android
MM_1488,2024-08-24,2024-09-20 00:00:00,Community Forum,12.4,iOS
MM_1488,2024-08-24,2024-09-24 00:00:00,Period Tracker,3.2,Android
MM_1488,2024-08-24,2024-10-22 00:00:00,Health Articles,9.0,iOS
MM_1488,2024-08-24,2024-10-10 00:00:00,Period Tracker,13.1,iOS
MM_1488,2024-08-24,2024-09-07 00:00:00,Period Tracker,3.7,Android
MM_1488,2024-08-24,2024-10-01 00:00:00,Symptom Logger,5.2,Android
MM_1488,2024-08-24,2024-09-09 00:00:00,Symptom Logger,4.8,Android
MM_1488,2024-08-24,2024-08-26 00:00:00,Period Tracker,12.9,Android
MM_1488,2024-08-24,2024-10-23 00:00:00,Period Tracker,1.6,Android
MM_1488,2024-08-24,2024-10-18 00:00:00,Period Tracker,5.1,iOS
MM_1488,2024-08-24,2024-10-07 00:00:00,Period Tracker,1.8,Android
MM_1489,2024-09-30,2024-10-26 00:00:00,Period Tracker,8.6,iOS
MM_1490,2024-09-09,2024-11-03 00:00:00,Symptom Logger,9.4,iOS
MM_1490,2024-09-09,2024-09-14 00:00:00,Period Tracker,1.8,Android
MM_1490,2024-09-09,2024-11-07 00:00:00,Period Tracker,4.8,Android
MM_1490,2024-09-09,2024-09-13 00:00:00,Period Tracker,6.3,iOS
MM_1490,2024-09-09,2024-09-28 00:00:00,Community Forum,8.1,iOS
MM_1490,2024-09-09,2024-11-03 00:00:00,Period Tracker,11.5,iOS
MM_1490,2024-09-09,2024-09-24 00:00:00,Period Tracker,14.7,Android
MM_1490,2024-09-09,2024-10-29 00:00:00,Period Tracker,4.6,iOS
MM_1490,2024-09-09,2024-10-28 00:00:00,Health Articles,4.9,iOS
MM_1490,2024-09-09,2024-10-13 00:00:00,Symptom Logger,11.6,Android
MM_1490,2024-09-09,2024-11-07 00:00:00,Symptom Logger,4.2,iOS
MM_1490,2024-09-09,2024-09-27 00:00:00,Symptom Logger,7.5,iOS
MM_1490,2024-09-09,2024-09-17 00:00:00,Symptom Logger,6.7,iOS
MM_1490,2024-09-09,2024-09-17 00:00:00,Period Tracker,4.3,Android
MM_1490,2024-09-09,2024-09-14 00:00:00,Period Tracker,7.9,Android
MM_1490,2024-09-09,2024-09-24 00:00:00,Symptom Logger,4.0,iOS
MM_1490,2024-09-09,2024-09-30 00:00:00,Health Articles,8.7,iOS
MM_1490,2024-09-09,2024-10-24 00:00:00,Period Tracker,5.5,Android
MM_1490,2024-09-09,2024-10-20 00:00:00,Health Articles,9.8,iOS
MM_1491,2024-09-22,2024-10-05 00:00:00,Period Tracker,2.9,iOS
MM_1491,2024-09-22,2024-11-01 00:00:00,Health Articles,5.9,Android
MM_1491,2024-09-22,2024-10-21 00:00:00,Symptom Logger,11.7,Android
MM_1491,2024-09-22,2024-10-23 00:00:00,Community Forum,8.4,Android
MM_1491,2024-09-22,2024-11-04 00:00:00,Period Tracker,13.7,Android
MM_1492,2024-10-09,2024-10-18 00:00:00,Period Tracker,6.5,iOS
MM_1492,2024-10-09,2024-10-11 00:00:00,Period Tracker,8.5,Android
MM_1492,2024-10-09,2024-11-29 00:00:00,Period Tracker,12.1,iOS
MM_1492,2024-10-09,2024-10-30 00:00:00,Symptom Logger,10.5,iOS
MM_1492,2024-10-09,2024-11-26 00:00:00,Health Articles,3.2,Android
MM_1492,2024-10-09,2024-10-25 00:00:00,Period Tracker,8.2,iOS
MM_1492,2024-10-09,2024-10-27 00:00:00,Symptom Logger,4.1,Android
MM_1492,2024-10-09,2024-10-13 00:00:00,Symptom Logger,5.0,iOS
MM_1492,2024-10-09,2024-10-16 00:00:00,Period Tracker,3.1,Android
MM_1492,2024-10-09,2024-11-02 00:00:00,Period Tracker,13.1,iOS
MM_1493,2024-08-11,2024-09-05 00:00:00,Health Articles,4.6,iOS
MM_1494,2024-10-28,2024-11-08 00:00:00,Period Tracker,7.0,iOS
MM_1494,2024-10-28,2024-12-27 00:00:00,Period Tracker,14.8,Android
MM_1494,2024-10-28,2024-11-20 00:00:00,Health Articles,8.4,iOS
MM_1494,2024-10-28,2024-11-06 00:00:00,Period Tracker,5.5,iOS
MM_1494,2024-10-28,2024-12-23 00:00:00,Health Articles,2.9,Android
MM_1494,2024-10-28,2024-11-06 00:00:00,Symptom Logger,6.0,Android
MM_1494,2024-10-28,2024-12-08 00:00:00,Period Tracker,9.0,Android
MM_1494,2024-10-28,2024-12-14 00:00:00,Period Tracker,14.9,iOS
MM_1494,2024-10-28,2024-12-21 00:00:00,Health Articles,4.0,iOS
MM_1494,2024-10-28,2024-12-20 00:00:00,Health Articles,1.8,Android
MM_1494,2024-10-28,2024-12-15 00:00:00,Community Forum,6.6,Android
MM_1494,2024-10-28,2024-12-06 00:00:00,Period Tracker,5.4,iOS
MM_1494,2024-10-28,2024-12-13 00:00:00,Symptom Logger,9.8,Android
MM_1494,2024-10-28,2024-11-23 00:00:00,Period Tracker,8.9,iOS
MM_1494,2024-10-28,2024-11-15 00:00:00,Community Forum,12.5,iOS
MM_1495,2024-08-08,2024-09-05 00:00:00,Period Tracker,1.0,Android
MM_1496,2024-10-19,2024-12-04 00:00:00,Period Tracker,7.5,iOS
MM_1496,2024-10-19,2024-11-02 00:00:00,Health Articles,7.0,iOS
MM_1496,2024-10-19,2024-11-11 00:00:00,Community Forum,3.8,Android
MM_1496,2024-10-19,2024-11-16 00:00:00,Period Tracker,3.2,iOS
MM_1496,2024-10-19,2024-10-25 00:00:00,Period Tracker,10.3,iOS
MM_1496,2024-10-19,2024-10-25 00:00:00,Symptom Logger,10.9,iOS
MM_1496,2024-10-19,2024-12-08 00:00:00,Period Tracker,5.8,iOS
MM_1496,2024-10-19,2024-11-17 00:00:00,Period Tracker,8.9,Android
MM_1496,2024-10-19,2024-10-30 00:00:00,Period Tracker,3.0,iOS
MM_1496,2024-10-19,2024-12-07 00:00:00,Health Articles,5.3,Android
MM_1496,2024-10-19,2024-12-05 00:00:00,Symptom Logger,5.8,iOS
MM_1496,2024-10-19,2024-11-25 00:00:00,Symptom Logger,6.4,Android
MM_1496,2024-10-19,2024-12-05 00:00:00,Period Tracker,3.6,iOS
MM_1496,2024-10-19,2024-11-26 00:00:00,Symptom Logger,2.7,iOS
MM_1496,2024-10-19,2024-12-13 00:00:00,Period Tracker,10.4,Android
MM_1496,2024-10-19,2024-12-11 00:00:00,Symptom Logger,6.0,Android
MM_1497,2024-08-16,2024-08-29 00:00:00,Period Tracker,7.5,iOS
MM_1497,2024-08-16,2024-08-28 00:00:00,Symptom Logger,14.4,iOS
MM_1497,2024-08-16,2024-08-27 00:00:00,Period Tracker,11.2,iOS
MM_1497,2024-08-16,2024-10-13 00:00:00,Community Forum,9.8,Android
MM_1497,2024-08-16,2024-10-05 00:00:00,Period Tracker,3.3,iOS
MM_1497,2024-08-16,2024-09-16 00:00:00,Health Articles,9.0,iOS
MM_1497,2024-08-16,2024-09-29 00:00:00,Community Forum,11.8,Android
MM_1497,2024-08-16,2024-10-12 00:00:00,Period Tracker,15.0,iOS
MM_1497,2024-08-16,2024-09-21 00:00:00,Community Forum,12.2,Android
MM_1497,2024-08-16,2024-10-15 00:00:00,Community Forum,1.4,iOS
MM_1498,2024-09-14,2024-10-18 00:00:00,Health Articles,13.2,iOS
MM_1498,2024-09-14,2024-10-28 00:00:00,Period Tracker,7.5,iOS
MM_1499,2024-10-08,2024-10-15 00:00:00,Symptom Logger,9.7,Android
MM_1499,2024-10-08,2024-10-29 00:00:00,Period Tracker,4.2,Android
MM_1499,2024-10-08,2024-11-21 00:00:00,Period Tracker,9.5,Android
MM_1499,2024-10-08,2024-11-21 00:00:00,Community Forum,3.0,Android
MM_1499,2024-10-08,2024-10-23 00:00:00,Period Tracker,2.9,Android
MM_1499,2024-10-08,2024-10-29 00:00:00,Period Tracker,14.9,iOS
MM_1499,2024-10-08,2024-12-02 00:00:00,Period Tracker,7.2,Android
MM_1499,2024-10-08,2024-12-01 00:00:00,Health Articles,1.8,iOS
MM_1499,2024-10-08,2024-10-09 00:00:00,Period Tracker,8.0,Android
MM_1500,2024-08-26,2024-10-03 00:00:00,Period Tracker,2.0,Android
MM_1500,2024-08-26,2024-09-17 00:00:00,Period Tracker,6.0,Android
MM_1500,2024-08-26,2024-09-29 00:00:00,Period Tracker,13.7,Android
MM_1500,2024-08-26,2024-10-05 00:00:00,Period Tracker,5.0,Android
MM_1500,2024-08-26,2024-08-27 00:00:00,Period Tracker,11.9,iOS
MM_1500,2024-08-26,2024-09-27 00:00:00,Period Tracker,11.8,iOS
MM_1500,2024-08-26,2024-09-11 00:00:00,Period Tracker,9.4,iOS
MM_1500,2024-08-26,2024-09-05 00:00:00,Period Tracker,12.9,Android
MM_1500,2024-08-26,2024-09-24 00:00:00,Period Tracker,7.1,iOS
MM_1500,2024-08-26,2024-09-20 00:00:00,Period Tracker,12.4,iOS
MM_1500,2024-08-26,2024-09-07 00:00:00,Period Tracker,4.3,iOS
MM_1500,2024-08-26,2024-10-09 00:00:00,Community Forum,11.7,iOS
MM_1500,2024-08-26,2024-10-15 00:00:00,Symptom Logger,14.2,Android
MM_1500,2024-08-26,2024-10-24 00:00:00,Symptom Logger,7.4,Android
MM_1500,2024-08-26,2024-09-11 00:00:00,Symptom Logger,14.8,Android
MM_1500,2024-08-26,2024-10-22 00:00:00,Period Tracker,3.9,Android
MM_1500,2024-08-26,2024-10-15 00:00:00,Symptom Logger,6.1,Android
MM_1500,2024-08-26,2024-09-19 00:00:00,Period Tracker,5.7,Android
MM_1501,2024-10-18,2024-10-20 00:00:00,Symptom Logger,9.1,iOS
MM_1501,2024-10-18,2024-11-30 00:00:00,Symptom Logger,11.1,iOS
MM_1502,2024-09-28,2024-10-29 00:00:00,Community Forum,11.0,iOS
MM_1502,2024-09-28,2024-10-02 00:00:00,Community Forum,3.7,iOS
MM_1503,2024-10-17,2024-11-07 00:00:00,Symptom Logger,12.9,iOS
MM_1503,2024-10-17,2024-11-27 00:00:00,Symptom Logger,11.4,iOS
MM_1503,2024-10-17,2024-10-30 00:00:00,Period Tracker,12.1,Android
MM_1504,2024-09-21,2024-09-22 00:00:00,Period Tracker,,Android
MM_1505,2024-10-26,2024-11-02 00:00:00,Symptom Logger,11.7,iOS
MM_1505,2024-10-26,2024-12-02 00:00:00,Period Tracker,8.1,Android
MM_1505,2024-10-26,2024-11-30 00:00:00,Period Tracker,6.4,iOS
MM_1506,2024-10-05,2024-11-26 00:00:00,Symptom Logger,10.9,iOS
MM_1506,2024-10-05,2024-10-18 00:00:00,Community Forum,2.0,iOS
MM_1506,2024-10-05,2024-11-18 00:00:00,Community Forum,5.7,iOS
MM_1506,2024-10-05,2024-10-28 00:00:00,Period Tracker,13.8,Android
MM_1506,2024-10-05,2024-11-18 00:00:00,Period Tracker,4.3,iOS
MM_1506,2024-10-05,2024-11-12 00:00:00,Period Tracker,5.7,Android
MM_1506,2024-10-05,2024-11-23 00:00:00,Period Tracker,11.9,Android
MM_1506,2024-10-05,2024-10-21 00:00:00,Period Tracker,3.6,Android
MM_1506,2024-10-05,2024-11-22 00:00:00,Period Tracker,13.7,Android
MM_1506,2024-10-05,2024-10-10 00:00:00,Symptom Logger,13.7,iOS
MM_1506,2024-10-05,2024-11-28 00:00:00,Health Articles,14.3,Android
MM_1506,2024-10-05,2024-11-09 00:00:00,Period Tracker,4.1,iOS
MM_1506,2024-10-05,2024-11-22 00:00:00,Symptom Logger,5.9,iOS
MM_1506,2024-10-05,2024-11-01 00:00:00,Period Tracker,,Android
MM_1506,2024-10-05,2024-11-14 00:00:00,Period Tracker,8.5,Android
MM_1506,2024-10-05,2024-11-13 00:00:00,Period Tracker,12.2,Android
MM_1506,2024-10-05,2024-10-27 00:00:00,Symptom Logger,8.4,Android
MM_1506,2024-10-05,2024-10-29 00:00:00,Period Tracker,2.9,Android
MM_1507,2024-08-09,2024-10-06 00:00:00,Symptom Logger,8.4,iOS
MM_1507,2024-08-09,2024-09-17 00:00:00,Health Articles,8.0,Android
MM_1507,2024-08-09,2024-08-29 00:00:00,Health Articles,14.9,iOS
MM_1507,2024-08-09,2024-09-11 00:00:00,Health Articles,8.3,iOS
MM_1507,2024-08-09,2024-10-06 00:00:00,Period Tracker,14.8,iOS
MM_1507,2024-08-09,2024-08-17 00:00:00,Community Forum,,iOS
MM_1507,2024-08-09,2024-08-25 00:00:00,Period Tracker,1.1,iOS
MM_1507,2024-08-09,2024-08-24 00:00:00,Symptom Logger,11.5,iOS
MM_1507,2024-08-09,2024-08-25 00:00:00,Symptom Logger,1.1,Android
MM_1507,2024-08-09,2024-08-30 00:00:00,Symptom Logger,3.4,Android
MM_1507,2024-08-09,2024-10-01 00:00:00,Health Articles,13.5,Android
MM_1508,2024-09-09,2024-10-05 00:00:00,Period Tracker,11.2,iOS
MM_1508,2024-09-09,2024-10-22 00:00:00,Community Forum,13.9,iOS
MM_1508,2024-09-09,2024-10-06 00:00:00,Community Forum,1.5,iOS
MM_1508,2024-09-09,2024-10-24 00:00:00,Symptom Logger,10.2,iOS
MM_1508,2024-09-09,2024-10-05 00:00:00,Community Forum,4.1,iOS
MM_1508,2024-09-09,2024-11-06 00:00:00,Period Tracker,10.9,iOS
MM_1508,2024-09-09,2024-09-26 00:00:00,Period Tracker,3.9,iOS
MM_1508,2024-09-09,2024-10-07 00:00:00,Community Forum,7.7,Android
MM_1508,2024-09-09,2024-11-08 00:00:00,Period Tracker,12.6,Android
MM_1508,2024-09-09,2024-11-08 00:00:00,Period Tracker,12.2,Android
MM_1508,2024-09-09,2024-11-03 00:00:00,Period Tracker,4.7,iOS
MM_1508,2024-09-09,2024-09-19 00:00:00,Period Tracker,5.5,Android
MM_1508,2024-09-09,2024-10-16 00:00:00,Community Forum,8.7,iOS
MM_1508,2024-09-09,2024-10-28 00:00:00,Period Tracker,2.7,Android
MM_1509,2024-08-08,2024-09-02 00:00:00,Symptom Logger,1.5,Android
MM_1509,2024-08-08,2024-08-12 00:00:00,Community Forum,1.5,iOS
MM_1509,2024-08-08,2024-09-28 00:00:00,Community Forum,5.9,iOS
MM_1509,2024-08-08,2024-10-01 00:00:00,Community Forum,13.2,Android
MM_1509,2024-08-08,2024-10-01 00:00:00,Community Forum,12.7,iOS
MM_1509,2024-08-08,2024-08-12 00:00:00,Health Articles,3.4,Android
MM_1509,2024-08-08,2024-10-03 00:00:00,Period Tracker,1.5,iOS
MM_1509,2024-08-08,2024-09-01 00:00:00,Health Articles,7.0,iOS
MM_1509,2024-08-08,2024-09-16 00:00:00,Period Tracker,2.6,iOS
MM_1509,2024-08-08,2024-09-13 00:00:00,Community Forum,11.6,iOS
MM_1509,2024-08-08,2024-10-03 00:00:00,Health Articles,11.3,Android
MM_1509,2024-08-08,2024-08-15 00:00:00,Period Tracker,7.6,iOS
MM_1509,2024-08-08,2024-09-29 00:00:00,Period Tracker,7.1,Android
MM_1509,2024-08-08,2024-08-09 00:00:00,Period Tracker,3.7,iOS
MM_1510,2024-08-24,2024-08-27 00:00:00,Period Tracker,6.3,iOS
MM_1510,2024-08-24,2024-08-31 00:00:00,Period Tracker,8.4,iOS
MM_1510,2024-08-24,2024-10-21 00:00:00,Symptom Logger,6.5,Android
MM_1510,2024-08-24,2024-10-05 00:00:00,Health Articles,6.9,Android
MM_1510,2024-08-24,2024-08-27 00:00:00,Period Tracker,2.1,Android
MM_1510,2024-08-24,2024-10-19 00:00:00,Symptom Logger,5.8,iOS
MM_1510,2024-08-24,2024-10-03 00:00:00,Period Tracker,13.3,iOS
MM_1510,2024-08-24,2024-09-07 00:00:00,Period Tracker,13.4,Android
MM_1510,2024-08-24,2024-09-28 00:00:00,Symptom Logger,3.5,Android
MM_1510,2024-08-24,2024-09-11 00:00:00,Community Forum,6.1,Android
MM_1510,2024-08-24,2024-09-06 00:00:00,Period Tracker,1.2,iOS
MM_1510,2024-08-24,2024-10-21 00:00:00,Community Forum,4.0,iOS
MM_1511,2024-09-24,2024-10-13 00:00:00,Period Tracker,8.2,Android
MM_1511,2024-09-24,2024-10-23 00:00:00,Symptom Logger,10.0,iOS
MM_1512,2024-09-01,2024-10-04 00:00:00,Symptom Logger,4.1,Android
MM_1512,2024-09-01,2024-10-21 00:00:00,Symptom Logger,4.2,iOS
MM_1512,2024-09-01,2024-09-04 00:00:00,Period Tracker,8.1,iOS
MM_1512,2024-09-01,2024-09-18 00:00:00,Period Tracker,10.4,iOS
MM_1512,2024-09-01,2024-10-05 00:00:00,Period Tracker,5.8,Android
MM_1512,2024-09-01,2024-10-02 00:00:00,Symptom Logger,9.8,iOS
MM_1512,2024-09-01,2024-09-11 00:00:00,Health Articles,10.7,iOS
MM_1512,2024-09-01,2024-09-17 00:00:00,Period Tracker,14.4,iOS
MM_1512,2024-09-01,2024-10-08 00:00:00,Period Tracker,5.9,iOS
MM_1512,2024-09-01,2024-10-08 00:00:00,Health Articles,2.1,iOS
MM_1512,2024-09-01,2024-10-07 00:00:00,Period Tracker,5.6,Android
MM_1512,2024-09-01,2024-10-29 00:00:00,Period Tracker,12.7,Android
MM_1513,2024-09-27,2024-11-13 00:00:00,Period Tracker,13.8,iOS
MM_1513,2024-09-27,2024-11-05 00:00:00,Period Tracker,10.9,Android
MM_1514,2024-08-03,2024-08-17 00:00:00,Period Tracker,13.3,Android
MM_1514,2024-08-03,2024-09-26 00:00:00,Community Forum,14.5,iOS
MM_1514,2024-08-03,2024-08-11 00:00:00,Symptom Logger,13.1,iOS
MM_1514,2024-08-03,2024-08-22 00:00:00,Health Articles,14.6,iOS
MM_1514,2024-08-03,2024-08-27 00:00:00,Symptom Logger,10.3,iOS
MM_1514,2024-08-03,2024-09-27 00:00:00,Symptom Logger,7.4,iOS
MM_1514,2024-08-03,2024-09-01 00:00:00,Period Tracker,2.9,iOS
MM_1514,2024-08-03,2024-10-02 00:00:00,Period Tracker,14.4,Android
MM_1514,2024-08-03,2024-08-25 00:00:00,Period Tracker,4.0,Android
MM_1514,2024-08-03,2024-09-02 00:00:00,Community Forum,9.0,iOS
MM_1514,2024-08-03,2024-08-05 00:00:00,Period Tracker,10.4,Android
MM_1514,2024-08-03,2024-09-07 00:00:00,Symptom Logger,1.0,iOS
MM_1514,2024-08-03,2024-08-23 00:00:00,Health Articles,9.8,Android
MM_1514,2024-08-03,2024-09-30 00:00:00,Health Articles,12.1,iOS
MM_1514,2024-08-03,2024-09-04 00:00:00,Period Tracker,13.0,Android
MM_1515,2024-10-30,2024-11-30 00:00:00,Symptom Logger,6.6,iOS
MM_1515,2024-10-30,2024-12-23 00:00:00,Health Articles,6.9,iOS
MM_1515,2024-10-30,2024-11-12 00:00:00,Health Articles,7.6,Android
MM_1515,2024-10-30,2024-12-04 00:00:00,Period Tracker,4.1,Android
MM_1515,2024-10-30,2024-12-19 00:00:00,Symptom Logger,2.2,iOS
MM_1515,2024-10-30,2024-11-28 00:00:00,Period Tracker,12.9,iOS
MM_1515,2024-10-30,2024-11-28 00:00:00,Period Tracker,11.4,Android
MM_1515,2024-10-30,2024-12-27 00:00:00,Period Tracker,9.2,Android
MM_1515,2024-10-30,2024-12-21 00:00:00,Period Tracker,1.8,Android
MM_1516,2024-08-31,2024-09-16 00:00:00,Period Tracker,11.5,iOS
MM_1516,2024-08-31,2024-10-27 00:00:00,Symptom Logger,12.6,Android
MM_1516,2024-08-31,2024-09-28 00:00:00,Period Tracker,9.6,iOS
MM_1516,2024-08-31,2024-10-20 00:00:00,Period Tracker,7.5,iOS
MM_1516,2024-08-31,2024-10-19 00:00:00,Health Articles,4.6,Android
MM_1516,2024-08-31,2024-10-27 00:00:00,Period Tracker,5.9,Android
MM_1516,2024-08-31,2024-09-07 00:00:00,Period Tracker,10.3,iOS
MM_1516,2024-08-31,2024-09-21 00:00:00,Period Tracker,,iOS
MM_1516,2024-08-31,2024-10-21 00:00:00,Period Tracker,2.0,iOS
MM_1516,2024-08-31,2024-10-23 00:00:00,Period Tracker,4.2,Android
MM_1516,2024-08-31,2024-09-06 00:00:00,Period Tracker,9.1,Android
MM_1516,2024-08-31,2024-10-23 00:00:00,Period Tracker,7.5,Android
MM_1516,2024-08-31,2024-10-17 00:00:00,Community Forum,11.8,Android
MM_1516,2024-08-31,2024-10-29 00:00:00,Period Tracker,10.0,iOS
MM_1516,2024-08-31,2024-09-26 00:00:00,Period Tracker,3.6,Android
MM_1516,2024-08-31,2024-09-08 00:00:00,Symptom Logger,5.7,iOS
MM_1517,2024-09-30,2024-11-26 00:00:00,Period Tracker,9.5,Android
MM_1517,2024-09-30,2024-10-01 00:00:00,Symptom Logger,5.8,Android
MM_1517,2024-09-30,2024-10-25 00:00:00,Period Tracker,14.3,iOS
MM_1517,2024-09-30,2024-10-10 00:00:00,Symptom Logger,9.0,iOS
MM_1517,2024-09-30,2024-10-25 00:00:00,Period Tracker,5.5,iOS
MM_1518,2024-10-30,2024-11-13 00:00:00,Symptom Logger,5.5,Android
MM_1518,2024-10-30,2024-11-28 00:00:00,Period Tracker,1.2,iOS
MM_1518,2024-10-30,2024-12-20 00:00:00,Symptom Logger,13.3,Android
MM_1518,2024-10-30,2024-12-11 00:00:00,Period Tracker,2.1,Android
MM_1518,2024-10-30,2024-11-28 00:00:00,Period Tracker,5.4,iOS
MM_1518,2024-10-30,2024-10-30 00:00:00,Period Tracker,2.0,iOS
MM_1518,2024-10-30,2024-12-18 00:00:00,Community Forum,13.1,iOS
MM_1518,2024-10-30,2024-11-18 00:00:00,Symptom Logger,6.8,Android
MM_1518,2024-10-30,2024-11-08 00:00:00,Period Tracker,9.9,iOS
MM_1518,2024-10-30,2024-12-01 00:00:00,Period Tracker,12.9,iOS
MM_1518,2024-10-30,2024-12-14 00:00:00,Period Tracker,11.8,iOS
MM_1518,2024-10-30,2024-12-16 00:00:00,Symptom Logger,14.1,Android
MM_1519,2024-09-07,2024-10-07 00:00:00,Community Forum,1.1,iOS
MM_1519,2024-09-07,2024-09-27 00:00:00,Period Tracker,11.8,iOS
MM_1520,2024-09-10,2024-09-13 00:00:00,Symptom Logger,14.0,Android
MM_1520,2024-09-10,2024-10-10 00:00:00,Community Forum,7.1,Android
MM_1520,2024-09-10,2024-09-21 00:00:00,Period Tracker,10.1,iOS
MM_1520,2024-09-10,2024-10-13 00:00:00,Health Articles,3.6,iOS
MM_1520,2024-09-10,2024-10-10 00:00:00,Period Tracker,12.8,iOS
MM_1520,2024-09-10,2024-10-06 00:00:00,Period Tracker,1.8,Android
MM_1520,2024-09-10,2024-09-17 00:00:00,Community Forum,13.7,Android
MM_1520,2024-09-10,2024-09-23 00:00:00,Period Tracker,10.4,Android
MM_1521,2024-10-11,2024-11-20 00:00:00,Period Tracker,6.8,Android
MM_1522,2024-09-01,2024-10-29 00:00:00,Period Tracker,9.3,Android
MM_1522,2024-09-01,2024-09-06 00:00:00,Health Articles,,iOS
MM_1522,2024-09-01,2024-09-27 00:00:00,Period Tracker,7.6,iOS
MM_1522,2024-09-01,2024-09-15 00:00:00,Period Tracker,6.0,Android
MM_1522,2024-09-01,2024-09-13 00:00:00,Period Tracker,7.6,iOS
MM_1522,2024-09-01,2024-10-13 00:00:00,Health Articles,4.9,Android
MM_1522,2024-09-01,2024-10-30 00:00:00,Period Tracker,2.9,iOS
MM_1522,2024-09-01,2024-10-03 00:00:00,Symptom Logger,14.9,Android
MM_1522,2024-09-01,2024-10-08 00:00:00,Community Forum,12.7,Android
MM_1522,2024-09-01,2024-09-24 00:00:00,Period Tracker,2.4,iOS
MM_1522,2024-09-01,2024-10-04 00:00:00,Period Tracker,11.8,Android
MM_1522,2024-09-01,2024-10-08 00:00:00,Symptom Logger,6.5,iOS
MM_1522,2024-09-01,2024-09-04 00:00:00,Period Tracker,3.3,iOS
MM_1522,2024-09-01,2024-10-02 00:00:00,Community Forum,3.0,iOS
MM_1523,2024-08-05,2024-09-01 00:00:00,Period Tracker,12.8,Android
MM_1523,2024-08-05,2024-08-08 00:00:00,Period Tracker,6.3,Android
MM_1524,2024-10-13,2024-11-20 00:00:00,Period Tracker,6.4,Android
MM_1525,2024-10-09,2024-11-10 00:00:00,Symptom Logger,5.1,Android
MM_1525,2024-10-09,2024-11-27 00:00:00,Period Tracker,10.4,iOS
MM_1525,2024-10-09,2024-10-10 00:00:00,Period Tracker,8.0,iOS
MM_1525,2024-10-09,2024-11-08 00:00:00,Period Tracker,6.3,iOS
MM_1525,2024-10-09,2024-10-11 00:00:00,Period Tracker,5.7,iOS
MM_1525,2024-10-09,2024-11-10 00:00:00,Period Tracker,3.5,iOS
MM_1525,2024-10-09,2024-10-23 00:00:00,Symptom Logger,12.4,iOS
MM_1525,2024-10-09,2024-10-17 00:00:00,Period Tracker,3.7,Android
MM_1526,2024-08-02,2024-09-26 00:00:00,Symptom Logger,1.8,iOS
MM_1526,2024-08-02,2024-08-08 00:00:00,Period Tracker,3.4,iOS
MM_1526,2024-08-02,2024-09-23 00:00:00,Symptom Logger,6.1,Android
MM_1527,2024-10-09,2024-11-14 00:00:00,Community Forum,11.4,Android
MM_1527,2024-10-09,2024-10-11 00:00:00,Period Tracker,5.6,Android
MM_1528,2024-08-29,2024-10-27 00:00:00,Period Tracker,12.9,iOS
MM_1528,2024-08-29,2024-10-05 00:00:00,Health Articles,2.4,Android
MM_1528,2024-08-29,2024-09-11 00:00:00,Period Tracker,13.4,Android
MM_1528,2024-08-29,2024-10-28 00:00:00,Period Tracker,13.2,Android
MM_1528,2024-08-29,2024-09-04 00:00:00,Period Tracker,9.2,iOS
MM_1529,2024-09-24,2024-09-24 00:00:00,Symptom Logger,5.4,Android
MM_1529,2024-09-24,2024-10-19 00:00:00,Period Tracker,2.1,Android
MM_1529,2024-09-24,2024-10-31 00:00:00,Health Articles,,iOS
MM_1529,2024-09-24,2024-11-17 00:00:00,Period Tracker,8.5,iOS
MM_1529,2024-09-24,2024-11-07 00:00:00,Period Tracker,8.2,Android
MM_1529,2024-09-24,2024-11-07 00:00:00,Period Tracker,5.2,iOS
MM_1529,2024-09-24,2024-10-04 00:00:00,Period Tracker,11.1,Android
MM_1529,2024-09-24,2024-10-08 00:00:00,Period Tracker,10.3,iOS
MM_1529,2024-09-24,2024-10-14 00:00:00,Period Tracker,1.6,iOS
MM_1529,2024-09-24,2024-10-08 00:00:00,Period Tracker,2.1,iOS
MM_1529,2024-09-24,2024-10-06 00:00:00,Period Tracker,5.4,Android
MM_1529,2024-09-24,2024-10-17 00:00:00,Period Tracker,13.0,iOS
MM_1529,2024-09-24,2024-10-18 00:00:00,Health Articles,14.9,Android
MM_1529,2024-09-24,2024-11-15 00:00:00,Period Tracker,4.0,Android
MM_1529,2024-09-24,2024-10-14 00:00:00,Period Tracker,6.1,iOS
MM_1529,2024-09-24,2024-11-08 00:00:00,Community Forum,7.3,iOS
MM_1529,2024-09-24,2024-11-04 00:00:00,Period Tracker,13.8,Android
MM_1530,2024-08-02,2024-09-04 00:00:00,Period Tracker,4.3,iOS
MM_1530,2024-08-02,2024-09-21 00:00:00,Period Tracker,9.1,iOS
MM_1530,2024-08-02,2024-09-16 00:00:00,Period Tracker,8.0,Android
MM_1530,2024-08-02,2024-09-20 00:00:00,Community Forum,4.0,Android
MM_1530,2024-08-02,2024-08-06 00:00:00,Period Tracker,7.4,Android
MM_1530,2024-08-02,2024-09-26 00:00:00,Period Tracker,2.5,iOS
MM_1530,2024-08-02,2024-09-08 00:00:00,Period Tracker,7.6,iOS
MM_1530,2024-08-02,2024-09-07 00:00:00,Health Articles,4.5,Android
MM_1530,2024-08-02,2024-09-12 00:00:00,Community Forum,4.8,Android
MM_1530,2024-08-02,2024-09-05 00:00:00,Community Forum,1.3,Android
MM_1530,2024-08-02,2024-08-12 00:00:00,Period Tracker,2.7,Android
MM_1530,2024-08-02,2024-08-03 00:00:00,Period Tracker,5.9,Android
MM_1530,2024-08-02,2024-08-16 00:00:00,Health Articles,11.6,iOS
MM_1530,2024-08-02,2024-09-14 00:00:00,Period Tracker,,Android
MM_1531,2024-10-07,2024-11-03 00:00:00,Community Forum,3.8,iOS
MM_1532,2024-08-17,2024-09-08 00:00:00,Community Forum,7.2,iOS
MM_1532,2024-08-17,2024-09-25 00:00:00,Period Tracker,9.6,iOS
MM_1532,2024-08-17,2024-10-03 00:00:00,Period Tracker,2.1,iOS
MM_1532,2024-08-17,2024-09-24 00:00:00,Period Tracker,7.9,Android
MM_1532,2024-08-17,2024-08-30 00:00:00,Community Forum,3.4,iOS
MM_1532,2024-08-17,2024-09-01 00:00:00,Period Tracker,9.2,Android
MM_1532,2024-08-17,2024-09-18 00:00:00,Health Articles,10.8,iOS
MM_1532,2024-08-17,2024-10-16 00:00:00,Symptom Logger,,Android
MM_1532,2024-08-17,2024-09-06 00:00:00,Period Tracker,1.2,iOS
MM_1533,2024-09-14,2024-10-15 00:00:00,Period Tracker,14.2,Android
MM_1534,2024-09-14,2024-10-10 00:00:00,Symptom Logger,12.8,iOS
MM_1534,2024-09-14,2024-10-02 00:00:00,Period Tracker,,iOS
MM_1534,2024-09-14,2024-10-25 00:00:00,Period Tracker,6.2,Android
MM_1534,2024-09-14,2024-11-07 00:00:00,Health Articles,1.6,Android
MM_1534,2024-09-14,2024-09-21 00:00:00,Period Tracker,1.1,iOS
MM_1534,2024-09-14,2024-10-23 00:00:00,Period Tracker,14.8,Android
MM_1535,2024-10-30,2024-11-16 00:00:00,Period Tracker,3.7,iOS
MM_1536,2024-08-02,2024-08-31 00:00:00,Health Articles,4.0,Android
MM_1536,2024-08-02,2024-08-10 00:00:00,Symptom Logger,13.1,iOS
MM_1536,2024-08-02,2024-09-09 00:00:00,Period Tracker,14.9,Android
MM_1536,2024-08-02,2024-09-06 00:00:00,Symptom Logger,3.5,Android
MM_1536,2024-08-02,2024-09-05 00:00:00,Symptom Logger,11.4,Android
MM_1536,2024-08-02,2024-08-17 00:00:00,Symptom Logger,6.8,iOS
MM_1536,2024-08-02,2024-09-17 00:00:00,Symptom Logger,1.3,Android
MM_1536,2024-08-02,2024-09-13 00:00:00,Symptom Logger,11.9,iOS
MM_1536,2024-08-02,2024-09-30 00:00:00,Symptom Logger,9.3,Android
MM_1536,2024-08-02,2024-09-13 00:00:00,Symptom Logger,,Android
MM_1537,2024-08-26,2024-09-16 00:00:00,Symptom Logger,10.6,Android
MM_1537,2024-08-26,2024-10-25 00:00:00,Period Tracker,1.4,Android
MM_1538,2024-10-28,2024-12-04 00:00:00,Period Tracker,1.9,Android
MM_1538,2024-10-28,2024-11-02 00:00:00,Health Articles,6.3,iOS
MM_1538,2024-10-28,2024-11-07 00:00:00,Health Articles,5.1,Android
MM_1538,2024-10-28,2024-11-27 00:00:00,Period Tracker,9.0,iOS
MM_1538,2024-10-28,2024-11-14 00:00:00,Period Tracker,12.4,iOS
MM_1538,2024-10-28,2024-10-29 00:00:00,Community Forum,13.7,Android
MM_1538,2024-10-28,2024-11-23 00:00:00,Period Tracker,6.1,Android
MM_1538,2024-10-28,2024-12-05 00:00:00,Health Articles,1.7,iOS
MM_1538,2024-10-28,2024-12-22 00:00:00,Symptom Logger,13.0,iOS
MM_1538,2024-10-28,2024-10-28 00:00:00,Period Tracker,9.8,Android
MM_1538,2024-10-28,2024-11-24 00:00:00,Health Articles,6.1,iOS
MM_1538,2024-10-28,2024-12-07 00:00:00,Period Tracker,9.2,iOS
MM_1538,2024-10-28,2024-12-07 00:00:00,Period Tracker,5.9,Android
MM_1538,2024-10-28,2024-11-20 00:00:00,Period Tracker,3.4,Android
MM_1539,2024-08-21,2024-09-20 00:00:00,Period Tracker,2.4,iOS
MM_1539,2024-08-21,2024-09-26 00:00:00,Community Forum,10.2,Android
MM_1539,2024-08-21,2024-10-03 00:00:00,Symptom Logger,7.4,Android
MM_1539,2024-08-21,2024-09-08 00:00:00,Community Forum,14.6,iOS
MM_1539,2024-08-21,2024-10-02 00:00:00,Community Forum,6.7,iOS
MM_1539,2024-08-21,2024-08-21 00:00:00,Community Forum,14.4,Android
MM_1539,2024-08-21,2024-08-31 00:00:00,Community Forum,1.6,Android
MM_1539,2024-08-21,2024-09-29 00:00:00,Period Tracker,5.7,iOS
MM_1539,2024-08-21,2024-09-28 00:00:00,Period Tracker,9.5,Android
MM_1539,2024-08-21,2024-08-30 00:00:00,Health Articles,6.9,Android
MM_1539,2024-08-21,2024-08-23 00:00:00,Period Tracker,6.7,iOS
MM_1539,2024-08-21,2024-08-29 00:00:00,Period Tracker,13.3,Android
MM_1539,2024-08-21,2024-10-18 00:00:00,Period Tracker,5.3,iOS
MM_1539,2024-08-21,2024-10-04 00:00:00,Period Tracker,11.7,Android
MM_1539,2024-08-21,2024-09-13 00:00:00,Period Tracker,5.0,iOS
MM_1539,2024-08-21,2024-09-04 00:00:00,Symptom Logger,8.5,iOS
MM_1540,2024-08-24,2024-09-03 00:00:00,Period Tracker,2.9,Android
MM_1540,2024-08-24,2024-10-14 00:00:00,Period Tracker,7.2,Android
MM_1541,2024-08-17,2024-08-19 00:00:00,Community Forum,13.5,Android
MM_1541,2024-08-17,2024-08-25 00:00:00,Symptom Logger,5.5,Android
MM_1541,2024-08-17,2024-08-22 00:00:00,Symptom Logger,1.4,iOS
MM_1541,2024-08-17,2024-10-09 00:00:00,Symptom Logger,5.7,Android
MM_1541,2024-08-17,2024-08-23 00:00:00,Period Tracker,11.3,iOS
MM_1541,2024-08-17,2024-08-23 00:00:00,Period Tracker,5.3,iOS
MM_1541,2024-08-17,2024-09-04 00:00:00,Health Articles,13.9,iOS
MM_1541,2024-08-17,2024-09-28 00:00:00,Health Articles,3.6,iOS
MM_1541,2024-08-17,2024-08-20 00:00:00,Symptom Logger,10.5,iOS
MM_1541,2024-08-17,2024-09-11 00:00:00,Period Tracker,2.3,Android
MM_1541,2024-08-17,2024-08-19 00:00:00,Health Articles,14.7,iOS
MM_1541,2024-08-17,2024-09-23 00:00:00,Period Tracker,8.4,Android
MM_1541,2024-08-17,2024-10-03 00:00:00,Community Forum,4.2,iOS
MM_1541,2024-08-17,2024-09-06 00:00:00,Symptom Logger,1.6,Android
MM_1541,2024-08-17,2024-09-24 00:00:00,Period Tracker,5.5,Android
MM_1541,2024-08-17,2024-08-19 00:00:00,Community Forum,11.3,Android
MM_1541,2024-08-17,2024-09-12 00:00:00,Community Forum,1.6,iOS
MM_1541,2024-08-17,2024-09-03 00:00:00,Period Tracker,2.6,Android
MM_1541,2024-08-17,2024-09-06 00:00:00,Health Articles,10.8,iOS
MM_1542,2024-09-06,2024-09-21 00:00:00,Symptom Logger,1.3,iOS
MM_1543,2024-09-24,2024-10-05 00:00:00,Period Tracker,9.2,Android
MM_1543,2024-09-24,2024-11-16 00:00:00,Symptom Logger,5.1,Android
MM_1543,2024-09-24,2024-10-21 00:00:00,Symptom Logger,9.3,Android
MM_1543,2024-09-24,2024-11-16 00:00:00,Period Tracker,5.7,iOS
MM_1543,2024-09-24,2024-11-09 00:00:00,Symptom Logger,,Android
MM_1543,2024-09-24,2024-11-02 00:00:00,Health Articles,1.8,Android
MM_1543,2024-09-24,2024-10-27 00:00:00,Symptom Logger,1.8,Android
MM_1543,2024-09-24,2024-11-03 00:00:00,Community Forum,8.5,iOS
MM_1543,2024-09-24,2024-10-02 00:00:00,Community Forum,7.9,iOS
MM_1543,2024-09-24,2024-10-28 00:00:00,Health Articles,6.9,Android
MM_1544,2024-08-12,2024-09-01 00:00:00,Period Tracker,9.6,Android
MM_1544,2024-08-12,2024-08-18 00:00:00,Period Tracker,14.8,iOS
MM_1544,2024-08-12,2024-09-22 00:00:00,Period Tracker,14.1,Android
MM_1544,2024-08-12,2024-10-11 00:00:00,Community Forum,5.1,Android
MM_1544,2024-08-12,2024-08-16 00:00:00,Period Tracker,2.8,Android
MM_1544,2024-08-12,2024-09-06 00:00:00,Period Tracker,8.7,Android
MM_1544,2024-08-12,2024-09-19 00:00:00,Period Tracker,10.9,iOS
MM_1544,2024-08-12,2024-09-28 00:00:00,Symptom Logger,11.3,iOS
MM_1544,2024-08-12,2024-09-04 00:00:00,Health Articles,11.7,iOS
MM_1544,2024-08-12,2024-09-29 00:00:00,Period Tracker,10.4,Android
MM_1544,2024-08-12,2024-08-31 00:00:00,Symptom Logger,7.6,iOS
MM_1545,2024-10-10,2024-10-16 00:00:00,Period Tracker,13.4,Android
MM_1545,2024-10-10,2024-11-05 00:00:00,Period Tracker,7.6,Android
MM_1546,2024-08-10,2024-09-07 00:00:00,Period Tracker,6.9,Android
MM_1546,2024-08-10,2024-09-23 00:00:00,Period Tracker,4.0,iOS
MM_1547,2024-09-03,2024-09-24 00:00:00,Period Tracker,11.0,iOS
MM_1547,2024-09-03,2024-10-22 00:00:00,Community Forum,6.1,iOS
MM_1548,2024-09-23,2024-09-24 00:00:00,Period Tracker,7.2,iOS
MM_1548,2024-09-23,2024-11-16 00:00:00,Period Tracker,7.7,Android
MM_1548,2024-09-23,2024-10-13 00:00:00,Period Tracker,12.1,Android
MM_1549,2024-10-17,2024-12-06 00:00:00,Period Tracker,,Android
MM_1549,2024-10-17,2024-11-29 00:00:00,Period Tracker,6.3,Android
MM_1549,2024-10-17,2024-10-30 00:00:00,Symptom Logger,11.7,Android
MM_1549,2024-10-17,2024-11-08 00:00:00,Period Tracker,6.2,Android
MM_1549,2024-10-17,2024-10-19 00:00:00,Health Articles,10.5,Android
MM_1549,2024-10-17,2024-12-09 00:00:00,Community Forum,10.4,iOS
MM_1549,2024-10-17,2024-12-07 00:00:00,Period Tracker,2.7,Android
MM_1549,2024-10-17,2024-12-05 00:00:00,Symptom Logger,4.7,iOS
MM_1549,2024-10-17,2024-10-22 00:00:00,Period Tracker,8.6,iOS
MM_1549,2024-10-17,2024-10-29 00:00:00,Community Forum,10.9,iOS
MM_1549,2024-10-17,2024-11-09 00:00:00,Period Tracker,2.6,Android
MM_1549,2024-10-17,2024-12-16 00:00:00,Period Tracker,1.6,Android
MM_1549,2024-10-17,2024-11-30 00:00:00,Symptom Logger,5.0,iOS
MM_1549,2024-10-17,2024-11-13 00:00:00,Period Tracker,12.7,iOS
MM_1549,2024-10-17,2024-11-06 00:00:00,Period Tracker,7.0,iOS
MM_1549,2024-10-17,2024-11-14 00:00:00,Period Tracker,10.2,iOS
MM_1549,2024-10-17,2024-11-25 00:00:00,Period Tracker,13.9,Android
MM_1549,2024-10-17,2024-10-28 00:00:00,Period Tracker,1.7,Android
MM_1549,2024-10-17,2024-11-12 00:00:00,Period Tracker,8.2,Android
MM_1549,2024-10-17,2024-11-17 00:00:00,Period Tracker,2.2,Android
MM_1550,2024-09-30,2024-11-07 00:00:00,Period Tracker,14.7,Android
MM_1550,2024-09-30,2024-11-05 00:00:00,Symptom Logger,10.5,Android
MM_1550,2024-09-30,2024-11-01 00:00:00,Community Forum,12.6,Android
MM_1550,2024-09-30,2024-11-23 00:00:00,Community Forum,9.4,iOS
MM_1550,2024-09-30,2024-11-03 00:00:00,Period Tracker,14.9,iOS
MM_1550,2024-09-30,2024-11-16 00:00:00,Community Forum,9.6,iOS
MM_1550,2024-09-30,2024-10-30 00:00:00,Period Tracker,11.1,Android
MM_1550,2024-09-30,2024-11-29 00:00:00,Symptom Logger,14.4,Android
MM_1550,2024-09-30,2024-11-24 00:00:00,Community Forum,6.4,iOS
MM_1550,2024-09-30,2024-10-07 00:00:00,Period Tracker,14.3,iOS
MM_1550,2024-09-30,2024-10-07 00:00:00,Community Forum,10.6,Android
MM_1550,2024-09-30,2024-11-01 00:00:00,Period Tracker,14.8,Android
MM_1550,2024-09-30,2024-11-03 00:00:00,Period Tracker,13.2,Android
MM_1550,2024-09-30,2024-10-03 00:00:00,Symptom Logger,2.1,iOS
MM_1550,2024-09-30,2024-10-21 00:00:00,Period Tracker,10.7,Android
MM_1550,2024-09-30,2024-11-26 00:00:00,Period Tracker,7.1,iOS
MM_1550,2024-09-30,2024-10-06 00:00:00,Period Tracker,4.9,Android
MM_1550,2024-09-30,2024-11-19 00:00:00,Period Tracker,6.6,iOS
MM_1550,2024-09-30,2024-11-10 00:00:00,Period Tracker,3.8,iOS
MM_1551,2024-08-31,2024-09-07 00:00:00,Community Forum,5.8,Android
MM_1551,2024-08-31,2024-10-21 00:00:00,Period Tracker,14.6,iOS
MM_1551,2024-08-31,2024-09-26 00:00:00,Community Forum,12.9,iOS
MM_1551,2024-08-31,2024-10-19 00:00:00,Symptom Logger,1.9,Android
MM_1551,2024-08-31,2024-10-07 00:00:00,Community Forum,4.0,Android
MM_1551,2024-08-31,2024-09-07 00:00:00,Community Forum,3.7,Android
MM_1551,2024-08-31,2024-09-08 00:00:00,Period Tracker,9.9,Android
MM_1551,2024-08-31,2024-09-07 00:00:00,Period Tracker,5.7,iOS
MM_1551,2024-08-31,2024-09-18 00:00:00,Community Forum,8.3,iOS
MM_1551,2024-08-31,2024-10-26 00:00:00,Period Tracker,11.1,iOS
MM_1551,2024-08-31,2024-10-23 00:00:00,Period Tracker,9.1,iOS
MM_1551,2024-08-31,2024-09-17 00:00:00,Period Tracker,12.9,Android
MM_1551,2024-08-31,2024-09-25 00:00:00,Period Tracker,14.0,Android
MM_1551,2024-08-31,2024-09-26 00:00:00,Period Tracker,2.1,iOS
MM_1551,2024-08-31,2024-10-20 00:00:00,Symptom Logger,,iOS
MM_1551,2024-08-31,2024-10-03 00:00:00,Period Tracker,13.8,Android
MM_1551,2024-08-31,2024-09-23 00:00:00,Period Tracker,9.7,iOS
MM_1551,2024-08-31,2024-10-07 00:00:00,Period Tracker,6.5,iOS
MM_1552,2024-10-14,2024-11-16 00:00:00,Health Articles,2.9,iOS
MM_1552,2024-10-14,2024-10-31 00:00:00,Period Tracker,13.3,iOS
MM_1552,2024-10-14,2024-11-28 00:00:00,Period Tracker,9.7,Android
MM_1553,2024-09-28,2024-10-09 00:00:00,Community Forum,,Android
MM_1553,2024-09-28,2024-10-16 00:00:00,Period Tracker,15.0,Android
MM_1553,2024-09-28,2024-09-30 00:00:00,Community Forum,3.4,Android
MM_1553,2024-09-28,2024-10-04 00:00:00,Period Tracker,3.0,Android
MM_1553,2024-09-28,2024-11-19 00:00:00,Symptom Logger,14.7,iOS
MM_1553,2024-09-28,2024-11-08 00:00:00,Period Tracker,12.4,Android
MM_1553,2024-09-28,2024-11-09 00:00:00,Symptom Logger,8.2,iOS
MM_1554,2024-10-10,2024-10-15 00:00:00,Health Articles,10.3,iOS
MM_1554,2024-10-10,2024-11-13 00:00:00,Community Forum,6.1,Android
MM_1554,2024-10-10,2024-10-18 00:00:00,Health Articles,9.8,iOS
MM_1555,2024-10-25,2024-12-07 00:00:00,Health Articles,1.9,iOS
MM_1555,2024-10-25,2024-11-04 00:00:00,Symptom Logger,12.6,Android
MM_1556,2024-10-12,2024-12-07 00:00:00,Period Tracker,,iOS
MM_1556,2024-10-12,2024-12-06 00:00:00,Period Tracker,10.7,iOS
MM_1556,2024-10-12,2024-11-12 00:00:00,Symptom Logger,14.0,Android
MM_1556,2024-10-12,2024-10-26 00:00:00,Period Tracker,13.8,Android
MM_1556,2024-10-12,2024-10-14 00:00:00,Period Tracker,4.7,Android
MM_1556,2024-10-12,2024-11-11 00:00:00,Period Tracker,3.9,Android
MM_1556,2024-10-12,2024-11-12 00:00:00,Health Articles,13.8,iOS
MM_1556,2024-10-12,2024-11-18 00:00:00,Symptom Logger,11.5,iOS
MM_1557,2024-09-05,2024-10-22 00:00:00,Period Tracker,7.4,iOS
MM_1558,2024-10-30,2024-11-02 00:00:00,Period Tracker,7.0,iOS
MM_1558,2024-10-30,2024-10-31 00:00:00,Period Tracker,2.9,Android
MM_1558,2024-10-30,2024-12-15 00:00:00,Community Forum,14.8,Android
MM_1558,2024-10-30,2024-11-15 00:00:00,Period Tracker,14.9,Android
MM_1558,2024-10-30,2024-12-06 00:00:00,Symptom Logger,2.6,Android
MM_1558,2024-10-30,2024-12-23 00:00:00,Period Tracker,6.4,iOS
MM_1558,2024-10-30,2024-11-23 00:00:00,Period Tracker,14.7,iOS
MM_1559,2024-10-23,2024-12-10 00:00:00,Period Tracker,6.9,Android
MM_1559,2024-10-23,2024-11-20 00:00:00,Community Forum,2.4,iOS
MM_1559,2024-10-23,2024-12-20 00:00:00,Period Tracker,12.8,Android
MM_1559,2024-10-23,2024-12-11 00:00:00,Period Tracker,12.6,iOS
MM_1559,2024-10-23,2024-11-06 00:00:00,Community Forum,2.4,iOS
MM_1559,2024-10-23,2024-11-02 00:00:00,Period Tracker,7.5,Android
MM_1559,2024-10-23,2024-12-18 00:00:00,Community Forum,11.7,Android
MM_1559,2024-10-23,2024-11-16 00:00:00,Period Tracker,8.1,Android
MM_1559,2024-10-23,2024-10-24 00:00:00,Period Tracker,10.3,iOS
MM_1559,2024-10-23,2024-11-27 00:00:00,Period Tracker,2.3,Android
MM_1559,2024-10-23,2024-10-26 00:00:00,Period Tracker,9.5,Android
MM_1559,2024-10-23,2024-11-06 00:00:00,Period Tracker,5.8,Android
MM_1559,2024-10-23,2024-10-25 00:00:00,Community Forum,6.6,iOS
MM_1559,2024-10-23,2024-12-08 00:00:00,Period Tracker,13.2,iOS
MM_1559,2024-10-23,2024-12-05 00:00:00,Symptom Logger,3.6,Android
MM_1559,2024-10-23,2024-10-26 00:00:00,Community Forum,14.9,iOS
MM_1559,2024-10-23,2024-12-04 00:00:00,Period Tracker,11.5,Android
MM_1559,2024-10-23,2024-11-03 00:00:00,Period Tracker,3.7,iOS
MM_1560,2024-08-10,2024-09-20 00:00:00,Period Tracker,1.9,iOS
MM_1560,2024-08-10,2024-09-24 00:00:00,Period Tracker,6.1,Android
MM_1560,2024-08-10,2024-09-25 00:00:00,Community Forum,1.2,Android
MM_1560,2024-08-10,2024-09-14 00:00:00,Period Tracker,12.8,iOS
MM_1560,2024-08-10,2024-08-31 00:00:00,Community Forum,6.4,iOS
MM_1560,2024-08-10,2024-09-10 00:00:00,Health Articles,3.4,iOS
MM_1560,2024-08-10,2024-09-04 00:00:00,Period Tracker,8.3,Android
MM_1560,2024-08-10,2024-08-23 00:00:00,Community Forum,7.0,Android
MM_1560,2024-08-10,2024-09-05 00:00:00,Community Forum,13.8,Android
MM_1560,2024-08-10,2024-09-20 00:00:00,Symptom Logger,2.4,iOS
MM_1560,2024-08-10,2024-08-10 00:00:00,Period Tracker,7.0,Android
MM_1561,2024-09-21,2024-11-08 00:00:00,Community Forum,4.3,iOS
MM_1561,2024-09-21,2024-10-01 00:00:00,Health Articles,5.5,Android
MM_1561,2024-09-21,2024-11-17 00:00:00,Symptom Logger,10.4,iOS
MM_1562,2024-09-18,2024-09-23 00:00:00,Period Tracker,9.6,Android
MM_1562,2024-09-18,2024-09-23 00:00:00,Symptom Logger,13.9,iOS
MM_1562,2024-09-18,2024-09-19 00:00:00,Symptom Logger,4.6,Android
MM_1562,2024-09-18,2024-09-22 00:00:00,Health Articles,7.1,Android
MM_1562,2024-09-18,2024-10-29 00:00:00,Community Forum,4.3,iOS
MM_1562,2024-09-18,2024-09-30 00:00:00,Period Tracker,8.2,iOS
MM_1562,2024-09-18,2024-11-17 00:00:00,Period Tracker,8.4,Android
MM_1562,2024-09-18,2024-11-08 00:00:00,Period Tracker,8.0,iOS
MM_1562,2024-09-18,2024-11-06 00:00:00,Community Forum,3.7,Android
MM_1562,2024-09-18,2024-10-07 00:00:00,Period Tracker,,iOS
MM_1562,2024-09-18,2024-10-21 00:00:00,Period Tracker,13.0,Android
MM_1563,2024-08-31,2024-10-01 00:00:00,Community Forum,5.5,iOS
MM_1563,2024-08-31,2024-10-06 00:00:00,Community Forum,4.6,Android
MM_1563,2024-08-31,2024-09-13 00:00:00,Period Tracker,9.5,iOS
MM_1563,2024-08-31,2024-09-18 00:00:00,Period Tracker,11.6,iOS
MM_1563,2024-08-31,2024-09-18 00:00:00,Period Tracker,,Android
MM_1563,2024-08-31,2024-10-27 00:00:00,Period Tracker,6.5,iOS
MM_1563,2024-08-31,2024-09-17 00:00:00,Community Forum,10.0,Android
MM_1563,2024-08-31,2024-10-13 00:00:00,Period Tracker,12.5,iOS
MM_1563,2024-08-31,2024-09-22 00:00:00,Community Forum,10.9,iOS
MM_1563,2024-08-31,2024-09-08 00:00:00,Symptom Logger,6.6,iOS
MM_1563,2024-08-31,2024-10-01 00:00:00,Period Tracker,3.9,iOS
MM_1563,2024-08-31,2024-10-28 00:00:00,Symptom Logger,7.5,Android
MM_1563,2024-08-31,2024-09-12 00:00:00,Community Forum,6.7,Android
MM_1563,2024-08-31,2024-09-21 00:00:00,Symptom Logger,13.0,iOS
MM_1563,2024-08-31,2024-09-03 00:00:00,Period Tracker,6.6,Android
MM_1563,2024-08-31,2024-10-09 00:00:00,Symptom Logger,1.1,Android
MM_1563,2024-08-31,2024-09-08 00:00:00,Period Tracker,3.7,Android
MM_1564,2024-08-10,2024-09-07 00:00:00,Symptom Logger,5.3,iOS
MM_1564,2024-08-10,2024-09-11 00:00:00,Community Forum,3.5,iOS
MM_1564,2024-08-10,2024-08-14 00:00:00,Period Tracker,5.4,Android
MM_1564,2024-08-10,2024-08-11 00:00:00,Community Forum,14.9,iOS
MM_1564,2024-08-10,2024-09-03 00:00:00,Period Tracker,11.0,Android
MM_1564,2024-08-10,2024-09-23 00:00:00,Period Tracker,6.6,iOS
MM_1564,2024-08-10,2024-09-29 00:00:00,Period Tracker,3.8,iOS
MM_1564,2024-08-10,2024-09-12 00:00:00,Period Tracker,13.4,Android
MM_1564,2024-08-10,2024-09-01 00:00:00,Period Tracker,4.5,iOS
MM_1564,2024-08-10,2024-09-25 00:00:00,Period Tracker,4.0,Android
MM_1564,2024-08-10,2024-08-19 00:00:00,Period Tracker,6.3,Android
MM_1564,2024-08-10,2024-08-28 00:00:00,Symptom Logger,12.2,Android
MM_1564,2024-08-10,2024-10-03 00:00:00,Period Tracker,13.9,iOS
MM_1565,2024-09-15,2024-11-10 00:00:00,Period Tracker,13.1,Android
MM_1565,2024-09-15,2024-11-07 00:00:00,Symptom Logger,10.7,Android
MM_1565,2024-09-15,2024-10-16 00:00:00,Symptom Logger,12.5,Android
MM_1565,2024-09-15,2024-10-28 00:00:00,Symptom Logger,13.6,iOS
MM_1565,2024-09-15,2024-09-29 00:00:00,Symptom Logger,4.0,Android
MM_1565,2024-09-15,2024-10-06 00:00:00,Period Tracker,7.3,Android
MM_1565,2024-09-15,2024-10-21 00:00:00,Symptom Logger,2.6,iOS
MM_1565,2024-09-15,2024-10-25 00:00:00,Community Forum,3.3,iOS
MM_1565,2024-09-15,2024-10-02 00:00:00,Period Tracker,2.2,Android
MM_1565,2024-09-15,2024-10-14 00:00:00,Period Tracker,10.4,Android
MM_1565,2024-09-15,2024-10-20 00:00:00,Period Tracker,2.0,iOS
MM_1565,2024-09-15,2024-10-13 00:00:00,Period Tracker,6.8,Android
MM_1565,2024-09-15,2024-10-07 00:00:00,Symptom Logger,7.4,iOS
MM_1565,2024-09-15,2024-10-10 00:00:00,Period Tracker,13.3,iOS
MM_1565,2024-09-15,2024-10-02 00:00:00,Community Forum,7.0,iOS
MM_1566,2024-08-07,2024-10-06 00:00:00,Period Tracker,3.6,iOS
MM_1566,2024-08-07,2024-08-10 00:00:00,Symptom Logger,8.9,iOS
MM_1566,2024-08-07,2024-09-13 00:00:00,Symptom Logger,5.2,Android
MM_1566,2024-08-07,2024-09-23 00:00:00,Period Tracker,13.2,iOS
MM_1566,2024-08-07,2024-08-27 00:00:00,Symptom Logger,3.5,Android
MM_1566,2024-08-07,2024-10-01 00:00:00,Symptom Logger,7.8,iOS
MM_1566,2024-08-07,2024-08-17 00:00:00,Health Articles,3.6,iOS
MM_1566,2024-08-07,2024-09-11 00:00:00,Period Tracker,8.6,Android
MM_1567,2024-09-28,2024-11-20 00:00:00,Period Tracker,7.6,iOS
MM_1567,2024-09-28,2024-11-27 00:00:00,Symptom Logger,12.8,Android
MM_1567,2024-09-28,2024-10-20 00:00:00,Period Tracker,10.9,Android
MM_1567,2024-09-28,2024-10-09 00:00:00,Community Forum,4.9,iOS
MM_1567,2024-09-28,2024-11-08 00:00:00,Health Articles,6.2,iOS
MM_1567,2024-09-28,2024-10-30 00:00:00,Period Tracker,7.7,Android
MM_1567,2024-09-28,2024-11-24 00:00:00,Period Tracker,6.5,Android
MM_1567,2024-09-28,2024-10-13 00:00:00,Health Articles,6.4,Android
MM_1567,2024-09-28,2024-11-02 00:00:00,Symptom Logger,6.4,iOS
MM_1567,2024-09-28,2024-11-19 00:00:00,Symptom Logger,4.2,iOS
MM_1567,2024-09-28,2024-10-14 00:00:00,Period Tracker,,Android
MM_1567,2024-09-28,2024-10-01 00:00:00,Community Forum,10.7,iOS
MM_1568,2024-10-22,2024-11-09 00:00:00,Period Tracker,11.3,Android
MM_1568,2024-10-22,2024-11-05 00:00:00,Period Tracker,10.9,iOS
MM_1568,2024-10-22,2024-11-15 00:00:00,Period Tracker,1.0,Android
MM_1568,2024-10-22,2024-11-27 00:00:00,Symptom Logger,12.8,Android
MM_1568,2024-10-22,2024-11-16 00:00:00,Health Articles,2.4,iOS
MM_1568,2024-10-22,2024-12-13 00:00:00,Period Tracker,7.1,Android
MM_1568,2024-10-22,2024-11-14 00:00:00,Health Articles,7.3,Android
MM_1568,2024-10-22,2024-11-19 00:00:00,Period Tracker,2.2,iOS
MM_1568,2024-10-22,2024-12-05 00:00:00,Period Tracker,10.0,iOS
MM_1568,2024-10-22,2024-10-29 00:00:00,Health Articles,3.6,Android
MM_1568,2024-10-22,2024-11-02 00:00:00,Symptom Logger,8.1,iOS
MM_1568,2024-10-22,2024-10-25 00:00:00,Period Tracker,6.9,iOS
MM_1568,2024-10-22,2024-10-28 00:00:00,Health Articles,14.6,Android
MM_1568,2024-10-22,2024-12-18 00:00:00,Community Forum,7.8,iOS
MM_1568,2024-10-22,2024-11-23 00:00:00,Period Tracker,10.8,iOS
MM_1568,2024-10-22,2024-11-06 00:00:00,Period Tracker,12.7,Android
MM_1568,2024-10-22,2024-11-09 00:00:00,Period Tracker,4.6,Android
MM_1569,2024-10-13,2024-11-19 00:00:00,Period Tracker,10.4,Android
MM_1569,2024-10-13,2024-10-19 00:00:00,Period Tracker,14.4,iOS
MM_1569,2024-10-13,2024-10-22 00:00:00,Period Tracker,8.4,iOS
MM_1570,2024-10-04,2024-11-15 00:00:00,Period Tracker,5.5,iOS
MM_1570,2024-10-04,2024-10-07 00:00:00,Period Tracker,2.8,iOS
MM_1570,2024-10-04,2024-10-09 00:00:00,Period Tracker,6.6,iOS
MM_1571,2024-09-28,2024-10-01 00:00:00,Symptom Logger,2.5,iOS
MM_1571,2024-09-28,2024-09-28 00:00:00,Period Tracker,14.3,iOS
MM_1571,2024-09-28,2024-09-29 00:00:00,Period Tracker,5.2,Android
MM_1571,2024-09-28,2024-10-07 00:00:00,Period Tracker,11.9,Android
MM_1571,2024-09-28,2024-11-14 00:00:00,Period Tracker,5.7,Android
MM_1571,2024-09-28,2024-11-22 00:00:00,Community Forum,3.2,iOS
MM_1571,2024-09-28,2024-09-28 00:00:00,Period Tracker,7.0,Android
MM_1571,2024-09-28,2024-10-28 00:00:00,Period Tracker,9.3,iOS
MM_1572,2024-08-27,2024-10-06 00:00:00,Period Tracker,5.7,Android
MM_1572,2024-08-27,2024-09-05 00:00:00,Period Tracker,11.9,iOS
MM_1572,2024-08-27,2024-10-03 00:00:00,Community Forum,4.6,Android
MM_1572,2024-08-27,2024-09-29 00:00:00,Health Articles,2.4,Android
MM_1572,2024-08-27,2024-10-26 00:00:00,Symptom Logger,5.2,Android
MM_1572,2024-08-27,2024-09-02 00:00:00,Symptom Logger,5.6,Android
MM_1572,2024-08-27,2024-09-19 00:00:00,Period Tracker,5.6,iOS
MM_1572,2024-08-27,2024-10-23 00:00:00,Period Tracker,5.8,iOS
MM_1572,2024-08-27,2024-10-02 00:00:00,Period Tracker,4.7,Android
MM_1572,2024-08-27,2024-09-06 00:00:00,Period Tracker,8.1,iOS
MM_1572,2024-08-27,2024-10-07 00:00:00,Community Forum,6.7,Android
MM_1572,2024-08-27,2024-09-18 00:00:00,Period Tracker,2.2,iOS
MM_1572,2024-08-27,2024-09-23 00:00:00,Period Tracker,3.7,iOS
MM_1572,2024-08-27,2024-10-19 00:00:00,Period Tracker,8.8,iOS
MM_1572,2024-08-27,2024-10-17 00:00:00,Period Tracker,3.7,Android
MM_1572,2024-08-27,2024-09-10 00:00:00,Community Forum,5.7,Android
MM_1572,2024-08-27,2024-10-10 00:00:00,Community Forum,9.4,Android
MM_1572,2024-08-27,2024-08-27 00:00:00,Symptom Logger,5.2,iOS
MM_1572,2024-08-27,2024-09-10 00:00:00,Health Articles,10.9,Android
MM_1573,2024-08-13,2024-10-07 00:00:00,Period Tracker,10.4,iOS
MM_1573,2024-08-13,2024-10-06 00:00:00,Period Tracker,13.7,Android
MM_1573,2024-08-13,2024-08-27 00:00:00,Symptom Logger,5.6,Android
MM_1573,2024-08-13,2024-08-21 00:00:00,Period Tracker,1.7,Android
MM_1573,2024-08-13,2024-08-21 00:00:00,Period Tracker,6.2,Android
MM_1573,2024-08-13,2024-09-09 00:00:00,Period Tracker,13.2,iOS
MM_1573,2024-08-13,2024-09-28 00:00:00,Period Tracker,4.3,iOS
MM_1573,2024-08-13,2024-08-14 00:00:00,Symptom Logger,11.1,Android
MM_1573,2024-08-13,2024-09-26 00:00:00,Symptom Logger,7.1,iOS
MM_1573,2024-08-13,2024-08-13 00:00:00,Community Forum,6.5,iOS
MM_1573,2024-08-13,2024-10-01 00:00:00,Community Forum,9.4,iOS
MM_1573,2024-08-13,2024-08-15 00:00:00,Period Tracker,8.5,iOS
MM_1573,2024-08-13,2024-09-24 00:00:00,Symptom Logger,14.1,iOS
MM_1573,2024-08-13,2024-08-20 00:00:00,Community Forum,5.4,iOS
MM_1573,2024-08-13,2024-08-16 00:00:00,Community Forum,12.9,iOS
MM_1573,2024-08-13,2024-08-31 00:00:00,Period Tracker,5.6,Android
MM_1573,2024-08-13,2024-08-14 00:00:00,Period Tracker,8.3,Android
MM_1573,2024-08-13,2024-08-13 00:00:00,Period Tracker,7.8,Android
MM_1573,2024-08-13,2024-09-16 00:00:00,Period Tracker,14.8,Android
MM_1574,2024-09-20,2024-10-28 00:00:00,Period Tracker,11.4,iOS
MM_1574,2024-09-20,2024-09-24 00:00:00,Period Tracker,2.3,Android
MM_1574,2024-09-20,2024-10-04 00:00:00,Symptom Logger,13.3,Android
MM_1574,2024-09-20,2024-10-23 00:00:00,Period Tracker,12.7,iOS
MM_1574,2024-09-20,2024-10-10 00:00:00,Symptom Logger,5.9,Android
MM_1574,2024-09-20,2024-10-10 00:00:00,Health Articles,11.6,Android
MM_1575,2024-08-22,2024-08-25 00:00:00,Period Tracker,5.9,Android
MM_1575,2024-08-22,2024-09-07 00:00:00,Symptom Logger,4.5,iOS
MM_1575,2024-08-22,2024-10-21 00:00:00,Symptom Logger,1.2,Android
MM_1575,2024-08-22,2024-09-20 00:00:00,Period Tracker,6.7,Android
MM_1575,2024-08-22,2024-10-09 00:00:00,Period Tracker,12.4,Android
MM_1575,2024-08-22,2024-10-08 00:00:00,Period Tracker,14.4,iOS
MM_1575,2024-08-22,2024-09-06 00:00:00,Period Tracker,7.2,iOS
MM_1575,2024-08-22,2024-08-29 00:00:00,Period Tracker,14.8,iOS
MM_1575,2024-08-22,2024-10-04 00:00:00,Period Tracker,10.4,Android
MM_1575,2024-08-22,2024-09-20 00:00:00,Symptom Logger,10.9,iOS
MM_1576,2024-10-05,2024-10-21 00:00:00,Community Forum,12.3,iOS
MM_1577,2024-08-06,2024-08-07 00:00:00,Period Tracker,7.6,Android
MM_1577,2024-08-06,2024-09-28 00:00:00,Period Tracker,11.6,iOS
MM_1578,2024-10-16,2024-10-21 00:00:00,Community Forum,4.0,iOS
MM_1578,2024-10-16,2024-10-22 00:00:00,Period Tracker,7.4,iOS
MM_1579,2024-10-28,2024-11-08 00:00:00,Period Tracker,14.2,Android
MM_1579,2024-10-28,2024-11-19 00:00:00,Period Tracker,3.5,iOS
MM_1579,2024-10-28,2024-11-16 00:00:00,Symptom Logger,4.8,iOS
MM_1579,2024-10-28,2024-12-24 00:00:00,Period Tracker,3.3,iOS
MM_1579,2024-10-28,2024-10-29 00:00:00,Period Tracker,5.3,Android
MM_1579,2024-10-28,2024-12-05 00:00:00,Period Tracker,11.2,iOS
MM_1579,2024-10-28,2024-11-20 00:00:00,Period Tracker,11.7,Android
MM_1579,2024-10-28,2024-11-05 00:00:00,Period Tracker,4.4,iOS
MM_1580,2024-10-08,2024-10-13 00:00:00,Symptom Logger,12.7,iOS
MM_1580,2024-10-08,2024-11-15 00:00:00,Symptom Logger,6.0,iOS
MM_1581,2024-09-27,2024-11-24 00:00:00,Period Tracker,7.6,iOS
MM_1581,2024-09-27,2024-10-08 00:00:00,Health Articles,10.0,iOS
MM_1581,2024-09-27,2024-10-02 00:00:00,Symptom Logger,2.2,Android
MM_1581,2024-09-27,2024-10-03 00:00:00,Health Articles,9.8,iOS
MM_1581,2024-09-27,2024-09-30 00:00:00,Health Articles,1.8,Android
MM_1581,2024-09-27,2024-10-06 00:00:00,Period Tracker,9.2,Android
MM_1581,2024-09-27,2024-10-04 00:00:00,Period Tracker,2.0,Android
MM_1581,2024-09-27,2024-10-22 00:00:00,Period Tracker,6.8,Android
MM_1581,2024-09-27,2024-10-15 00:00:00,Period Tracker,3.6,iOS
MM_1581,2024-09-27,2024-10-19 00:00:00,Health Articles,9.2,Android
MM_1581,2024-09-27,2024-11-19 00:00:00,Period Tracker,15.0,iOS
MM_1581,2024-09-27,2024-11-09 00:00:00,Period Tracker,13.4,iOS
MM_1581,2024-09-27,2024-10-06 00:00:00,Period Tracker,2.2,Android
MM_1581,2024-09-27,2024-10-02 00:00:00,Period Tracker,10.5,Android
MM_1581,2024-09-27,2024-11-14 00:00:00,Community Forum,12.2,Android
MM_1581,2024-09-27,2024-11-01 00:00:00,Period Tracker,3.2,Android
MM_1581,2024-09-27,2024-11-14 00:00:00,Period Tracker,13.2,Android
MM_1581,2024-09-27,2024-10-17 00:00:00,Period Tracker,10.6,iOS
MM_1581,2024-09-27,2024-11-09 00:00:00,Period Tracker,4.7,Android
MM_1581,2024-09-27,2024-10-03 00:00:00,Period Tracker,8.6,iOS
MM_1582,2024-10-06,2024-11-27 00:00:00,Period Tracker,10.7,iOS
MM_1582,2024-10-06,2024-10-10 00:00:00,Health Articles,9.4,iOS
MM_1582,2024-10-06,2024-11-08 00:00:00,Period Tracker,3.7,Android
MM_1582,2024-10-06,2024-11-20 00:00:00,Period Tracker,9.0,Android
MM_1582,2024-10-06,2024-11-20 00:00:00,Symptom Logger,2.3,Android
MM_1582,2024-10-06,2024-10-17 00:00:00,Period Tracker,8.4,Android
MM_1582,2024-10-06,2024-10-08 00:00:00,Period Tracker,12.4,Android
MM_1582,2024-10-06,2024-11-18 00:00:00,Community Forum,1.1,Android
MM_1582,2024-10-06,2024-11-11 00:00:00,Symptom Logger,12.1,iOS
MM_1582,2024-10-06,2024-10-10 00:00:00,Period Tracker,14.1,Android
MM_1583,2024-09-18,2024-11-08 00:00:00,Period Tracker,10.9,iOS
MM_1583,2024-09-18,2024-09-23 00:00:00,Community Forum,10.9,iOS
MM_1583,2024-09-18,2024-10-25 00:00:00,Community Forum,10.6,Android
MM_1584,2024-09-24,2024-11-17 00:00:00,Period Tracker,7.2,Android
MM_1584,2024-09-24,2024-09-25 00:00:00,Period Tracker,14.0,Android
MM_1584,2024-09-24,2024-11-22 00:00:00,Symptom Logger,8.6,iOS
MM_1584,2024-09-24,2024-10-10 00:00:00,Period Tracker,11.0,Android
MM_1584,2024-09-24,2024-11-14 00:00:00,Period Tracker,12.4,iOS
MM_1584,2024-09-24,2024-10-24 00:00:00,Period Tracker,13.4,iOS
MM_1585,2024-09-30,2024-10-12 00:00:00,Period Tracker,5.5,Android
MM_1586,2024-08-30,2024-10-06 00:00:00,Health Articles,,Android
MM_1586,2024-08-30,2024-10-22 00:00:00,Period Tracker,10.0,Android
MM_1586,2024-08-30,2024-09-12 00:00:00,Period Tracker,4.8,iOS
MM_1586,2024-08-30,2024-09-22 00:00:00,Health Articles,6.1,Android
MM_1586,2024-08-30,2024-10-22 00:00:00,Period Tracker,7.8,iOS
MM_1586,2024-08-30,2024-09-02 00:00:00,Period Tracker,12.7,iOS
MM_1586,2024-08-30,2024-09-27 00:00:00,Period Tracker,9.0,iOS
MM_1586,2024-08-30,2024-09-16 00:00:00,Period Tracker,15.0,iOS
MM_1586,2024-08-30,2024-09-04 00:00:00,Period Tracker,10.2,Android
MM_1586,2024-08-30,2024-09-28 00:00:00,Symptom Logger,14.2,iOS
MM_1586,2024-08-30,2024-09-14 00:00:00,Period Tracker,9.3,iOS
MM_1586,2024-08-30,2024-10-17 00:00:00,Period Tracker,9.8,iOS
MM_1586,2024-08-30,2024-10-18 00:00:00,Period Tracker,3.7,Android
MM_1586,2024-08-30,2024-09-21 00:00:00,Period Tracker,1.4,Android
MM_1586,2024-08-30,2024-09-24 00:00:00,Period Tracker,1.0,iOS
MM_1586,2024-08-30,2024-10-14 00:00:00,Symptom Logger,6.7,iOS
MM_1586,2024-08-30,2024-09-22 00:00:00,Symptom Logger,7.5,Android
MM_1586,2024-08-30,2024-10-27 00:00:00,Period Tracker,5.9,iOS
MM_1586,2024-08-30,2024-09-26 00:00:00,Community Forum,4.0,iOS
MM_1587,2024-09-25,2024-11-21 00:00:00,Period Tracker,1.0,Android
MM_1587,2024-09-25,2024-11-04 00:00:00,Period Tracker,4.3,Android
MM_1587,2024-09-25,2024-11-15 00:00:00,Period Tracker,14.3,Android
MM_1587,2024-09-25,2024-10-20 00:00:00,Period Tracker,4.8,iOS
MM_1587,2024-09-25,2024-10-01 00:00:00,Community Forum,4.0,iOS
MM_1587,2024-09-25,2024-11-15 00:00:00,Symptom Logger,3.5,Android
MM_1587,2024-09-25,2024-11-10 00:00:00,Community Forum,3.7,iOS
MM_1587,2024-09-25,2024-11-05 00:00:00,Period Tracker,10.0,iOS
MM_1587,2024-09-25,2024-11-18 00:00:00,Symptom Logger,8.4,iOS
MM_1588,2024-08-18,2024-10-02 00:00:00,Period Tracker,7.1,Android
MM_1589,2024-10-05,2024-11-03 00:00:00,Period Tracker,14.7,iOS
MM_1589,2024-10-05,2024-11-28 00:00:00,Community Forum,6.6,iOS
MM_1589,2024-10-05,2024-11-21 00:00:00,Health Articles,425.0,Android
MM_1589,2024-10-05,2024-10-19 00:00:00,Symptom Logger,13.3,Android
MM_1589,2024-10-05,2024-11-02 00:00:00,Period Tracker,8.8,iOS
MM_1589,2024-10-05,2024-10-14 00:00:00,Period Tracker,14.8,iOS
MM_1589,2024-10-05,2024-11-13 00:00:00,Period Tracker,8.1,Android
MM_1589,2024-10-05,2024-10-23 00:00:00,Symptom Logger,12.4,Android
MM_1589,2024-10-05,2024-10-26 00:00:00,Period Tracker,14.3,iOS
MM_1589,2024-10-05,2024-11-06 00:00:00,Period Tracker,14.5,Android
MM_1589,2024-10-05,2024-12-03 00:00:00,Period Tracker,7.2,iOS
MM_1590,2024-10-09,2024-10-12 00:00:00,Community Forum,9.3,Android
MM_1591,2024-10-22,2024-11-07 00:00:00,Period Tracker,5.9,iOS
MM_1591,2024-10-22,2024-12-13 00:00:00,Period Tracker,7.0,iOS
MM_1591,2024-10-22,2024-11-04 00:00:00,Period Tracker,2.0,Android
MM_1591,2024-10-22,2024-12-15 00:00:00,Period Tracker,12.8,iOS
MM_1591,2024-10-22,2024-11-13 00:00:00,Period Tracker,8.0,iOS
MM_1591,2024-10-22,2024-10-28 00:00:00,Symptom Logger,7.1,Android
MM_1591,2024-10-22,2024-11-28 00:00:00,Period Tracker,3.6,Android
MM_1591,2024-10-22,2024-10-24 00:00:00,Symptom Logger,14.3,Android
MM_1591,2024-10-22,2024-10-26 00:00:00,Health Articles,10.4,Android
MM_1591,2024-10-22,2024-12-05 00:00:00,Period Tracker,4.7,iOS
MM_1591,2024-10-22,2024-11-15 00:00:00,Community Forum,10.7,Android
MM_1591,2024-10-22,2024-12-10 00:00:00,Period Tracker,11.4,Android
MM_1591,2024-10-22,2024-11-01 00:00:00,Community Forum,3.5,iOS
MM_1591,2024-10-22,2024-11-04 00:00:00,Period Tracker,3.4,Android
MM_1591,2024-10-22,2024-12-04 00:00:00,Period Tracker,8.9,iOS
MM_1591,2024-10-22,2024-11-15 00:00:00,Symptom Logger,4.3,Android
MM_1591,2024-10-22,2024-11-06 00:00:00,Community Forum,7.0,Android
MM_1592,2024-09-12,2024-10-09 00:00:00,Community Forum,5.3,iOS
MM_1592,2024-09-12,2024-10-17 00:00:00,Period Tracker,6.4,iOS
MM_1592,2024-09-12,2024-10-14 00:00:00,Period Tracker,8.4,Android
MM_1592,2024-09-12,2024-09-18 00:00:00,Period Tracker,9.7,iOS
MM_1592,2024-09-12,2024-09-23 00:00:00,Period Tracker,1.3,Android
MM_1592,2024-09-12,2024-11-07 00:00:00,Symptom Logger,9.8,Android
MM_1592,2024-09-12,2024-09-19 00:00:00,Community Forum,3.1,Android
MM_1592,2024-09-12,2024-09-25 00:00:00,Period Tracker,2.2,iOS
MM_1592,2024-09-12,2024-09-15 00:00:00,Period Tracker,4.6,Android
MM_1592,2024-09-12,2024-10-23 00:00:00,Health Articles,7.3,iOS
MM_1592,2024-09-12,2024-09-19 00:00:00,Symptom Logger,3.9,Android
MM_1592,2024-09-12,2024-10-04 00:00:00,Health Articles,8.5,iOS
MM_1592,2024-09-12,2024-09-16 00:00:00,Period Tracker,8.1,Android
MM_1592,2024-09-12,2024-10-19 00:00:00,Period Tracker,7.8,iOS
MM_1593,2024-09-12,2024-10-21 00:00:00,Period Tracker,12.8,iOS
MM_1593,2024-09-12,2024-09-13 00:00:00,Period Tracker,13.1,iOS
MM_1593,2024-09-12,2024-11-03 00:00:00,Health Articles,8.7,Android
MM_1593,2024-09-12,2024-11-11 00:00:00,Period Tracker,10.9,iOS
MM_1593,2024-09-12,2024-10-26 00:00:00,Community Forum,13.9,Android
MM_1593,2024-09-12,2024-09-12 00:00:00,Health Articles,9.7,iOS
MM_1593,2024-09-12,2024-09-14 00:00:00,Symptom Logger,4.5,iOS
MM_1593,2024-09-12,2024-10-06 00:00:00,Period Tracker,7.1,Android
MM_1594,2024-10-25,2024-11-11 00:00:00,Period Tracker,12.2,iOS
MM_1594,2024-10-25,2024-11-07 00:00:00,Community Forum,6.0,Android
MM_1594,2024-10-25,2024-11-13 00:00:00,Health Articles,5.1,Android
MM_1594,2024-10-25,2024-12-16 00:00:00,Period Tracker,7.1,Android
MM_1594,2024-10-25,2024-11-02 00:00:00,Symptom Logger,3.6,Android
MM_1594,2024-10-25,2024-11-17 00:00:00,Health Articles,11.0,iOS
MM_1594,2024-10-25,2024-11-26 00:00:00,Period Tracker,3.1,iOS
MM_1594,2024-10-25,2024-10-28 00:00:00,Symptom Logger,6.2,Android
MM_1594,2024-10-25,2024-12-16 00:00:00,Period Tracker,11.3,iOS
MM_1594,2024-10-25,2024-12-06 00:00:00,Health Articles,14.6,iOS
MM_1594,2024-10-25,2024-12-01 00:00:00,Health Articles,13.9,iOS
MM_1594,2024-10-25,2024-11-22 00:00:00,Period Tracker,5.1,iOS
MM_1594,2024-10-25,2024-11-23 00:00:00,Period Tracker,14.1,Android
MM_1594,2024-10-25,2024-12-16 00:00:00,Health Articles,13.9,iOS
MM_1594,2024-10-25,2024-12-15 00:00:00,Health Articles,4.2,iOS
MM_1594,2024-10-25,2024-12-04 00:00:00,Period Tracker,6.4,Android
MM_1594,2024-10-25,2024-10-31 00:00:00,Community Forum,5.8,Android
MM_1594,2024-10-25,2024-11-24 00:00:00,Community Forum,14.2,Android
MM_1594,2024-10-25,2024-11-20 00:00:00,Period Tracker,3.9,Android
MM_1594,2024-10-25,2024-11-30 00:00:00,Period Tracker,4.8,Android
MM_1595,2024-08-22,2024-10-11 00:00:00,Symptom Logger,14.4,iOS
MM_1595,2024-08-22,2024-10-18 00:00:00,Health Articles,7.9,Android
MM_1595,2024-08-22,2024-09-20 00:00:00,Period Tracker,11.1,iOS
MM_1595,2024-08-22,2024-10-17 00:00:00,Period Tracker,13.2,iOS
MM_1595,2024-08-22,2024-09-26 00:00:00,Period Tracker,3.8,Android
MM_1595,2024-08-22,2024-09-20 00:00:00,Symptom Logger,9.3,Android
MM_1595,2024-08-22,2024-10-07 00:00:00,Period Tracker,4.9,iOS
MM_1595,2024-08-22,2024-10-10 00:00:00,Community Forum,3.8,iOS
MM_1595,2024-08-22,2024-10-10 00:00:00,Period Tracker,12.6,Android
MM_1595,2024-08-22,2024-09-15 00:00:00,Symptom Logger,5.4,Android
MM_1595,2024-08-22,2024-09-20 00:00:00,Community Forum,12.5,Android
MM_1595,2024-08-22,2024-10-02 00:00:00,Period Tracker,8.6,iOS
MM_1595,2024-08-22,2024-10-19 00:00:00,Period Tracker,9.0,iOS
MM_1595,2024-08-22,2024-09-11 00:00:00,Symptom Logger,5.9,iOS
MM_1595,2024-08-22,2024-08-28 00:00:00,Community Forum,4.0,iOS
MM_1595,2024-08-22,2024-10-10 00:00:00,Period Tracker,7.9,iOS
MM_1596,2024-09-10,2024-11-06 00:00:00,Symptom Logger,2.3,Android
MM_1596,2024-09-10,2024-09-13 00:00:00,Symptom Logger,1.5,Android
MM_1596,2024-09-10,2024-11-04 00:00:00,Community Forum,,Android
MM_1596,2024-09-10,2024-09-26 00:00:00,Community Forum,4.8,Android
MM_1596,2024-09-10,2024-10-27 00:00:00,Period Tracker,10.4,iOS
MM_1597,2024-10-22,2024-12-14 00:00:00,Period Tracker,6.9,iOS
MM_1597,2024-10-22,2024-11-18 00:00:00,Period Tracker,6.6,Android
MM_1597,2024-10-22,2024-11-25 00:00:00,Health Articles,11.1,iOS
MM_1597,2024-10-22,2024-11-17 00:00:00,Health Articles,5.9,iOS
MM_1597,2024-10-22,2024-11-03 00:00:00,Period Tracker,12.3,Android
MM_1597,2024-10-22,2024-12-11 00:00:00,Symptom Logger,3.7,iOS
MM_1597,2024-10-22,2024-11-14 00:00:00,Community Forum,1.7,iOS
MM_1597,2024-10-22,2024-11-09 00:00:00,Period Tracker,4.1,iOS
MM_1597,2024-10-22,2024-11-20 00:00:00,Health Articles,10.3,iOS
MM_1597,2024-10-22,2024-11-27 00:00:00,Period Tracker,6.6,Android
MM_1597,2024-10-22,2024-11-08 00:00:00,Period Tracker,3.3,Android
MM_1597,2024-10-22,2024-12-05 00:00:00,Period Tracker,2.8,iOS
MM_1597,2024-10-22,2024-11-29 00:00:00,Community Forum,13.1,Android
MM_1597,2024-10-22,2024-11-10 00:00:00,Period Tracker,1.3,Android
MM_1597,2024-10-22,2024-12-04 00:00:00,Period Tracker,14.4,iOS
MM_1597,2024-10-22,2024-11-26 00:00:00,Symptom Logger,9.1,iOS
MM_1598,2024-09-03,2024-09-14 00:00:00,Symptom Logger,7.6,iOS
MM_1598,2024-09-03,2024-10-08 00:00:00,Community Forum,9.8,Android
MM_1598,2024-09-03,2024-09-07 00:00:00,Period Tracker,4.6,Android
MM_1598,2024-09-03,2024-10-05 00:00:00,Community Forum,9.1,iOS
MM_1598,2024-09-03,2024-10-12 00:00:00,Health Articles,10.7,Android
MM_1598,2024-09-03,2024-09-12 00:00:00,Period Tracker,10.2,iOS
MM_1598,2024-09-03,2024-10-13 00:00:00,Period Tracker,7.3,Android
MM_1598,2024-09-03,2024-10-09 00:00:00,Symptom Logger,11.3,Android
MM_1598,2024-09-03,2024-10-25 00:00:00,Health Articles,12.1,iOS
MM_1598,2024-09-03,2024-10-18 00:00:00,Health Articles,10.2,iOS
MM_1598,2024-09-03,2024-09-22 00:00:00,Period Tracker,2.8,Android
MM_1598,2024-09-03,2024-10-12 00:00:00,Community Forum,11.8,Android
MM_1598,2024-09-03,2024-09-10 00:00:00,Period Tracker,6.1,iOS
MM_1598,2024-09-03,2024-10-21 00:00:00,Period Tracker,3.5,iOS
MM_1598,2024-09-03,2024-09-03 00:00:00,Period Tracker,9.1,Android
MM_1598,2024-09-03,2024-10-13 00:00:00,Period Tracker,2.0,Android
MM_1598,2024-09-03,2024-10-09 00:00:00,Period Tracker,5.0,Android
MM_1598,2024-09-03,2024-09-11 00:00:00,Period Tracker,2.7,iOS
MM_1598,2024-09-03,2024-09-19 00:00:00,Period Tracker,8.2,Android
MM_1599,2024-09-23,2024-11-13 00:00:00,Period Tracker,12.1,Android
MM_1599,2024-09-23,2024-11-10 00:00:00,Symptom Logger,2.9,Android
MM_1599,2024-09-23,2024-11-01 00:00:00,Period Tracker,11.8,Android
MM_1599,2024-09-23,2024-10-17 00:00:00,Community Forum,11.1,iOS
MM_1599,2024-09-23,2024-10-16 00:00:00,Period Tracker,12.3,iOS
MM_1599,2024-09-23,2024-10-03 00:00:00,Period Tracker,3.2,Android
MM_1599,2024-09-23,2024-10-26 00:00:00,Community Forum,8.0,iOS
MM_1599,2024-09-23,2024-10-19 00:00:00,Period Tracker,11.6,iOS
MM_1600,2024-08-03,2024-08-05 00:00:00,Symptom Logger,12.6,Android
MM_1601,2024-08-20,2024-09-06 00:00:00,Symptom Logger,10.5,iOS
MM_1601,2024-08-20,2024-09-25 00:00:00,Period Tracker,1.5,iOS
MM_1601,2024-08-20,2024-10-02 00:00:00,Health Articles,2.8,iOS
MM_1601,2024-08-20,2024-09-06 00:00:00,Community Forum,8.6,iOS
MM_1601,2024-08-20,2024-09-05 00:00:00,Community Forum,10.2,Android
MM_1601,2024-08-20,2024-10-16 00:00:00,Community Forum,8.1,iOS
MM_1601,2024-08-20,2024-10-14 00:00:00,Symptom Logger,10.8,Android
MM_1601,2024-08-20,2024-08-22 00:00:00,Symptom Logger,10.5,iOS
MM_1601,2024-08-20,2024-10-14 00:00:00,Period Tracker,7.2,Android
MM_1601,2024-08-20,2024-09-29 00:00:00,Health Articles,2.9,Android
MM_1601,2024-08-20,2024-09-01 00:00:00,Community Forum,13.9,Android
MM_1601,2024-08-20,2024-09-06 00:00:00,Health Articles,11.6,iOS
MM_1601,2024-08-20,2024-09-26 00:00:00,Period Tracker,13.3,iOS
MM_1601,2024-08-20,2024-10-04 00:00:00,Period Tracker,14.4,Android
MM_1601,2024-08-20,2024-08-29 00:00:00,Community Forum,13.7,iOS
MM_1601,2024-08-20,2024-09-07 00:00:00,Community Forum,12.0,iOS
MM_1601,2024-08-20,2024-10-08 00:00:00,Period Tracker,7.3,iOS
MM_1602,2024-09-08,2024-10-08 00:00:00,Period Tracker,11.4,Android
MM_1602,2024-09-08,2024-10-25 00:00:00,Period Tracker,14.0,Android
MM_1602,2024-09-08,2024-09-14 00:00:00,Period Tracker,5.8,Android
MM_1602,2024-09-08,2024-10-02 00:00:00,Period Tracker,13.5,iOS
MM_1602,2024-09-08,2024-10-01 00:00:00,Community Forum,9.2,Android
MM_1602,2024-09-08,2024-10-11 00:00:00,Symptom Logger,13.9,iOS
MM_1602,2024-09-08,2024-09-19 00:00:00,Period Tracker,4.5,iOS
MM_1602,2024-09-08,2024-09-22 00:00:00,Health Articles,7.2,iOS
MM_1602,2024-09-08,2024-10-15 00:00:00,Period Tracker,12.1,Android
MM_1602,2024-09-08,2024-10-25 00:00:00,Period Tracker,6.4,Android
MM_1602,2024-09-08,2024-10-19 00:00:00,Health Articles,9.7,Android
MM_1602,2024-09-08,2024-10-17 00:00:00,Symptom Logger,12.4,iOS
MM_1602,2024-09-08,2024-11-01 00:00:00,Period Tracker,4.3,iOS
MM_1602,2024-09-08,2024-10-01 00:00:00,Symptom Logger,2.4,Android
MM_1602,2024-09-08,2024-09-19 00:00:00,Period Tracker,10.9,Android
MM_1602,2024-09-08,2024-10-09 00:00:00,Symptom Logger,6.9,iOS
MM_1602,2024-09-08,2024-10-11 00:00:00,Period Tracker,1.9,Android
MM_1602,2024-09-08,2024-10-29 00:00:00,Period Tracker,8.7,Android
MM_1602,2024-09-08,2024-10-22 00:00:00,Community Forum,7.3,Android
MM_1603,2024-10-30,2024-12-04 00:00:00,Period Tracker,5.8,Android
MM_1603,2024-10-30,2024-11-10 00:00:00,Period Tracker,2.6,Android
MM_1603,2024-10-30,2024-12-13 00:00:00,Period Tracker,4.0,iOS
MM_1603,2024-10-30,2024-12-26 00:00:00,Health Articles,1.9,iOS
MM_1603,2024-10-30,2024-12-06 00:00:00,Period Tracker,6.6,iOS
MM_1603,2024-10-30,2024-11-10 00:00:00,Community Forum,6.5,iOS
MM_1603,2024-10-30,2024-11-10 00:00:00,Community Forum,13.5,Android
MM_1603,2024-10-30,2024-10-31 00:00:00,Symptom Logger,7.6,Android
MM_1603,2024-10-30,2024-11-13 00:00:00,Community Forum,6.0,Android
MM_1603,2024-10-30,2024-11-19 00:00:00,Period Tracker,10.0,iOS
MM_1603,2024-10-30,2024-12-03 00:00:00,Period Tracker,4.0,Android
MM_1603,2024-10-30,2024-11-13 00:00:00,Community Forum,11.1,iOS
MM_1603,2024-10-30,2024-12-12 00:00:00,Period Tracker,10.2,iOS
MM_1603,2024-10-30,2024-12-28 00:00:00,Period Tracker,14.2,iOS
MM_1603,2024-10-30,2024-11-30 00:00:00,Community Forum,15.0,iOS
MM_1603,2024-10-30,2024-11-13 00:00:00,Symptom Logger,7.5,Android
MM_1603,2024-10-30,2024-12-02 00:00:00,Period Tracker,2.2,iOS
MM_1603,2024-10-30,2024-11-25 00:00:00,Period Tracker,8.6,Android
MM_1604,2024-10-16,2024-11-26 00:00:00,Period Tracker,11.1,iOS
MM_1604,2024-10-16,2024-10-28 00:00:00,Period Tracker,3.0,Android
MM_1604,2024-10-16,2024-11-01 00:00:00,Symptom Logger,13.6,Android
MM_1604,2024-10-16,2024-10-19 00:00:00,Symptom Logger,10.7,Android
MM_1604,2024-10-16,2024-10-29 00:00:00,Period Tracker,14.0,iOS
MM_1604,2024-10-16,2024-11-30 00:00:00,Community Forum,11.5,iOS
MM_1604,2024-10-16,2024-12-02 00:00:00,Health Articles,7.0,iOS
MM_1604,2024-10-16,2024-12-13 00:00:00,Symptom Logger,11.7,Android
MM_1604,2024-10-16,2024-12-09 00:00:00,Community Forum,8.5,Android
MM_1604,2024-10-16,2024-11-24 00:00:00,Symptom Logger,12.8,Android
MM_1605,2024-08-14,2024-09-04 00:00:00,Period Tracker,5.8,iOS
MM_1606,2024-08-06,2024-09-30 00:00:00,Community Forum,5.9,Android
MM_1606,2024-08-06,2024-08-18 00:00:00,Health Articles,6.4,iOS
MM_1606,2024-08-06,2024-09-30 00:00:00,Period Tracker,7.3,iOS
MM_1606,2024-08-06,2024-09-29 00:00:00,Period Tracker,12.3,iOS
MM_1606,2024-08-06,2024-09-17 00:00:00,Health Articles,11.3,Android
MM_1606,2024-08-06,2024-09-01 00:00:00,Period Tracker,1.5,iOS
MM_1606,2024-08-06,2024-09-17 00:00:00,Period Tracker,6.3,iOS
MM_1606,2024-08-06,2024-09-01 00:00:00,Health Articles,2.3,iOS
MM_1606,2024-08-06,2024-09-15 00:00:00,Period Tracker,1.2,Android
MM_1606,2024-08-06,2024-09-21 00:00:00,Period Tracker,6.8,Android
MM_1607,2024-09-09,2024-11-04 00:00:00,Period Tracker,13.7,Android
MM_1607,2024-09-09,2024-10-20 00:00:00,Period Tracker,14.9,Android
MM_1607,2024-09-09,2024-11-07 00:00:00,Period Tracker,13.3,iOS
MM_1607,2024-09-09,2024-10-22 00:00:00,Period Tracker,8.7,iOS
MM_1607,2024-09-09,2024-10-28 00:00:00,Period Tracker,14.9,Android
MM_1607,2024-09-09,2024-11-05 00:00:00,Health Articles,,Android
MM_1607,2024-09-09,2024-09-13 00:00:00,Period Tracker,6.3,iOS
MM_1607,2024-09-09,2024-09-21 00:00:00,Health Articles,7.7,iOS
MM_1607,2024-09-09,2024-10-20 00:00:00,Period Tracker,13.4,Android
MM_1607,2024-09-09,2024-10-19 00:00:00,Period Tracker,4.0,iOS
MM_1607,2024-09-09,2024-11-06 00:00:00,Period Tracker,10.2,iOS
MM_1607,2024-09-09,2024-09-17 00:00:00,Symptom Logger,9.3,iOS
MM_1608,2024-08-02,2024-08-11 00:00:00,Community Forum,5.1,Android
MM_1609,2024-09-01,2024-09-21 00:00:00,Community Forum,4.8,iOS
MM_1609,2024-09-01,2024-10-23 00:00:00,Health Articles,10.2,iOS
MM_1609,2024-09-01,2024-10-25 00:00:00,Period Tracker,8.4,iOS
MM_1609,2024-09-01,2024-10-18 00:00:00,Period Tracker,6.5,Android
MM_1609,2024-09-01,2024-10-31 00:00:00,Period Tracker,10.2,Android
MM_1609,2024-09-01,2024-10-06 00:00:00,Health Articles,5.1,iOS
MM_1609,2024-09-01,2024-09-08 00:00:00,Period Tracker,15.0,Android
MM_1609,2024-09-01,2024-10-07 00:00:00,Period Tracker,6.3,iOS
MM_1609,2024-09-01,2024-09-05 00:00:00,Community Forum,3.9,iOS
MM_1609,2024-09-01,2024-09-25 00:00:00,Period Tracker,8.1,Android
MM_1609,2024-09-01,2024-10-29 00:00:00,Symptom Logger,10.8,iOS
MM_1609,2024-09-01,2024-09-11 00:00:00,Period Tracker,12.0,Android
MM_1609,2024-09-01,2024-10-09 00:00:00,Health Articles,13.7,Android
MM_1609,2024-09-01,2024-09-25 00:00:00,Period Tracker,8.6,Android
MM_1609,2024-09-01,2024-10-24 00:00:00,Health Articles,1.0,iOS
MM_1610,2024-10-17,2024-11-06 00:00:00,Symptom Logger,4.5,Android
MM_1610,2024-10-17,2024-12-13 00:00:00,Community Forum,6.2,Android
MM_1610,2024-10-17,2024-11-27 00:00:00,Period Tracker,4.7,Android
MM_1610,2024-10-17,2024-11-20 00:00:00,Period Tracker,6.5,Android
MM_1610,2024-10-17,2024-12-10 00:00:00,Community Forum,13.3,iOS
MM_1610,2024-10-17,2024-10-19 00:00:00,Period Tracker,10.4,Android
MM_1610,2024-10-17,2024-11-28 00:00:00,Period Tracker,12.9,Android
MM_1610,2024-10-17,2024-12-02 00:00:00,Community Forum,6.4,Android
MM_1610,2024-10-17,2024-10-26 00:00:00,Symptom Logger,4.1,iOS
MM_1610,2024-10-17,2024-12-08 00:00:00,Period Tracker,4.9,iOS
MM_1610,2024-10-17,2024-12-05 00:00:00,Period Tracker,6.5,Android
MM_1610,2024-10-17,2024-12-13 00:00:00,Period Tracker,7.6,Android
MM_1610,2024-10-17,2024-11-09 00:00:00,Symptom Logger,4.4,Android
MM_1610,2024-10-17,2024-10-28 00:00:00,Community Forum,14.6,iOS
MM_1611,2024-10-28,2024-11-16 00:00:00,Period Tracker,3.3,iOS
MM_1611,2024-10-28,2024-11-07 00:00:00,Symptom Logger,8.8,iOS
MM_1611,2024-10-28,2024-11-07 00:00:00,Health Articles,12.3,Android
MM_1611,2024-10-28,2024-11-09 00:00:00,Period Tracker,12.4,Android
MM_1611,2024-10-28,2024-12-22 00:00:00,Period Tracker,8.1,Android
MM_1611,2024-10-28,2024-11-17 00:00:00,Period Tracker,3.7,Android
MM_1611,2024-10-28,2024-11-14 00:00:00,Period Tracker,1.8,iOS
MM_1611,2024-10-28,2024-11-15 00:00:00,Symptom Logger,13.5,Android
MM_1611,2024-10-28,2024-11-06 00:00:00,Period Tracker,9.1,iOS
MM_1611,2024-10-28,2024-11-13 00:00:00,Symptom Logger,10.8,iOS
MM_1611,2024-10-28,2024-12-18 00:00:00,Period Tracker,13.8,Android
MM_1612,2024-09-11,2024-09-26 00:00:00,Community Forum,14.0,Android
MM_1612,2024-09-11,2024-10-31 00:00:00,Period Tracker,8.9,Android
MM_1612,2024-09-11,2024-10-26 00:00:00,Period Tracker,7.8,Android
MM_1612,2024-09-11,2024-11-02 00:00:00,Period Tracker,11.4,iOS
MM_1612,2024-09-11,2024-10-12 00:00:00,Period Tracker,8.9,iOS
MM_1612,2024-09-11,2024-10-15 00:00:00,Period Tracker,,Android
MM_1612,2024-09-11,2024-10-17 00:00:00,Symptom Logger,7.2,Android
MM_1612,2024-09-11,2024-09-28 00:00:00,Period Tracker,2.1,iOS
MM_1612,2024-09-11,2024-10-31 00:00:00,Period Tracker,1.2,Android
MM_1612,2024-09-11,2024-11-10 00:00:00,Period Tracker,4.5,Android
MM_1612,2024-09-11,2024-11-01 00:00:00,Symptom Logger,9.7,Android
MM_1612,2024-09-11,2024-09-29 00:00:00,Community Forum,1.7,iOS
MM_1612,2024-09-11,2024-09-27 00:00:00,Period Tracker,9.8,Android
MM_1612,2024-09-11,2024-09-28 00:00:00,Symptom Logger,9.0,iOS
MM_1613,2024-09-28,2024-10-04 00:00:00,Period Tracker,2.2,Android
MM_1613,2024-09-28,2024-10-15 00:00:00,Symptom Logger,3.1,iOS
MM_1613,2024-09-28,2024-11-25 00:00:00,Symptom Logger,9.9,Android
MM_1613,2024-09-28,2024-10-25 00:00:00,Period Tracker,12.1,iOS
MM_1613,2024-09-28,2024-10-23 00:00:00,Period Tracker,2.2,Android
MM_1613,2024-09-28,2024-11-03 00:00:00,Period Tracker,8.9,iOS
MM_1613,2024-09-28,2024-11-23 00:00:00,Community Forum,3.1,iOS
MM_1613,2024-09-28,2024-10-29 00:00:00,Period Tracker,11.2,Android
MM_1614,2024-08-19,2024-09-10 00:00:00,Period Tracker,6.2,iOS
MM_1614,2024-08-19,2024-10-11 00:00:00,Period Tracker,11.5,Android
MM_1614,2024-08-19,2024-09-04 00:00:00,Community Forum,11.0,Android
MM_1614,2024-08-19,2024-09-25 00:00:00,Period Tracker,9.5,iOS
MM_1614,2024-08-19,2024-08-30 00:00:00,Period Tracker,8.6,Android
MM_1614,2024-08-19,2024-10-09 00:00:00,Period Tracker,7.7,iOS
MM_1615,2024-09-30,2024-10-29 00:00:00,Period Tracker,11.4,Android
MM_1615,2024-09-30,2024-09-30 00:00:00,Period Tracker,13.7,iOS
MM_1615,2024-09-30,2024-10-03 00:00:00,Community Forum,8.4,iOS
MM_1615,2024-09-30,2024-11-26 00:00:00,Period Tracker,7.4,Android
MM_1615,2024-09-30,2024-11-13 00:00:00,Health Articles,9.1,iOS
MM_1615,2024-09-30,2024-10-29 00:00:00,Symptom Logger,2.8,Android
MM_1615,2024-09-30,2024-11-20 00:00:00,Symptom Logger,4.0,iOS
MM_1616,2024-10-03,2024-10-05 00:00:00,Period Tracker,13.9,iOS
MM_1616,2024-10-03,2024-11-06 00:00:00,Symptom Logger,7.8,iOS
MM_1616,2024-10-03,2024-10-15 00:00:00,Period Tracker,1.2,Android
MM_1616,2024-10-03,2024-10-06 00:00:00,Period Tracker,6.0,Android
MM_1616,2024-10-03,2024-10-07 00:00:00,Period Tracker,7.9,iOS
MM_1616,2024-10-03,2024-11-27 00:00:00,Period Tracker,11.9,Android
MM_1616,2024-10-03,2024-10-10 00:00:00,Period Tracker,12.9,iOS
MM_1616,2024-10-03,2024-11-28 00:00:00,Period Tracker,14.8,iOS
MM_1616,2024-10-03,2024-10-17 00:00:00,Symptom Logger,1.4,iOS
MM_1616,2024-10-03,2024-11-28 00:00:00,Community Forum,10.6,Android
MM_1616,2024-10-03,2024-11-22 00:00:00,Health Articles,11.1,iOS
MM_1616,2024-10-03,2024-10-30 00:00:00,Community Forum,4.0,iOS
MM_1616,2024-10-03,2024-11-18 00:00:00,Period Tracker,13.3,iOS
MM_1616,2024-10-03,2024-11-21 00:00:00,Community Forum,14.2,Android
MM_1616,2024-10-03,2024-10-19 00:00:00,Community Forum,5.1,iOS
MM_1616,2024-10-03,2024-11-06 00:00:00,Period Tracker,3.7,iOS
MM_1616,2024-10-03,2024-10-20 00:00:00,Period Tracker,15.0,Android
MM_1616,2024-10-03,2024-11-15 00:00:00,Period Tracker,1.9,iOS
MM_1616,2024-10-03,2024-11-04 00:00:00,Health Articles,3.4,Android
MM_1616,2024-10-03,2024-10-20 00:00:00,Community Forum,12.5,Android
MM_1617,2024-10-05,2024-11-11 00:00:00,Community Forum,9.6,iOS
MM_1617,2024-10-05,2024-12-01 00:00:00,Period Tracker,11.1,Android
MM_1617,2024-10-05,2024-10-06 00:00:00,Period Tracker,14.3,iOS
MM_1617,2024-10-05,2024-11-01 00:00:00,Health Articles,,iOS
MM_1617,2024-10-05,2024-11-19 00:00:00,Symptom Logger,14.2,Android
MM_1617,2024-10-05,2024-10-10 00:00:00,Health Articles,10.0,Android
MM_1617,2024-10-05,2024-11-26 00:00:00,Period Tracker,9.7,Android
MM_1617,2024-10-05,2024-10-30 00:00:00,Period Tracker,1.7,iOS
MM_1617,2024-10-05,2024-12-02 00:00:00,Period Tracker,,Android
MM_1617,2024-10-05,2024-10-25 00:00:00,Period Tracker,8.0,iOS
MM_1617,2024-10-05,2024-10-26 00:00:00,Period Tracker,10.0,Android
MM_1617,2024-10-05,2024-10-24 00:00:00,Symptom Logger,4.8,Android
MM_1617,2024-10-05,2024-11-20 00:00:00,Symptom Logger,5.7,Android
MM_1618,2024-08-27,2024-10-26 00:00:00,Period Tracker,11.0,Android
MM_1618,2024-08-27,2024-09-15 00:00:00,Period Tracker,3.4,iOS
MM_1618,2024-08-27,2024-10-20 00:00:00,Period Tracker,2.2,Android
MM_1618,2024-08-27,2024-09-19 00:00:00,Symptom Logger,8.1,iOS
MM_1618,2024-08-27,2024-10-07 00:00:00,Period Tracker,3.6,iOS
MM_1618,2024-08-27,2024-10-17 00:00:00,Period Tracker,1.0,iOS
MM_1618,2024-08-27,2024-08-31 00:00:00,Period Tracker,2.5,iOS
MM_1618,2024-08-27,2024-09-25 00:00:00,Period Tracker,5.7,iOS
MM_1618,2024-08-27,2024-08-30 00:00:00,Symptom Logger,12.2,iOS
MM_1618,2024-08-27,2024-09-23 00:00:00,Period Tracker,2.6,iOS
MM_1618,2024-08-27,2024-09-13 00:00:00,Period Tracker,3.6,Android
MM_1618,2024-08-27,2024-10-22 00:00:00,Symptom Logger,3.1,Android
MM_1618,2024-08-27,2024-09-14 00:00:00,Period Tracker,7.4,iOS
MM_1618,2024-08-27,2024-10-21 00:00:00,Health Articles,8.1,Android
MM_1619,2024-10-05,2024-10-11 00:00:00,Period Tracker,4.5,iOS
MM_1619,2024-10-05,2024-11-23 00:00:00,Period Tracker,2.3,Android
MM_1619,2024-10-05,2024-10-26 00:00:00,Symptom Logger,,iOS
MM_1620,2024-09-15,2024-09-20 00:00:00,Symptom Logger,5.7,Android
MM_1620,2024-09-15,2024-10-02 00:00:00,Health Articles,6.1,Android
MM_1620,2024-09-15,2024-11-01 00:00:00,Health Articles,10.3,Android
MM_1621,2024-09-09,2024-11-03 00:00:00,Community Forum,8.0,iOS
MM_1621,2024-09-09,2024-09-17 00:00:00,Health Articles,13.2,iOS
MM_1621,2024-09-09,2024-10-28 00:00:00,Period Tracker,2.8,iOS
MM_1621,2024-09-09,2024-10-09 00:00:00,Period Tracker,9.7,iOS
MM_1621,2024-09-09,2024-09-10 00:00:00,Period Tracker,10.7,iOS
MM_1621,2024-09-09,2024-11-07 00:00:00,Period Tracker,14.9,iOS
MM_1621,2024-09-09,2024-09-20 00:00:00,Health Articles,4.7,Android
MM_1621,2024-09-09,2024-10-09 00:00:00,Period Tracker,1.9,iOS
MM_1621,2024-09-09,2024-10-02 00:00:00,Period Tracker,9.2,iOS
MM_1621,2024-09-09,2024-10-30 00:00:00,Period Tracker,9.9,Android
MM_1622,2024-09-20,2024-09-20 00:00:00,Period Tracker,9.8,iOS
MM_1622,2024-09-20,2024-10-10 00:00:00,Period Tracker,,iOS
MM_1622,2024-09-20,2024-10-15 00:00:00,Period Tracker,4.6,Android
MM_1622,2024-09-20,2024-09-24 00:00:00,Symptom Logger,6.8,iOS
MM_1622,2024-09-20,2024-11-01 00:00:00,Community Forum,6.8,iOS
MM_1622,2024-09-20,2024-11-12 00:00:00,Period Tracker,1.9,iOS
MM_1622,2024-09-20,2024-10-31 00:00:00,Period Tracker,3.0,Android
MM_1622,2024-09-20,2024-10-16 00:00:00,Symptom Logger,2.7,iOS
MM_1622,2024-09-20,2024-10-01 00:00:00,Symptom Logger,14.9,iOS
MM_1622,2024-09-20,2024-10-13 00:00:00,Symptom Logger,2.5,Android
MM_1622,2024-09-20,2024-11-06 00:00:00,Symptom Logger,5.3,iOS
MM_1622,2024-09-20,2024-10-05 00:00:00,Symptom Logger,13.5,iOS
MM_1622,2024-09-20,2024-10-26 00:00:00,Period Tracker,12.4,iOS
MM_1622,2024-09-20,2024-10-06 00:00:00,Period Tracker,14.3,Android
MM_1622,2024-09-20,2024-09-27 00:00:00,Period Tracker,2.0,Android
MM_1623,2024-09-22,2024-10-17 00:00:00,Symptom Logger,6.6,Android
MM_1623,2024-09-22,2024-10-13 00:00:00,Community Forum,6.0,iOS
MM_1623,2024-09-22,2024-09-27 00:00:00,Community Forum,10.5,Android
MM_1623,2024-09-22,2024-11-09 00:00:00,Period Tracker,,iOS
MM_1623,2024-09-22,2024-11-02 00:00:00,Period Tracker,14.9,Android
MM_1623,2024-09-22,2024-10-25 00:00:00,Health Articles,7.5,iOS
MM_1623,2024-09-22,2024-11-16 00:00:00,Symptom Logger,3.7,Android
MM_1623,2024-09-22,2024-11-17 00:00:00,Health Articles,12.6,Android
MM_1623,2024-09-22,2024-09-26 00:00:00,Period Tracker,1.2,Android
MM_1623,2024-09-22,2024-09-28 00:00:00,Symptom Logger,11.8,Android
MM_1623,2024-09-22,2024-10-28 00:00:00,Period Tracker,8.8,iOS
MM_1623,2024-09-22,2024-11-02 00:00:00,Period Tracker,1.6,iOS
MM_1623,2024-09-22,2024-10-30 00:00:00,Period Tracker,1.1,iOS
MM_1623,2024-09-22,2024-10-25 00:00:00,Period Tracker,2.5,Android
MM_1623,2024-09-22,2024-10-21 00:00:00,Health Articles,7.5,Android
MM_1623,2024-09-22,2024-11-04 00:00:00,Period Tracker,5.2,Android
MM_1623,2024-09-22,2024-11-13 00:00:00,Community Forum,9.3,Android
MM_1623,2024-09-22,2024-11-09 00:00:00,Period Tracker,4.3,Android
MM_1624,2024-10-05,2024-11-25 00:00:00,Period Tracker,8.3,iOS
MM_1624,2024-10-05,2024-11-08 00:00:00,Period Tracker,12.5,Android
MM_1624,2024-10-05,2024-10-24 00:00:00,Community Forum,14.2,Android
MM_1624,2024-10-05,2024-11-22 00:00:00,Period Tracker,10.4,iOS
MM_1624,2024-10-05,2024-11-07 00:00:00,Health Articles,9.6,iOS
MM_1624,2024-10-05,2024-10-29 00:00:00,Period Tracker,6.1,iOS
MM_1624,2024-10-05,2024-11-20 00:00:00,Community Forum,9.0,iOS
MM_1624,2024-10-05,2024-11-06 00:00:00,Period Tracker,8.3,iOS
MM_1624,2024-10-05,2024-11-19 00:00:00,Period Tracker,8.1,Android
MM_1624,2024-10-05,2024-10-11 00:00:00,Period Tracker,5.5,Android
MM_1624,2024-10-05,2024-10-23 00:00:00,Community Forum,14.8,iOS
MM_1624,2024-10-05,2024-11-27 00:00:00,Symptom Logger,5.5,iOS
MM_1624,2024-10-05,2024-10-08 00:00:00,Period Tracker,1.1,iOS
MM_1624,2024-10-05,2024-11-19 00:00:00,Period Tracker,3.1,iOS
MM_1624,2024-10-05,2024-11-27 00:00:00,Community Forum,7.6,iOS
MM_1624,2024-10-05,2024-11-21 00:00:00,Period Tracker,1.8,Android
MM_1625,2024-08-03,2024-08-19 00:00:00,Community Forum,6.4,iOS
MM_1625,2024-08-03,2024-09-08 00:00:00,Period Tracker,6.1,iOS
MM_1625,2024-08-03,2024-09-22 00:00:00,Period Tracker,8.2,Android
MM_1625,2024-08-03,2024-08-10 00:00:00,Community Forum,8.6,Android
MM_1625,2024-08-03,2024-08-28 00:00:00,Health Articles,6.9,Android
MM_1625,2024-08-03,2024-08-31 00:00:00,Period Tracker,8.5,Android
MM_1625,2024-08-03,2024-08-06 00:00:00,Community Forum,10.2,iOS
MM_1625,2024-08-03,2024-09-30 00:00:00,Symptom Logger,7.4,Android
MM_1625,2024-08-03,2024-09-10 00:00:00,Period Tracker,5.8,Android
MM_1625,2024-08-03,2024-09-03 00:00:00,Symptom Logger,12.0,iOS
MM_1625,2024-08-03,2024-09-28 00:00:00,Period Tracker,6.1,iOS
MM_1625,2024-08-03,2024-08-31 00:00:00,Community Forum,4.5,Android
MM_1625,2024-08-03,2024-08-31 00:00:00,Symptom Logger,2.6,Android
MM_1625,2024-08-03,2024-09-01 00:00:00,Period Tracker,13.8,iOS
MM_1626,2024-10-10,2024-12-07 00:00:00,Period Tracker,5.1,Android
MM_1626,2024-10-10,2024-11-24 00:00:00,Period Tracker,8.9,Android
MM_1626,2024-10-10,2024-11-17 00:00:00,Symptom Logger,9.5,iOS
MM_1626,2024-10-10,2024-11-27 00:00:00,Community Forum,6.6,iOS
MM_1626,2024-10-10,2024-10-25 00:00:00,Symptom Logger,15.0,Android
MM_1626,2024-10-10,2024-11-25 00:00:00,Period Tracker,6.6,Android
MM_1626,2024-10-10,2024-11-01 00:00:00,Symptom Logger,10.0,iOS
MM_1626,2024-10-10,2024-11-01 00:00:00,Community Forum,4.3,iOS
MM_1626,2024-10-10,2024-11-14 00:00:00,Health Articles,11.1,iOS
MM_1626,2024-10-10,2024-11-07 00:00:00,Period Tracker,2.9,Android
MM_1626,2024-10-10,2024-10-10 00:00:00,Period Tracker,5.1,Android
MM_1626,2024-10-10,2024-11-27 00:00:00,Community Forum,7.2,Android
MM_1626,2024-10-10,2024-10-29 00:00:00,Community Forum,10.7,Android
MM_1626,2024-10-10,2024-11-21 00:00:00,Period Tracker,7.4,iOS
MM_1626,2024-10-10,2024-12-04 00:00:00,Symptom Logger,11.7,iOS
MM_1626,2024-10-10,2024-11-23 00:00:00,Health Articles,1.3,iOS
MM_1626,2024-10-10,2024-10-27 00:00:00,Community Forum,12.5,Android
MM_1626,2024-10-10,2024-10-12 00:00:00,Period Tracker,1.6,Android
MM_1626,2024-10-10,2024-11-01 00:00:00,Community Forum,,Android
MM_1626,2024-10-10,2024-10-28 00:00:00,Symptom Logger,8.1,iOS
MM_1627,2024-10-22,2024-12-15 00:00:00,Symptom Logger,10.6,iOS
MM_1627,2024-10-22,2024-11-18 00:00:00,Health Articles,13.5,Android
MM_1627,2024-10-22,2024-10-24 00:00:00,Period Tracker,7.8,iOS
MM_1628,2024-08-23,2024-09-04 00:00:00,Period Tracker,11.0,Android
MM_1628,2024-08-23,2024-09-25 00:00:00,Symptom Logger,12.1,iOS
MM_1628,2024-08-23,2024-09-07 00:00:00,Health Articles,4.9,iOS
MM_1628,2024-08-23,2024-10-08 00:00:00,Symptom Logger,11.3,Android
MM_1628,2024-08-23,2024-09-17 00:00:00,Symptom Logger,8.1,Android
MM_1628,2024-08-23,2024-10-16 00:00:00,Symptom Logger,12.8,Android
MM_1628,2024-08-23,2024-10-04 00:00:00,Community Forum,,iOS
MM_1628,2024-08-23,2024-08-25 00:00:00,Symptom Logger,13.4,iOS
MM_1628,2024-08-23,2024-08-23 00:00:00,Community Forum,3.8,iOS
MM_1628,2024-08-23,2024-09-14 00:00:00,Community Forum,14.2,Android
MM_1628,2024-08-23,2024-08-25 00:00:00,Community Forum,6.3,Android
MM_1628,2024-08-23,2024-09-20 00:00:00,Period Tracker,3.9,Android
MM_1628,2024-08-23,2024-09-29 00:00:00,Period Tracker,2.9,Android
MM_1628,2024-08-23,2024-08-29 00:00:00,Community Forum,11.4,Android
MM_1628,2024-08-23,2024-09-29 00:00:00,Period Tracker,9.9,iOS
MM_1628,2024-08-23,2024-09-12 00:00:00,Period Tracker,13.3,Android
MM_1628,2024-08-23,2024-08-30 00:00:00,Period Tracker,7.1,Android
MM_1628,2024-08-23,2024-10-17 00:00:00,Period Tracker,14.8,Android
MM_1628,2024-08-23,2024-09-10 00:00:00,Period Tracker,14.3,Android
MM_1629,2024-09-06,2024-10-27 00:00:00,Period Tracker,9.0,iOS
MM_1629,2024-09-06,2024-09-13 00:00:00,Period Tracker,8.5,iOS
MM_1629,2024-09-06,2024-11-02 00:00:00,Period Tracker,13.3,iOS
MM_1629,2024-09-06,2024-09-25 00:00:00,Period Tracker,7.8,Android
MM_1629,2024-09-06,2024-10-19 00:00:00,Symptom Logger,6.6,iOS
MM_1629,2024-09-06,2024-09-22 00:00:00,Period Tracker,14.7,iOS
MM_1629,2024-09-06,2024-10-04 00:00:00,Health Articles,5.8,iOS
MM_1629,2024-09-06,2024-10-12 00:00:00,Health Articles,4.9,iOS
MM_1629,2024-09-06,2024-09-25 00:00:00,Period Tracker,11.9,iOS
MM_1629,2024-09-06,2024-09-27 00:00:00,Period Tracker,12.6,iOS
MM_1629,2024-09-06,2024-11-02 00:00:00,Health Articles,7.6,Android
MM_1629,2024-09-06,2024-09-19 00:00:00,Period Tracker,9.7,iOS
MM_1629,2024-09-06,2024-09-20 00:00:00,Symptom Logger,2.5,Android
MM_1629,2024-09-06,2024-11-03 00:00:00,Period Tracker,13.3,iOS
MM_1629,2024-09-06,2024-10-28 00:00:00,Health Articles,9.1,iOS
MM_1629,2024-09-06,2024-09-12 00:00:00,Health Articles,7.8,Android
MM_1630,2024-10-26,2024-12-17 00:00:00,Period Tracker,13.7,iOS
MM_1630,2024-10-26,2024-11-10 00:00:00,Period Tracker,14.5,Android
MM_1630,2024-10-26,2024-11-07 00:00:00,Health Articles,,iOS
MM_1630,2024-10-26,2024-11-09 00:00:00,Period Tracker,12.0,Android
MM_1630,2024-10-26,2024-11-18 00:00:00,Period Tracker,1.5,iOS
MM_1630,2024-10-26,2024-10-26 00:00:00,Community Forum,14.5,iOS
MM_1630,2024-10-26,2024-11-05 00:00:00,Period Tracker,12.3,iOS
MM_1630,2024-10-26,2024-10-30 00:00:00,Symptom Logger,13.9,iOS
MM_1630,2024-10-26,2024-12-18 00:00:00,Health Articles,5.7,Android
MM_1630,2024-10-26,2024-11-08 00:00:00,Health Articles,5.7,iOS
MM_1630,2024-10-26,2024-12-04 00:00:00,Community Forum,9.6,iOS
MM_1630,2024-10-26,2024-10-27 00:00:00,Symptom Logger,10.0,iOS
MM_1630,2024-10-26,2024-12-09 00:00:00,Period Tracker,2.1,iOS
MM_1630,2024-10-26,2024-11-06 00:00:00,Period Tracker,3.0,Android
MM_1630,2024-10-26,2024-11-01 00:00:00,Period Tracker,13.7,iOS
MM_1630,2024-10-26,2024-12-25 00:00:00,Period Tracker,7.5,Android
MM_1630,2024-10-26,2024-11-05 00:00:00,Period Tracker,7.8,Android
MM_1631,2024-10-11,2024-10-31 00:00:00,Symptom Logger,13.5,iOS
MM_1631,2024-10-11,2024-11-09 00:00:00,Symptom Logger,7.2,iOS
MM_1631,2024-10-11,2024-10-12 00:00:00,Period Tracker,10.6,Android
MM_1631,2024-10-11,2024-10-18 00:00:00,Health Articles,7.7,Android
MM_1631,2024-10-11,2024-11-27 00:00:00,Period Tracker,5.1,iOS
MM_1632,2024-10-07,2024-11-24 00:00:00,Community Forum,9.3,Android
MM_1632,2024-10-07,2024-10-17 00:00:00,Period Tracker,2.7,iOS
MM_1632,2024-10-07,2024-10-22 00:00:00,Period Tracker,,iOS
MM_1632,2024-10-07,2024-10-14 00:00:00,Period Tracker,14.0,Android
MM_1632,2024-10-07,2024-11-09 00:00:00,Period Tracker,6.0,iOS
MM_1633,2024-09-11,2024-10-23 00:00:00,Health Articles,1.8,iOS
MM_1633,2024-09-11,2024-10-21 00:00:00,Period Tracker,14.1,Android
MM_1633,2024-09-11,2024-10-16 00:00:00,Symptom Logger,13.9,iOS
MM_1633,2024-09-11,2024-10-15 00:00:00,Period Tracker,4.4,iOS
MM_1633,2024-09-11,2024-11-10 00:00:00,Period Tracker,4.6,iOS
MM_1633,2024-09-11,2024-09-29 00:00:00,Symptom Logger,14.8,Android
MM_1633,2024-09-11,2024-09-14 00:00:00,Period Tracker,2.8,iOS
MM_1633,2024-09-11,2024-09-29 00:00:00,Period Tracker,2.8,iOS
MM_1633,2024-09-11,2024-10-09 00:00:00,Period Tracker,9.6,Android
MM_1633,2024-09-11,2024-10-15 00:00:00,Symptom Logger,9.2,iOS
MM_1633,2024-09-11,2024-10-17 00:00:00,Period Tracker,2.0,iOS
MM_1633,2024-09-11,2024-09-19 00:00:00,Period Tracker,8.8,Android
MM_1633,2024-09-11,2024-10-29 00:00:00,Health Articles,9.8,Android
MM_1633,2024-09-11,2024-09-22 00:00:00,Symptom Logger,11.6,Android
MM_1634,2024-10-30,2024-11-06 00:00:00,Period Tracker,1.1,iOS
MM_1634,2024-10-30,2024-12-20 00:00:00,Period Tracker,1.8,Android
MM_1634,2024-10-30,2024-11-17 00:00:00,Symptom Logger,10.9,Android
MM_1634,2024-10-30,2024-11-26 00:00:00,Period Tracker,14.9,Android
MM_1634,2024-10-30,2024-12-16 00:00:00,Period Tracker,2.1,Android
MM_1634,2024-10-30,2024-11-12 00:00:00,Community Forum,8.7,iOS
MM_1634,2024-10-30,2024-11-26 00:00:00,Period Tracker,12.6,Android
MM_1634,2024-10-30,2024-12-08 00:00:00,Symptom Logger,10.8,Android
MM_1634,2024-10-30,2024-11-04 00:00:00,Period Tracker,8.8,iOS
MM_1634,2024-10-30,2024-11-19 00:00:00,Period Tracker,11.9,iOS
MM_1634,2024-10-30,2024-12-21 00:00:00,Period Tracker,4.3,iOS
MM_1634,2024-10-30,2024-11-10 00:00:00,Period Tracker,5.9,Android
MM_1634,2024-10-30,2024-11-16 00:00:00,Period Tracker,12.8,iOS
MM_1634,2024-10-30,2024-11-30 00:00:00,Period Tracker,12.1,iOS
MM_1634,2024-10-30,2024-12-11 00:00:00,Period Tracker,1.2,iOS
MM_1634,2024-10-30,2024-11-20 00:00:00,Symptom Logger,5.0,Android
MM_1634,2024-10-30,2024-12-19 00:00:00,Symptom Logger,8.0,Android
MM_1635,2024-09-20,2024-11-06 00:00:00,Symptom Logger,4.5,iOS
MM_1635,2024-09-20,2024-09-24 00:00:00,Period Tracker,6.6,iOS
MM_1635,2024-09-20,2024-11-02 00:00:00,Health Articles,4.0,iOS
MM_1635,2024-09-20,2024-11-10 00:00:00,Symptom Logger,6.5,Android
MM_1635,2024-09-20,2024-09-20 00:00:00,Period Tracker,11.7,Android
MM_1635,2024-09-20,2024-10-25 00:00:00,Period Tracker,5.0,Android
MM_1635,2024-09-20,2024-10-16 00:00:00,Symptom Logger,8.3,Android
MM_1635,2024-09-20,2024-10-25 00:00:00,Health Articles,11.4,iOS
MM_1635,2024-09-20,2024-10-29 00:00:00,Symptom Logger,2.4,iOS
MM_1635,2024-09-20,2024-11-19 00:00:00,Period Tracker,14.3,Android
MM_1635,2024-09-20,2024-10-20 00:00:00,Health Articles,10.9,Android
MM_1635,2024-09-20,2024-10-08 00:00:00,Community Forum,10.1,iOS
MM_1635,2024-09-20,2024-11-13 00:00:00,Period Tracker,6.5,Android
MM_1635,2024-09-20,2024-10-12 00:00:00,Period Tracker,11.7,Android
MM_1636,2024-09-10,2024-11-04 00:00:00,Period Tracker,1.1,iOS
MM_1636,2024-09-10,2024-10-22 00:00:00,Health Articles,12.0,iOS
MM_1636,2024-09-10,2024-11-09 00:00:00,Period Tracker,3.4,Android
MM_1636,2024-09-10,2024-09-10 00:00:00,Community Forum,12.4,iOS
MM_1636,2024-09-10,2024-10-08 00:00:00,Period Tracker,1.9,iOS
MM_1636,2024-09-10,2024-11-04 00:00:00,Period Tracker,1.3,iOS
MM_1636,2024-09-10,2024-11-02 00:00:00,Period Tracker,3.8,iOS
MM_1637,2024-09-02,2024-09-17 00:00:00,Period Tracker,9.0,Android
MM_1637,2024-09-02,2024-10-11 00:00:00,Symptom Logger,11.8,iOS
MM_1637,2024-09-02,2024-09-28 00:00:00,Period Tracker,5.9,Android
MM_1637,2024-09-02,2024-11-01 00:00:00,Period Tracker,4.3,Android
MM_1637,2024-09-02,2024-10-20 00:00:00,Period Tracker,5.7,iOS
MM_1637,2024-09-02,2024-09-08 00:00:00,Period Tracker,2.9,iOS
MM_1637,2024-09-02,2024-09-26 00:00:00,Community Forum,4.1,Android
MM_1637,2024-09-02,2024-10-10 00:00:00,Period Tracker,9.5,Android
MM_1637,2024-09-02,2024-09-07 00:00:00,Symptom Logger,8.0,Android
MM_1637,2024-09-02,2024-09-07 00:00:00,Period Tracker,2.6,iOS
MM_1637,2024-09-02,2024-10-20 00:00:00,Period Tracker,14.3,Android
MM_1637,2024-09-02,2024-09-02 00:00:00,Health Articles,13.5,iOS
MM_1637,2024-09-02,2024-10-10 00:00:00,Period Tracker,10.9,iOS
MM_1637,2024-09-02,2024-09-24 00:00:00,Period Tracker,9.9,Android
MM_1637,2024-09-02,2024-09-20 00:00:00,Health Articles,11.5,iOS
MM_1637,2024-09-02,2024-10-08 00:00:00,Period Tracker,8.5,Android
MM_1637,2024-09-02,2024-10-02 00:00:00,Period Tracker,3.7,Android
MM_1637,2024-09-02,2024-09-06 00:00:00,Community Forum,14.5,Android
MM_1637,2024-09-02,2024-09-02 00:00:00,Period Tracker,8.1,iOS
MM_1638,2024-10-15,2024-12-09 00:00:00,Period Tracker,4.1,iOS
MM_1638,2024-10-15,2024-11-23 00:00:00,Community Forum,5.9,iOS
MM_1638,2024-10-15,2024-10-20 00:00:00,Health Articles,6.8,iOS
MM_1638,2024-10-15,2024-11-16 00:00:00,Health Articles,5.6,Android
MM_1638,2024-10-15,2024-11-21 00:00:00,Period Tracker,6.5,iOS
MM_1639,2024-09-12,2024-09-19 00:00:00,Community Forum,1.1,iOS
MM_1640,2024-08-14,2024-09-28 00:00:00,Period Tracker,10.9,iOS
MM_1640,2024-08-14,2024-09-15 00:00:00,Period Tracker,6.4,Android
MM_1640,2024-08-14,2024-09-23 00:00:00,Period Tracker,6.8,Android
MM_1640,2024-08-14,2024-08-21 00:00:00,Period Tracker,14.4,iOS
MM_1640,2024-08-14,2024-09-16 00:00:00,Symptom Logger,14.1,iOS
MM_1640,2024-08-14,2024-08-28 00:00:00,Period Tracker,13.7,iOS
MM_1640,2024-08-14,2024-08-23 00:00:00,Symptom Logger,10.0,iOS
MM_1641,2024-09-13,2024-10-09 00:00:00,Period Tracker,12.3,iOS
MM_1641,2024-09-13,2024-11-08 00:00:00,Period Tracker,5.8,Android
MM_1641,2024-09-13,2024-10-30 00:00:00,Health Articles,12.4,iOS
MM_1641,2024-09-13,2024-09-22 00:00:00,Symptom Logger,7.4,iOS
MM_1641,2024-09-13,2024-10-06 00:00:00,Health Articles,3.5,iOS
MM_1641,2024-09-13,2024-09-17 00:00:00,Community Forum,9.5,iOS
MM_1641,2024-09-13,2024-11-10 00:00:00,Period Tracker,14.6,Android
MM_1642,2024-09-24,2024-10-19 00:00:00,Symptom Logger,6.5,Android
MM_1642,2024-09-24,2024-10-12 00:00:00,Health Articles,3.3,Android
MM_1642,2024-09-24,2024-11-16 00:00:00,Community Forum,5.6,iOS
MM_1642,2024-09-24,2024-11-10 00:00:00,Health Articles,12.6,Android
MM_1642,2024-09-24,2024-10-25 00:00:00,Period Tracker,4.0,Android
MM_1642,2024-09-24,2024-10-02 00:00:00,Symptom Logger,14.2,Android
MM_1642,2024-09-24,2024-10-25 00:00:00,Period Tracker,,Android
MM_1642,2024-09-24,2024-10-08 00:00:00,Period Tracker,2.5,iOS
MM_1642,2024-09-24,2024-11-22 00:00:00,Symptom Logger,13.4,iOS
MM_1642,2024-09-24,2024-10-22 00:00:00,Period Tracker,12.0,iOS
MM_1643,2024-10-21,2024-11-28 00:00:00,Symptom Logger,6.7,iOS
MM_1644,2024-08-13,2024-09-21 00:00:00,Community Forum,2.4,iOS
MM_1644,2024-08-13,2024-09-16 00:00:00,Symptom Logger,13.7,iOS
MM_1644,2024-08-13,2024-10-11 00:00:00,Health Articles,12.3,Android
MM_1645,2024-10-07,2024-11-14 00:00:00,Period Tracker,13.1,Android
MM_1645,2024-10-07,2024-11-17 00:00:00,Symptom Logger,13.6,Android
MM_1645,2024-10-07,2024-11-18 00:00:00,Symptom Logger,4.2,Android
MM_1645,2024-10-07,2024-11-18 00:00:00,Period Tracker,11.8,iOS
MM_1645,2024-10-07,2024-11-24 00:00:00,Period Tracker,1.1,Android
MM_1645,2024-10-07,2024-11-01 00:00:00,Community Forum,5.4,Android
MM_1645,2024-10-07,2024-10-30 00:00:00,Health Articles,1.4,iOS
MM_1645,2024-10-07,2024-10-27 00:00:00,Period Tracker,12.7,Android
MM_1645,2024-10-07,2024-10-30 00:00:00,Symptom Logger,10.4,Android
MM_1645,2024-10-07,2024-11-27 00:00:00,Symptom Logger,8.0,iOS
MM_1645,2024-10-07,2024-10-08 00:00:00,Health Articles,5.8,iOS
MM_1645,2024-10-07,2024-11-02 00:00:00,Period Tracker,3.6,iOS
MM_1645,2024-10-07,2024-10-26 00:00:00,Symptom Logger,10.1,Android
MM_1645,2024-10-07,2024-10-22 00:00:00,Period Tracker,7.2,iOS
MM_1645,2024-10-07,2024-11-10 00:00:00,Period Tracker,4.5,iOS
MM_1645,2024-10-07,2024-12-02 00:00:00,Period Tracker,11.6,Android
MM_1645,2024-10-07,2024-11-22 00:00:00,Period Tracker,6.7,Android
MM_1645,2024-10-07,2024-11-16 00:00:00,Community Forum,4.3,Android
MM_1645,2024-10-07,2024-10-12 00:00:00,Community Forum,,iOS
MM_1645,2024-10-07,2024-11-19 00:00:00,Period Tracker,6.7,iOS
MM_1646,2024-09-30,2024-10-28 00:00:00,Community Forum,12.3,Android
MM_1646,2024-09-30,2024-11-08 00:00:00,Community Forum,5.3,Android
MM_1646,2024-09-30,2024-11-29 00:00:00,Symptom Logger,6.3,iOS
MM_1646,2024-09-30,2024-10-07 00:00:00,Period Tracker,12.4,Android
MM_1646,2024-09-30,2024-11-28 00:00:00,Period Tracker,3.5,iOS
MM_1646,2024-09-30,2024-11-11 00:00:00,Symptom Logger,10.4,Android
MM_1646,2024-09-30,2024-10-06 00:00:00,Period Tracker,6.0,iOS
MM_1646,2024-09-30,2024-11-16 00:00:00,Period Tracker,,Android
MM_1646,2024-09-30,2024-11-04 00:00:00,Symptom Logger,7.5,Android
MM_1646,2024-09-30,2024-11-28 00:00:00,Period Tracker,4.9,iOS
MM_1646,2024-09-30,2024-10-06 00:00:00,Symptom Logger,11.4,Android
MM_1646,2024-09-30,2024-10-22 00:00:00,Health Articles,8.9,iOS
MM_1646,2024-09-30,2024-10-13 00:00:00,Period Tracker,3.1,iOS
MM_1646,2024-09-30,2024-10-19 00:00:00,Period Tracker,14.0,iOS
MM_1646,2024-09-30,2024-10-21 00:00:00,Community Forum,13.7,iOS
MM_1646,2024-09-30,2024-11-21 00:00:00,Health Articles,1.3,iOS
MM_1646,2024-09-30,2024-10-05 00:00:00,Symptom Logger,5.8,Android
MM_1646,2024-09-30,2024-10-25 00:00:00,Symptom Logger,,iOS
MM_1646,2024-09-30,2024-09-30 00:00:00,Period Tracker,1.5,Android
MM_1647,2024-10-22,2024-12-20 00:00:00,Period Tracker,14.5,iOS
MM_1647,2024-10-22,2024-12-21 00:00:00,Period Tracker,6.0,Android
MM_1647,2024-10-22,2024-11-26 00:00:00,Period Tracker,14.8,Android
MM_1647,2024-10-22,2024-12-18 00:00:00,Symptom Logger,13.4,iOS
MM_1647,2024-10-22,2024-10-24 00:00:00,Period Tracker,8.0,Android
MM_1647,2024-10-22,2024-12-02 00:00:00,Community Forum,10.5,Android
MM_1647,2024-10-22,2024-11-05 00:00:00,Symptom Logger,13.9,iOS
MM_1648,2024-08-31,2024-10-12 00:00:00,Period Tracker,4.5,Android
MM_1648,2024-08-31,2024-09-04 00:00:00,Period Tracker,3.3,Android
MM_1648,2024-08-31,2024-10-15 00:00:00,Period Tracker,7.0,iOS
MM_1648,2024-08-31,2024-10-22 00:00:00,Health Articles,3.2,iOS
MM_1648,2024-08-31,2024-10-14 00:00:00,Period Tracker,425.0,iOS
MM_1648,2024-08-31,2024-10-25 00:00:00,Period Tracker,4.0,iOS
MM_1648,2024-08-31,2024-10-27 00:00:00,Period Tracker,13.1,Android
MM_1648,2024-08-31,2024-10-03 00:00:00,Period Tracker,4.6,iOS
MM_1648,2024-08-31,2024-10-26 00:00:00,Symptom Logger,13.5,iOS
MM_1648,2024-08-31,2024-09-16 00:00:00,Period Tracker,3.4,Android
MM_1648,2024-08-31,2024-10-12 00:00:00,Period Tracker,1.8,Android
MM_1648,2024-08-31,2024-08-31 00:00:00,Period Tracker,5.6,Android
MM_1648,2024-08-31,2024-10-15 00:00:00,Symptom Logger,4.2,Android
MM_1648,2024-08-31,2024-10-13 00:00:00,Community Forum,9.6,iOS
MM_1649,2024-08-10,2024-09-10 00:00:00,Period Tracker,14.7,Android
MM_1649,2024-08-10,2024-08-27 00:00:00,Community Forum,13.1,Android
MM_1650,2024-09-18,2024-10-01 00:00:00,Community Forum,5.0,Android
MM_1651,2024-09-05,2024-09-29 00:00:00,Period Tracker,14.4,iOS
MM_1651,2024-09-05,2024-09-21 00:00:00,Period Tracker,10.3,iOS
MM_1651,2024-09-05,2024-10-27 00:00:00,Community Forum,7.8,iOS
MM_1651,2024-09-05,2024-09-21 00:00:00,Community Forum,11.7,Android
MM_1651,2024-09-05,2024-10-01 00:00:00,Period Tracker,11.5,Android
MM_1651,2024-09-05,2024-10-19 00:00:00,Period Tracker,8.6,Android
MM_1651,2024-09-05,2024-09-24 00:00:00,Symptom Logger,12.6,iOS
MM_1651,2024-09-05,2024-10-18 00:00:00,Period Tracker,14.7,Android
MM_1651,2024-09-05,2024-10-12 00:00:00,Symptom Logger,5.8,iOS
MM_1651,2024-09-05,2024-10-22 00:00:00,Period Tracker,2.7,Android
MM_1651,2024-09-05,2024-09-15 00:00:00,Symptom Logger,13.8,iOS
MM_1651,2024-09-05,2024-11-04 00:00:00,Health Articles,1.4,Android
MM_1651,2024-09-05,2024-10-09 00:00:00,Health Articles,14.0,Android
MM_1651,2024-09-05,2024-10-16 00:00:00,Health Articles,13.5,Android
MM_1651,2024-09-05,2024-09-22 00:00:00,Period Tracker,7.4,iOS
MM_1651,2024-09-05,2024-10-08 00:00:00,Period Tracker,3.6,iOS
MM_1652,2024-08-15,2024-09-15 00:00:00,Period Tracker,6.8,iOS
MM_1653,2024-10-07,2024-11-26 00:00:00,Symptom Logger,4.6,iOS
MM_1653,2024-10-07,2024-10-09 00:00:00,Period Tracker,7.4,iOS
MM_1653,2024-10-07,2024-10-11 00:00:00,Community Forum,3.6,iOS
MM_1653,2024-10-07,2024-11-07 00:00:00,Period Tracker,3.0,Android
MM_1653,2024-10-07,2024-11-10 00:00:00,Period Tracker,8.7,Android
MM_1654,2024-10-06,2024-10-13 00:00:00,Community Forum,5.8,iOS
MM_1654,2024-10-06,2024-10-06 00:00:00,Health Articles,1.5,iOS
MM_1655,2024-10-15,2024-12-08 00:00:00,Period Tracker,4.2,Android
MM_1655,2024-10-15,2024-11-21 00:00:00,Community Forum,6.7,Android
MM_1656,2024-09-21,2024-11-18 00:00:00,Period Tracker,13.6,iOS
MM_1656,2024-09-21,2024-11-19 00:00:00,Symptom Logger,2.6,iOS
MM_1656,2024-09-21,2024-10-14 00:00:00,Period Tracker,10.7,Android
MM_1656,2024-09-21,2024-11-07 00:00:00,Period Tracker,13.1,Android
MM_1656,2024-09-21,2024-10-24 00:00:00,Period Tracker,7.8,iOS
MM_1656,2024-09-21,2024-10-17 00:00:00,Period Tracker,12.2,Android
MM_1656,2024-09-21,2024-09-30 00:00:00,Symptom Logger,,iOS
MM_1656,2024-09-21,2024-10-20 00:00:00,Symptom Logger,7.0,iOS
MM_1656,2024-09-21,2024-10-28 00:00:00,Symptom Logger,4.4,Android
MM_1656,2024-09-21,2024-10-18 00:00:00,Period Tracker,7.9,iOS
MM_1657,2024-08-31,2024-10-04 00:00:00,Period Tracker,2.7,Android
MM_1657,2024-08-31,2024-09-13 00:00:00,Community Forum,9.6,iOS
MM_1657,2024-08-31,2024-10-28 00:00:00,Health Articles,12.7,Android
MM_1657,2024-08-31,2024-10-10 00:00:00,Community Forum,7.2,Android
MM_1657,2024-08-31,2024-10-04 00:00:00,Period Tracker,2.6,iOS
MM_1657,2024-08-31,2024-10-12 00:00:00,Community Forum,14.1,iOS
MM_1657,2024-08-31,2024-09-30 00:00:00,Symptom Logger,11.5,iOS
MM_1657,2024-08-31,2024-10-09 00:00:00,Health Articles,12.1,iOS
MM_1657,2024-08-31,2024-09-12 00:00:00,Period Tracker,7.2,Android
MM_1657,2024-08-31,2024-09-04 00:00:00,Period Tracker,6.1,Android
MM_1657,2024-08-31,2024-09-12 00:00:00,Period Tracker,14.7,Android
MM_1657,2024-08-31,2024-09-05 00:00:00,Period Tracker,1.1,Android
MM_1657,2024-08-31,2024-09-09 00:00:00,Period Tracker,9.6,iOS
MM_1657,2024-08-31,2024-09-06 00:00:00,Period Tracker,10.4,iOS
MM_1658,2024-08-02,2024-09-09 00:00:00,Community Forum,6.6,iOS
MM_1658,2024-08-02,2024-09-17 00:00:00,Period Tracker,12.6,Android
MM_1658,2024-08-02,2024-08-15 00:00:00,Period Tracker,5.4,Android
MM_1658,2024-08-02,2024-09-29 00:00:00,Symptom Logger,9.4,Android
MM_1658,2024-08-02,2024-09-03 00:00:00,Health Articles,8.2,Android
MM_1658,2024-08-02,2024-09-22 00:00:00,Period Tracker,3.5,iOS
MM_1658,2024-08-02,2024-09-19 00:00:00,Symptom Logger,10.5,Android
MM_1658,2024-08-02,2024-09-21 00:00:00,Health Articles,4.6,Android
MM_1658,2024-08-02,2024-09-20 00:00:00,Health Articles,9.5,Android
MM_1658,2024-08-02,2024-09-02 00:00:00,Period Tracker,4.6,Android
MM_1658,2024-08-02,2024-08-19 00:00:00,Community Forum,10.0,iOS
MM_1658,2024-08-02,2024-09-13 00:00:00,Period Tracker,14.5,iOS
MM_1659,2024-10-02,2024-11-19 00:00:00,Period Tracker,4.5,iOS
MM_1660,2024-10-20,2024-12-03 00:00:00,Health Articles,13.5,iOS
MM_1661,2024-09-26,2024-11-07 00:00:00,Period Tracker,4.9,Android
MM_1661,2024-09-26,2024-09-27 00:00:00,Period Tracker,3.8,iOS
MM_1661,2024-09-26,2024-10-04 00:00:00,Symptom Logger,9.4,Android
MM_1661,2024-09-26,2024-09-30 00:00:00,Period Tracker,6.5,Android
MM_1661,2024-09-26,2024-11-22 00:00:00,Health Articles,12.4,Android
MM_1661,2024-09-26,2024-10-12 00:00:00,Period Tracker,10.3,iOS
MM_1661,2024-09-26,2024-09-26 00:00:00,Period Tracker,11.9,Android
MM_1661,2024-09-26,2024-10-01 00:00:00,Period Tracker,14.6,Android
MM_1661,2024-09-26,2024-10-21 00:00:00,Health Articles,13.3,iOS
MM_1661,2024-09-26,2024-10-24 00:00:00,Health Articles,9.2,Android
MM_1661,2024-09-26,2024-10-08 00:00:00,Community Forum,8.9,Android
MM_1661,2024-09-26,2024-10-31 00:00:00,Period Tracker,1.1,Android
MM_1661,2024-09-26,2024-10-15 00:00:00,Period Tracker,13.8,Android
MM_1662,2024-08-08,2024-08-19 00:00:00,Health Articles,10.8,iOS
MM_1662,2024-08-08,2024-09-16 00:00:00,Period Tracker,6.9,iOS
MM_1663,2024-08-16,2024-09-23 00:00:00,Health Articles,3.0,Android
MM_1663,2024-08-16,2024-08-17 00:00:00,Period Tracker,12.8,Android
MM_1663,2024-08-16,2024-09-20 00:00:00,Period Tracker,10.0,Android
MM_1664,2024-09-28,2024-11-02 00:00:00,Symptom Logger,10.7,Android
MM_1664,2024-09-28,2024-10-18 00:00:00,Period Tracker,5.6,iOS
MM_1664,2024-09-28,2024-11-05 00:00:00,Period Tracker,9.1,Android
MM_1665,2024-10-16,2024-11-08 00:00:00,Period Tracker,12.4,iOS
MM_1665,2024-10-16,2024-12-12 00:00:00,Symptom Logger,12.6,iOS
MM_1665,2024-10-16,2024-11-16 00:00:00,Period Tracker,6.4,Android
MM_1665,2024-10-16,2024-12-01 00:00:00,Symptom Logger,9.0,Android
MM_1665,2024-10-16,2024-11-03 00:00:00,Period Tracker,2.6,Android
MM_1665,2024-10-16,2024-11-27 00:00:00,Period Tracker,,iOS
MM_1665,2024-10-16,2024-11-14 00:00:00,Health Articles,6.8,Android
MM_1665,2024-10-16,2024-12-02 00:00:00,Symptom Logger,13.8,iOS
MM_1665,2024-10-16,2024-11-09 00:00:00,Symptom Logger,11.3,Android
MM_1666,2024-09-18,2024-10-30 00:00:00,Period Tracker,9.6,iOS
MM_1666,2024-09-18,2024-11-13 00:00:00,Symptom Logger,3.7,Android
MM_1666,2024-09-18,2024-10-24 00:00:00,Period Tracker,11.8,iOS
MM_1666,2024-09-18,2024-10-29 00:00:00,Community Forum,4.6,iOS
MM_1666,2024-09-18,2024-10-22 00:00:00,Community Forum,10.1,iOS
MM_1666,2024-09-18,2024-09-28 00:00:00,Symptom Logger,13.4,iOS
MM_1666,2024-09-18,2024-10-08 00:00:00,Period Tracker,9.7,Android
MM_1666,2024-09-18,2024-09-18 00:00:00,Period Tracker,5.1,Android
MM_1666,2024-09-18,2024-10-18 00:00:00,Period Tracker,5.8,Android
MM_1666,2024-09-18,2024-11-17 00:00:00,Period Tracker,8.3,Android
MM_1667,2024-10-19,2024-11-30 00:00:00,Health Articles,14.7,iOS
MM_1668,2024-08-01,2024-09-17 00:00:00,Community Forum,10.2,Android
MM_1668,2024-08-01,2024-08-06 00:00:00,Symptom Logger,13.9,Android
MM_1668,2024-08-01,2024-08-29 00:00:00,Period Tracker,14.1,iOS
MM_1668,2024-08-01,2024-08-12 00:00:00,Period Tracker,5.2,Android
MM_1668,2024-08-01,2024-09-04 00:00:00,Community Forum,6.0,Android
MM_1668,2024-08-01,2024-08-19 00:00:00,Period Tracker,2.5,Android
MM_1668,2024-08-01,2024-08-28 00:00:00,Symptom Logger,12.6,iOS
MM_1668,2024-08-01,2024-09-04 00:00:00,Period Tracker,4.0,iOS
MM_1669,2024-09-10,2024-09-22 00:00:00,Symptom Logger,12.0,Android
MM_1669,2024-09-10,2024-09-28 00:00:00,Community Forum,2.4,iOS
MM_1669,2024-09-10,2024-10-20 00:00:00,Period Tracker,4.9,Android
MM_1669,2024-09-10,2024-09-18 00:00:00,Community Forum,3.3,iOS
MM_1669,2024-09-10,2024-10-05 00:00:00,Period Tracker,13.7,iOS
MM_1669,2024-09-10,2024-10-04 00:00:00,Community Forum,8.5,iOS
MM_1669,2024-09-10,2024-10-08 00:00:00,Period Tracker,11.5,iOS
MM_1669,2024-09-10,2024-09-11 00:00:00,Health Articles,4.2,iOS
MM_1669,2024-09-10,2024-11-07 00:00:00,Symptom Logger,9.1,Android
MM_1669,2024-09-10,2024-10-03 00:00:00,Period Tracker,5.5,iOS
MM_1670,2024-09-10,2024-09-18 00:00:00,Period Tracker,13.0,Android
MM_1670,2024-09-10,2024-09-17 00:00:00,Period Tracker,13.2,iOS
MM_1670,2024-09-10,2024-09-14 00:00:00,Health Articles,6.5,iOS
MM_1671,2024-10-24,2024-11-10 00:00:00,Health Articles,3.6,iOS
MM_1672,2024-09-13,2024-10-24 00:00:00,Period Tracker,1.8,Android
MM_1673,2024-09-08,2024-09-16 00:00:00,Period Tracker,13.2,iOS
MM_1673,2024-09-08,2024-09-17 00:00:00,Period Tracker,12.8,Android
MM_1673,2024-09-08,2024-10-16 00:00:00,Period Tracker,5.7,Android
MM_1673,2024-09-08,2024-09-23 00:00:00,Period Tracker,,iOS
MM_1673,2024-09-08,2024-10-10 00:00:00,Period Tracker,2.4,iOS
MM_1673,2024-09-08,2024-10-05 00:00:00,Symptom Logger,6.3,Android
MM_1673,2024-09-08,2024-10-23 00:00:00,Period Tracker,11.2,Android
MM_1673,2024-09-08,2024-10-25 00:00:00,Period Tracker,8.8,iOS
MM_1673,2024-09-08,2024-10-23 00:00:00,Period Tracker,10.0,Android
MM_1673,2024-09-08,2024-10-24 00:00:00,Period Tracker,12.6,iOS
MM_1673,2024-09-08,2024-09-10 00:00:00,Period Tracker,6.0,iOS
MM_1673,2024-09-08,2024-10-06 00:00:00,Period Tracker,8.7,iOS
MM_1673,2024-09-08,2024-09-17 00:00:00,Period Tracker,9.7,Android
MM_1673,2024-09-08,2024-09-09 00:00:00,Period Tracker,14.3,Android
MM_1673,2024-09-08,2024-10-06 00:00:00,Community Forum,5.7,iOS
MM_1673,2024-09-08,2024-09-25 00:00:00,Period Tracker,14.7,Android
MM_1673,2024-09-08,2024-09-08 00:00:00,Health Articles,2.6,iOS
MM_1673,2024-09-08,2024-09-09 00:00:00,Period Tracker,6.0,Android
MM_1673,2024-09-08,2024-09-24 00:00:00,Period Tracker,6.3,iOS
MM_1674,2024-09-09,2024-11-08 00:00:00,Symptom Logger,7.9,Android
MM_1674,2024-09-09,2024-09-25 00:00:00,Period Tracker,14.0,iOS
MM_1674,2024-09-09,2024-09-13 00:00:00,Period Tracker,10.6,Android
MM_1674,2024-09-09,2024-10-07 00:00:00,Period Tracker,11.4,Android
MM_1674,2024-09-09,2024-09-24 00:00:00,Period Tracker,14.0,Android
MM_1674,2024-09-09,2024-10-31 00:00:00,Symptom Logger,2.4,iOS
MM_1674,2024-09-09,2024-10-04 00:00:00,Period Tracker,5.2,Android
MM_1674,2024-09-09,2024-09-16 00:00:00,Period Tracker,8.4,iOS
MM_1674,2024-09-09,2024-10-11 00:00:00,Period Tracker,4.3,iOS
MM_1674,2024-09-09,2024-09-24 00:00:00,Period Tracker,5.4,iOS
MM_1675,2024-08-06,2024-09-30 00:00:00,Period Tracker,14.8,Android
MM_1675,2024-08-06,2024-09-22 00:00:00,Community Forum,12.0,iOS
MM_1675,2024-08-06,2024-09-12 00:00:00,Symptom Logger,5.2,iOS
MM_1676,2024-10-16,2024-11-14 00:00:00,Period Tracker,2.3,Android
MM_1676,2024-10-16,2024-10-22 00:00:00,Period Tracker,5.4,iOS
MM_1676,2024-10-16,2024-12-12 00:00:00,Symptom Logger,3.1,Android
MM_1676,2024-10-16,2024-11-15 00:00:00,Period Tracker,11.5,Android
MM_1676,2024-10-16,2024-12-04 00:00:00,Period Tracker,8.7,Android
MM_1676,2024-10-16,2024-11-02 00:00:00,Period Tracker,5.5,Android
MM_1676,2024-10-16,2024-10-27 00:00:00,Community Forum,11.7,iOS
MM_1676,2024-10-16,2024-12-10 00:00:00,Community Forum,9.6,Android
MM_1676,2024-10-16,2024-12-08 00:00:00,Community Forum,13.4,Android
MM_1676,2024-10-16,2024-11-18 00:00:00,Period Tracker,12.5,iOS
MM_1677,2024-09-09,2024-09-16 00:00:00,Community Forum,7.1,iOS
MM_1677,2024-09-09,2024-09-25 00:00:00,Period Tracker,9.6,Android
MM_1677,2024-09-09,2024-09-22 00:00:00,Symptom Logger,12.9,iOS
MM_1677,2024-09-09,2024-10-26 00:00:00,Symptom Logger,10.8,Android
MM_1677,2024-09-09,2024-10-29 00:00:00,Community Forum,1.1,Android
MM_1678,2024-10-21,2024-12-15 00:00:00,Period Tracker,2.0,iOS
MM_1678,2024-10-21,2024-11-28 00:00:00,Symptom Logger,5.7,Android
MM_1678,2024-10-21,2024-12-10 00:00:00,Symptom Logger,3.5,iOS
MM_1678,2024-10-21,2024-12-04 00:00:00,Period Tracker,10.0,Android
MM_1678,2024-10-21,2024-11-22 00:00:00,Period Tracker,11.0,iOS
MM_1678,2024-10-21,2024-12-15 00:00:00,Period Tracker,13.2,Android
MM_1678,2024-10-21,2024-11-04 00:00:00,Period Tracker,7.2,iOS
MM_1678,2024-10-21,2024-12-10 00:00:00,Symptom Logger,11.1,iOS
MM_1678,2024-10-21,2024-12-11 00:00:00,Period Tracker,6.2,Android
MM_1678,2024-10-21,2024-12-13 00:00:00,Community Forum,9.2,iOS
MM_1678,2024-10-21,2024-11-07 00:00:00,Period Tracker,6.3,iOS
MM_1678,2024-10-21,2024-11-24 00:00:00,Period Tracker,12.7,iOS
MM_1678,2024-10-21,2024-11-09 00:00:00,Community Forum,10.0,iOS
MM_1678,2024-10-21,2024-10-31 00:00:00,Symptom Logger,6.7,Android
MM_1678,2024-10-21,2024-11-13 00:00:00,Period Tracker,4.2,iOS
MM_1678,2024-10-21,2024-11-14 00:00:00,Period Tracker,9.3,iOS
MM_1679,2024-09-01,2024-09-16 00:00:00,Community Forum,3.3,iOS
MM_1679,2024-09-01,2024-10-08 00:00:00,Period Tracker,3.9,Android
MM_1679,2024-09-01,2024-10-04 00:00:00,Health Articles,1.8,Android
MM_1679,2024-09-01,2024-10-27 00:00:00,Period Tracker,4.4,iOS
MM_1679,2024-09-01,2024-10-08 00:00:00,Period Tracker,12.6,iOS
MM_1680,2024-09-01,2024-09-02 00:00:00,Period Tracker,5.8,iOS
MM_1680,2024-09-01,2024-09-09 00:00:00,Period Tracker,4.2,iOS
MM_1680,2024-09-01,2024-10-11 00:00:00,Period Tracker,13.3,Android
MM_1680,2024-09-01,2024-10-05 00:00:00,Period Tracker,3.1,iOS
MM_1680,2024-09-01,2024-10-29 00:00:00,Health Articles,7.6,iOS
MM_1680,2024-09-01,2024-09-25 00:00:00,Period Tracker,12.3,Android
MM_1681,2024-10-04,2024-10-06 00:00:00,Period Tracker,11.1,iOS
MM_1682,2024-10-23,2024-11-04 00:00:00,Period Tracker,8.8,Android
MM_1682,2024-10-23,2024-12-22 00:00:00,Community Forum,8.6,Android
MM_1682,2024-10-23,2024-10-24 00:00:00,Period Tracker,1.6,Android
MM_1683,2024-08-06,2024-08-19 00:00:00,Symptom Logger,12.8,iOS
MM_1683,2024-08-06,2024-09-07 00:00:00,Period Tracker,2.6,Android
MM_1684,2024-09-14,2024-10-21 00:00:00,Period Tracker,11.6,iOS
MM_1685,2024-09-12,2024-09-12 00:00:00,Period Tracker,6.9,iOS
MM_1685,2024-09-12,2024-10-08 00:00:00,Period Tracker,3.7,Android
MM_1685,2024-09-12,2024-10-10 00:00:00,Period Tracker,9.4,iOS
MM_1685,2024-09-12,2024-09-21 00:00:00,Symptom Logger,8.3,Android
MM_1685,2024-09-12,2024-10-16 00:00:00,Health Articles,,iOS
MM_1685,2024-09-12,2024-11-03 00:00:00,Period Tracker,10.5,iOS
MM_1686,2024-09-10,2024-10-13 00:00:00,Period Tracker,6.0,Android
MM_1686,2024-09-10,2024-10-13 00:00:00,Period Tracker,12.9,Android
MM_1686,2024-09-10,2024-09-28 00:00:00,Community Forum,4.4,iOS
MM_1687,2024-09-01,2024-09-04 00:00:00,Period Tracker,5.9,Android
MM_1687,2024-09-01,2024-09-15 00:00:00,Period Tracker,10.4,Android
MM_1687,2024-09-01,2024-09-25 00:00:00,Period Tracker,2.2,iOS
MM_1687,2024-09-01,2024-10-06 00:00:00,Period Tracker,8.2,iOS
MM_1687,2024-09-01,2024-09-26 00:00:00,Period Tracker,6.1,iOS
MM_1687,2024-09-01,2024-09-02 00:00:00,Symptom Logger,5.5,Android
MM_1687,2024-09-01,2024-10-15 00:00:00,Period Tracker,8.6,Android
MM_1687,2024-09-01,2024-09-14 00:00:00,Community Forum,7.4,Android
MM_1687,2024-09-01,2024-10-13 00:00:00,Period Tracker,4.7,Android
MM_1687,2024-09-01,2024-09-08 00:00:00,Period Tracker,11.8,iOS
MM_1687,2024-09-01,2024-09-21 00:00:00,Health Articles,14.5,Android
MM_1687,2024-09-01,2024-09-19 00:00:00,Period Tracker,7.2,Android
MM_1687,2024-09-01,2024-09-10 00:00:00,Period Tracker,14.0,iOS
MM_1687,2024-09-01,2024-09-07 00:00:00,Symptom Logger,1.8,Android
MM_1687,2024-09-01,2024-10-24 00:00:00,Health Articles,2.3,Android
MM_1687,2024-09-01,2024-09-27 00:00:00,Period Tracker,4.3,iOS
MM_1687,2024-09-01,2024-09-07 00:00:00,Period Tracker,12.3,Android
MM_1687,2024-09-01,2024-09-09 00:00:00,Symptom Logger,10.4,Android
MM_1687,2024-09-01,2024-10-08 00:00:00,Health Articles,3.9,iOS
MM_1688,2024-10-13,2024-10-16 00:00:00,Symptom Logger,14.3,iOS
MM_1688,2024-10-13,2024-11-14 00:00:00,Period Tracker,1.1,Android
MM_1688,2024-10-13,2024-12-01 00:00:00,Health Articles,13.9,Android
MM_1688,2024-10-13,2024-10-16 00:00:00,Symptom Logger,7.9,iOS
MM_1688,2024-10-13,2024-12-07 00:00:00,Health Articles,6.3,Android
MM_1688,2024-10-13,2024-12-12 00:00:00,Period Tracker,2.2,Android
MM_1688,2024-10-13,2024-12-12 00:00:00,Health Articles,4.5,Android
MM_1688,2024-10-13,2024-11-10 00:00:00,Period Tracker,5.6,iOS
MM_1688,2024-10-13,2024-10-23 00:00:00,Community Forum,5.8,iOS
MM_1688,2024-10-13,2024-10-15 00:00:00,Period Tracker,11.3,iOS
MM_1688,2024-10-13,2024-10-20 00:00:00,Period Tracker,7.5,iOS
MM_1688,2024-10-13,2024-10-18 00:00:00,Community Forum,11.4,Android
MM_1688,2024-10-13,2024-10-13 00:00:00,Symptom Logger,3.2,iOS
MM_1688,2024-10-13,2024-10-19 00:00:00,Period Tracker,4.7,Android
MM_1688,2024-10-13,2024-10-31 00:00:00,Symptom Logger,13.3,Android
MM_1688,2024-10-13,2024-11-20 00:00:00,Community Forum,3.6,Android
MM_1688,2024-10-13,2024-10-16 00:00:00,Period Tracker,14.2,Android
MM_1689,2024-08-31,2024-10-28 00:00:00,Symptom Logger,13.1,iOS
MM_1689,2024-08-31,2024-09-10 00:00:00,Symptom Logger,10.1,iOS
MM_1689,2024-08-31,2024-09-30 00:00:00,Period Tracker,11.6,Android
MM_1690,2024-10-09,2024-12-07 00:00:00,Symptom Logger,5.5,Android
MM_1690,2024-10-09,2024-10-15 00:00:00,Health Articles,6.1,iOS
MM_1690,2024-10-09,2024-11-23 00:00:00,Period Tracker,14.8,Android
MM_1690,2024-10-09,2024-11-19 00:00:00,Period Tracker,2.4,Android
MM_1690,2024-10-09,2024-12-06 00:00:00,Symptom Logger,11.5,iOS
MM_1690,2024-10-09,2024-10-11 00:00:00,Period Tracker,1.0,Android
MM_1690,2024-10-09,2024-11-20 00:00:00,Period Tracker,12.6,iOS
MM_1690,2024-10-09,2024-10-24 00:00:00,Health Articles,13.9,iOS
MM_1690,2024-10-09,2024-10-11 00:00:00,Health Articles,14.4,Android
MM_1690,2024-10-09,2024-10-30 00:00:00,Health Articles,2.7,Android
MM_1690,2024-10-09,2024-11-04 00:00:00,Period Tracker,1.0,Android
MM_1690,2024-10-09,2024-11-24 00:00:00,Period Tracker,4.6,iOS
MM_1690,2024-10-09,2024-11-28 00:00:00,Period Tracker,2.6,iOS
MM_1690,2024-10-09,2024-11-07 00:00:00,Community Forum,1.7,Android
MM_1690,2024-10-09,2024-10-22 00:00:00,Community Forum,5.9,iOS
MM_1691,2024-10-26,2024-10-27 00:00:00,Period Tracker,8.6,iOS
MM_1691,2024-10-26,2024-11-23 00:00:00,Period Tracker,6.0,iOS
MM_1691,2024-10-26,2024-11-26 00:00:00,Period Tracker,6.6,Android
MM_1691,2024-10-26,2024-12-20 00:00:00,Period Tracker,,Android
MM_1691,2024-10-26,2024-11-20 00:00:00,Symptom Logger,4.8,iOS
MM_1692,2024-10-14,2024-12-01 00:00:00,Period Tracker,9.7,Android
MM_1692,2024-10-14,2024-11-07 00:00:00,Community Forum,10.0,Android
MM_1692,2024-10-14,2024-12-02 00:00:00,Symptom Logger,7.0,Android
MM_1693,2024-08-19,2024-09-02 00:00:00,Period Tracker,9.4,Android
MM_1693,2024-08-19,2024-10-12 00:00:00,Period Tracker,7.6,Android
MM_1693,2024-08-19,2024-08-22 00:00:00,Period Tracker,11.1,Android
MM_1693,2024-08-19,2024-08-31 00:00:00,Symptom Logger,5.6,iOS
MM_1693,2024-08-19,2024-09-10 00:00:00,Symptom Logger,1.5,iOS
MM_1693,2024-08-19,2024-09-03 00:00:00,Health Articles,12.3,iOS
MM_1693,2024-08-19,2024-08-21 00:00:00,Period Tracker,2.8,Android
MM_1693,2024-08-19,2024-10-04 00:00:00,Community Forum,5.3,iOS
MM_1693,2024-08-19,2024-09-20 00:00:00,Symptom Logger,,iOS
MM_1693,2024-08-19,2024-09-05 00:00:00,Period Tracker,1.2,iOS
MM_1693,2024-08-19,2024-10-07 00:00:00,Symptom Logger,10.1,iOS
MM_1694,2024-08-14,2024-10-10 00:00:00,Symptom Logger,13.0,Android
MM_1694,2024-08-14,2024-09-09 00:00:00,Community Forum,5.6,Android
MM_1694,2024-08-14,2024-09-02 00:00:00,Community Forum,9.6,iOS
MM_1694,2024-08-14,2024-10-08 00:00:00,Period Tracker,7.1,iOS
MM_1694,2024-08-14,2024-09-28 00:00:00,Period Tracker,7.4,Android
MM_1694,2024-08-14,2024-08-29 00:00:00,Period Tracker,12.4,Android
MM_1694,2024-08-14,2024-09-14 00:00:00,Symptom Logger,11.3,Android
MM_1694,2024-08-14,2024-08-23 00:00:00,Period Tracker,2.8,Android
MM_1694,2024-08-14,2024-09-20 00:00:00,Period Tracker,10.6,iOS
MM_1694,2024-08-14,2024-08-28 00:00:00,Community Forum,4.9,Android
MM_1695,2024-09-05,2024-10-27 00:00:00,Symptom Logger,13.8,iOS
MM_1695,2024-09-05,2024-10-31 00:00:00,Symptom Logger,9.6,Android
MM_1695,2024-09-05,2024-10-20 00:00:00,Community Forum,1.3,Android
MM_1695,2024-09-05,2024-09-29 00:00:00,Period Tracker,8.4,iOS
MM_1695,2024-09-05,2024-09-05 00:00:00,Symptom Logger,11.5,Android
MM_1695,2024-09-05,2024-10-17 00:00:00,Community Forum,5.1,Android
MM_1695,2024-09-05,2024-10-31 00:00:00,Community Forum,6.6,Android
MM_1695,2024-09-05,2024-10-19 00:00:00,Symptom Logger,14.8,Android
MM_1695,2024-09-05,2024-10-25 00:00:00,Period Tracker,9.4,iOS
MM_1695,2024-09-05,2024-09-07 00:00:00,Period Tracker,7.4,Android
MM_1695,2024-09-05,2024-10-05 00:00:00,Community Forum,4.8,Android
MM_1695,2024-09-05,2024-09-15 00:00:00,Community Forum,12.8,Android
MM_1695,2024-09-05,2024-10-08 00:00:00,Period Tracker,1.6,Android
MM_1695,2024-09-05,2024-10-13 00:00:00,Period Tracker,10.9,Android
MM_1695,2024-09-05,2024-10-07 00:00:00,Symptom Logger,12.2,iOS
MM_1695,2024-09-05,2024-10-25 00:00:00,Period Tracker,,iOS
MM_1695,2024-09-05,2024-11-01 00:00:00,Period Tracker,14.6,Android
MM_1696,2024-09-10,2024-10-19 00:00:00,Symptom Logger,1.7,Android
MM_1696,2024-09-10,2024-10-04 00:00:00,Period Tracker,8.2,iOS
MM_1696,2024-09-10,2024-11-05 00:00:00,Period Tracker,12.2,iOS
MM_1696,2024-09-10,2024-10-09 00:00:00,Period Tracker,1.0,Android
MM_1696,2024-09-10,2024-09-18 00:00:00,Health Articles,11.6,iOS
MM_1696,2024-09-10,2024-11-04 00:00:00,Symptom Logger,3.7,iOS
MM_1696,2024-09-10,2024-10-14 00:00:00,Health Articles,7.8,Android
MM_1696,2024-09-10,2024-10-17 00:00:00,Community Forum,10.8,iOS
MM_1697,2024-09-30,2024-11-13 00:00:00,Period Tracker,2.5,iOS
MM_1698,2024-08-19,2024-09-03 00:00:00,Period Tracker,3.0,iOS
MM_1698,2024-08-19,2024-09-27 00:00:00,Symptom Logger,11.0,Android
MM_1698,2024-08-19,2024-09-25 00:00:00,Period Tracker,2.5,Android
MM_1698,2024-08-19,2024-09-11 00:00:00,Period Tracker,2.6,iOS
MM_1698,2024-08-19,2024-08-31 00:00:00,Period Tracker,12.5,Android
MM_1698,2024-08-19,2024-09-12 00:00:00,Period Tracker,12.6,Android
MM_1698,2024-08-19,2024-08-26 00:00:00,Community Forum,6.4,iOS
MM_1698,2024-08-19,2024-09-12 00:00:00,Period Tracker,2.0,iOS
MM_1698,2024-08-19,2024-08-25 00:00:00,Period Tracker,13.0,iOS
MM_1698,2024-08-19,2024-09-09 00:00:00,Period Tracker,8.3,Android
MM_1698,2024-08-19,2024-09-17 00:00:00,Symptom Logger,10.8,Android
MM_1699,2024-09-20,2024-09-21 00:00:00,Symptom Logger,4.6,iOS
MM_1699,2024-09-20,2024-11-13 00:00:00,Health Articles,2.0,iOS
MM_1699,2024-09-20,2024-10-22 00:00:00,Health Articles,14.6,iOS
MM_1699,2024-09-20,2024-11-04 00:00:00,Symptom Logger,6.9,Android
MM_1699,2024-09-20,2024-11-07 00:00:00,Symptom Logger,5.5,iOS
MM_1699,2024-09-20,2024-10-28 00:00:00,Period Tracker,7.8,iOS
MM_1699,2024-09-20,2024-10-12 00:00:00,Period Tracker,13.7,Android
MM_1700,2024-10-10,2024-11-22 00:00:00,Symptom Logger,14.2,iOS
MM_1701,2024-08-19,2024-10-06 00:00:00,Period Tracker,3.5,iOS
MM_1701,2024-08-19,2024-08-21 00:00:00,Community Forum,2.0,iOS
MM_1701,2024-08-19,2024-09-05 00:00:00,Period Tracker,2.5,Android
MM_1701,2024-08-19,2024-08-23 00:00:00,Symptom Logger,2.4,Android
MM_1701,2024-08-19,2024-09-06 00:00:00,Period Tracker,12.0,Android
MM_1701,2024-08-19,2024-10-15 00:00:00,Symptom Logger,1.6,iOS
MM_1701,2024-08-19,2024-09-18 00:00:00,Period Tracker,12.5,Android
MM_1701,2024-08-19,2024-09-04 00:00:00,Community Forum,2.6,iOS
MM_1702,2024-09-21,2024-10-30 00:00:00,Period Tracker,2.7,iOS
MM_1702,2024-09-21,2024-11-14 00:00:00,Symptom Logger,7.9,Android
MM_1702,2024-09-21,2024-10-31 00:00:00,Period Tracker,7.7,Android
MM_1702,2024-09-21,2024-10-21 00:00:00,Community Forum,11.6,iOS
MM_1702,2024-09-21,2024-10-29 00:00:00,Community Forum,3.0,Android
MM_1702,2024-09-21,2024-11-12 00:00:00,Health Articles,6.7,Android
MM_1703,2024-09-10,2024-09-13 00:00:00,Symptom Logger,2.4,iOS
MM_1703,2024-09-10,2024-10-23 00:00:00,Period Tracker,8.9,Android
MM_1703,2024-09-10,2024-10-20 00:00:00,Community Forum,7.0,Android
MM_1704,2024-10-17,2024-10-20 00:00:00,Period Tracker,5.6,Android
MM_1704,2024-10-17,2024-11-06 00:00:00,Period Tracker,13.4,Android
MM_1704,2024-10-17,2024-10-26 00:00:00,Community Forum,13.1,Android
MM_1704,2024-10-17,2024-11-10 00:00:00,Community Forum,2.3,Android
MM_1704,2024-10-17,2024-11-10 00:00:00,Period Tracker,11.2,Android
MM_1704,2024-10-17,2024-11-15 00:00:00,Period Tracker,12.4,Android
MM_1704,2024-10-17,2024-11-11 00:00:00,Symptom Logger,1.7,Android
MM_1704,2024-10-17,2024-10-26 00:00:00,Community Forum,14.8,Android
MM_1704,2024-10-17,2024-11-14 00:00:00,Symptom Logger,1.4,Android
MM_1704,2024-10-17,2024-12-02 00:00:00,Period Tracker,14.1,iOS
MM_1704,2024-10-17,2024-12-06 00:00:00,Period Tracker,6.1,Android
MM_1704,2024-10-17,2024-11-05 00:00:00,Period Tracker,4.2,Android
MM_1704,2024-10-17,2024-10-22 00:00:00,Symptom Logger,8.0,iOS
MM_1704,2024-10-17,2024-12-04 00:00:00,Period Tracker,8.2,iOS
MM_1704,2024-10-17,2024-12-05 00:00:00,Period Tracker,7.1,iOS
MM_1704,2024-10-17,2024-12-01 00:00:00,Period Tracker,5.8,iOS
MM_1704,2024-10-17,2024-11-29 00:00:00,Period Tracker,,iOS
MM_1704,2024-10-17,2024-11-28 00:00:00,Period Tracker,1.3,Android
MM_1704,2024-10-17,2024-12-13 00:00:00,Period Tracker,14.3,Android
MM_1704,2024-10-17,2024-10-18 00:00:00,Health Articles,5.7,iOS
MM_1705,2024-10-23,2024-12-08 00:00:00,Community Forum,3.0,Android
MM_1705,2024-10-23,2024-12-04 00:00:00,Period Tracker,9.7,iOS
MM_1705,2024-10-23,2024-12-12 00:00:00,Period Tracker,13.4,Android
MM_1705,2024-10-23,2024-10-28 00:00:00,Period Tracker,5.4,iOS
MM_1705,2024-10-23,2024-12-04 00:00:00,Period Tracker,11.2,Android
MM_1705,2024-10-23,2024-12-11 00:00:00,Health Articles,8.9,iOS
MM_1706,2024-09-29,2024-10-26 00:00:00,Symptom Logger,3.9,Android
MM_1706,2024-09-29,2024-10-25 00:00:00,Symptom Logger,14.9,Android
MM_1706,2024-09-29,2024-11-07 00:00:00,Community Forum,7.9,Android
MM_1706,2024-09-29,2024-10-24 00:00:00,Period Tracker,11.6,Android
MM_1706,2024-09-29,2024-11-12 00:00:00,Symptom Logger,3.5,Android
MM_1706,2024-09-29,2024-11-07 00:00:00,Health Articles,8.1,Android
MM_1706,2024-09-29,2024-11-23 00:00:00,Community Forum,9.0,iOS
MM_1706,2024-09-29,2024-11-18 00:00:00,Community Forum,3.3,Android
MM_1706,2024-09-29,2024-11-05 00:00:00,Period Tracker,,iOS
MM_1707,2024-08-04,2024-08-11 00:00:00,Symptom Logger,4.2,iOS
MM_1707,2024-08-04,2024-08-16 00:00:00,Symptom Logger,11.7,Android
MM_1707,2024-08-04,2024-09-30 00:00:00,Health Articles,2.9,Android
MM_1707,2024-08-04,2024-08-09 00:00:00,Symptom Logger,12.0,Android
MM_1707,2024-08-04,2024-08-06 00:00:00,Health Articles,11.4,Android
MM_1708,2024-10-06,2024-11-16 00:00:00,Period Tracker,14.2,Android
MM_1708,2024-10-06,2024-11-25 00:00:00,Period Tracker,10.8,iOS
MM_1708,2024-10-06,2024-10-21 00:00:00,Period Tracker,1.9,Android
MM_1708,2024-10-06,2024-10-18 00:00:00,Period Tracker,11.1,iOS
MM_1708,2024-10-06,2024-11-28 00:00:00,Community Forum,2.8,Android
MM_1708,2024-10-06,2024-10-24 00:00:00,Period Tracker,3.1,Android
MM_1708,2024-10-06,2024-10-12 00:00:00,Period Tracker,10.0,iOS
MM_1708,2024-10-06,2024-11-30 00:00:00,Period Tracker,8.9,iOS
MM_1708,2024-10-06,2024-10-23 00:00:00,Symptom Logger,6.7,Android
MM_1708,2024-10-06,2024-11-01 00:00:00,Health Articles,4.0,Android
MM_1708,2024-10-06,2024-11-14 00:00:00,Symptom Logger,13.6,Android
MM_1708,2024-10-06,2024-11-26 00:00:00,Health Articles,1.9,iOS
MM_1708,2024-10-06,2024-11-14 00:00:00,Period Tracker,13.9,Android
MM_1708,2024-10-06,2024-11-05 00:00:00,Period Tracker,8.9,Android
MM_1708,2024-10-06,2024-12-02 00:00:00,Period Tracker,3.2,Android
MM_1709,2024-09-29,2024-10-03 00:00:00,Period Tracker,3.2,Android
MM_1710,2024-08-15,2024-09-26 00:00:00,Period Tracker,12.6,iOS
MM_1710,2024-08-15,2024-09-03 00:00:00,Period Tracker,7.6,iOS
MM_1710,2024-08-15,2024-08-22 00:00:00,Period Tracker,1.9,iOS
MM_1710,2024-08-15,2024-08-29 00:00:00,Period Tracker,6.1,Android
MM_1710,2024-08-15,2024-10-11 00:00:00,Period Tracker,7.0,iOS
MM_1710,2024-08-15,2024-09-12 00:00:00,Symptom Logger,13.8,iOS
MM_1710,2024-08-15,2024-10-01 00:00:00,Community Forum,13.5,iOS
MM_1711,2024-08-01,2024-09-24 00:00:00,Community Forum,1.5,Android
MM_1711,2024-08-01,2024-08-30 00:00:00,Symptom Logger,9.5,Android
MM_1711,2024-08-01,2024-09-27 00:00:00,Period Tracker,6.3,iOS
MM_1711,2024-08-01,2024-08-05 00:00:00,Period Tracker,3.4,iOS
MM_1711,2024-08-01,2024-09-03 00:00:00,Symptom Logger,8.9,Android
MM_1711,2024-08-01,2024-09-26 00:00:00,Period Tracker,14.4,Android
MM_1711,2024-08-01,2024-08-11 00:00:00,Community Forum,10.8,Android
MM_1711,2024-08-01,2024-08-02 00:00:00,Community Forum,4.1,Android
MM_1711,2024-08-01,2024-08-12 00:00:00,Community Forum,3.6,iOS
MM_1711,2024-08-01,2024-09-30 00:00:00,Symptom Logger,13.7,Android
MM_1711,2024-08-01,2024-08-04 00:00:00,Period Tracker,14.9,iOS
MM_1711,2024-08-01,2024-08-02 00:00:00,Period Tracker,2.5,Android
MM_1711,2024-08-01,2024-09-27 00:00:00,Health Articles,2.2,Android
MM_1711,2024-08-01,2024-09-16 00:00:00,Community Forum,7.9,iOS
MM_1711,2024-08-01,2024-09-22 00:00:00,Community Forum,9.9,Android
MM_1712,2024-09-05,2024-10-06 00:00:00,Period Tracker,11.6,Android
MM_1712,2024-09-05,2024-09-10 00:00:00,Community Forum,8.2,iOS
MM_1712,2024-09-05,2024-09-27 00:00:00,Health Articles,13.6,Android
MM_1713,2024-09-19,2024-10-04 00:00:00,Period Tracker,2.5,iOS
MM_1714,2024-09-20,2024-09-30 00:00:00,Period Tracker,9.8,Android
MM_1714,2024-09-20,2024-09-24 00:00:00,Period Tracker,6.6,iOS
MM_1714,2024-09-20,2024-10-18 00:00:00,Community Forum,3.7,Android
MM_1714,2024-09-20,2024-10-31 00:00:00,Period Tracker,6.8,iOS
MM_1714,2024-09-20,2024-10-08 00:00:00,Period Tracker,2.8,iOS
MM_1714,2024-09-20,2024-09-22 00:00:00,Symptom Logger,7.8,iOS
MM_1714,2024-09-20,2024-11-05 00:00:00,Community Forum,1.4,iOS
MM_1714,2024-09-20,2024-11-03 00:00:00,Period Tracker,14.3,Android
MM_1714,2024-09-20,2024-11-18 00:00:00,Period Tracker,5.0,Android
MM_1714,2024-09-20,2024-10-04 00:00:00,Symptom Logger,5.6,iOS
MM_1714,2024-09-20,2024-10-26 00:00:00,Period Tracker,3.6,iOS
MM_1714,2024-09-20,2024-11-05 00:00:00,Community Forum,10.6,Android
MM_1714,2024-09-20,2024-09-28 00:00:00,Period Tracker,12.3,Android
MM_1714,2024-09-20,2024-10-23 00:00:00,Period Tracker,7.3,Android
MM_1714,2024-09-20,2024-11-13 00:00:00,Community Forum,5.5,Android
MM_1714,2024-09-20,2024-10-17 00:00:00,Period Tracker,5.9,iOS
MM_1714,2024-09-20,2024-11-09 00:00:00,Period Tracker,5.3,Android
MM_1714,2024-09-20,2024-09-22 00:00:00,Period Tracker,10.0,iOS
MM_1715,2024-08-25,2024-09-05 00:00:00,Period Tracker,6.6,iOS
MM_1715,2024-08-25,2024-10-01 00:00:00,Period Tracker,12.9,Android
MM_1715,2024-08-25,2024-09-30 00:00:00,Community Forum,3.2,Android
MM_1715,2024-08-25,2024-09-30 00:00:00,Period Tracker,9.4,Android
MM_1715,2024-08-25,2024-09-19 00:00:00,Health Articles,1.9,Android
MM_1715,2024-08-25,2024-09-18 00:00:00,Community Forum,6.0,iOS
MM_1715,2024-08-25,2024-10-13 00:00:00,Period Tracker,2.9,iOS
MM_1715,2024-08-25,2024-10-10 00:00:00,Health Articles,2.2,iOS
MM_1715,2024-08-25,2024-08-27 00:00:00,Period Tracker,9.9,Android
MM_1715,2024-08-25,2024-09-19 00:00:00,Community Forum,10.6,Android
MM_1715,2024-08-25,2024-09-28 00:00:00,Symptom Logger,7.7,iOS
MM_1715,2024-08-25,2024-09-04 00:00:00,Community Forum,13.0,Android
MM_1715,2024-08-25,2024-10-15 00:00:00,Health Articles,1.2,iOS
MM_1715,2024-08-25,2024-08-27 00:00:00,Period Tracker,5.7,iOS
MM_1715,2024-08-25,2024-10-03 00:00:00,Period Tracker,12.2,iOS
MM_1715,2024-08-25,2024-09-22 00:00:00,Community Forum,7.1,iOS
MM_1716,2024-10-10,2024-11-21 00:00:00,Period Tracker,8.1,Android
MM_1716,2024-10-10,2024-11-23 00:00:00,Community Forum,5.7,iOS
MM_1716,2024-10-10,2024-12-09 00:00:00,Health Articles,13.1,iOS
MM_1716,2024-10-10,2024-11-03 00:00:00,Symptom Logger,9.6,Android
MM_1716,2024-10-10,2024-10-11 00:00:00,Symptom Logger,10.9,Android
MM_1716,2024-10-10,2024-11-04 00:00:00,Community Forum,1.1,iOS
MM_1716,2024-10-10,2024-10-14 00:00:00,Health Articles,3.6,iOS
MM_1716,2024-10-10,2024-11-08 00:00:00,Symptom Logger,9.9,iOS
MM_1716,2024-10-10,2024-12-09 00:00:00,Community Forum,13.5,Android
MM_1716,2024-10-10,2024-12-06 00:00:00,Community Forum,3.9,Android
MM_1716,2024-10-10,2024-10-30 00:00:00,Period Tracker,8.7,Android
MM_1716,2024-10-10,2024-11-28 00:00:00,Period Tracker,6.9,Android
MM_1716,2024-10-10,2024-11-29 00:00:00,Symptom Logger,10.6,Android
MM_1717,2024-08-06,2024-08-15 00:00:00,Period Tracker,13.1,iOS
MM_1717,2024-08-06,2024-08-15 00:00:00,Period Tracker,12.7,Android
MM_1718,2024-10-26,2024-10-26 00:00:00,Period Tracker,14.8,iOS
MM_1719,2024-10-27,2024-11-21 00:00:00,Symptom Logger,7.9,Android
MM_1719,2024-10-27,2024-12-04 00:00:00,Period Tracker,4.6,Android
MM_1720,2024-09-30,2024-10-05 00:00:00,Period Tracker,12.6,iOS
MM_1720,2024-09-30,2024-11-21 00:00:00,Period Tracker,10.5,Android
MM_1720,2024-09-30,2024-11-17 00:00:00,Period Tracker,7.9,Android
MM_1720,2024-09-30,2024-11-02 00:00:00,Community Forum,3.2,iOS
MM_1720,2024-09-30,2024-11-12 00:00:00,Period Tracker,3.3,Android
MM_1721,2024-08-27,2024-08-27 00:00:00,Symptom Logger,8.7,Android
MM_1721,2024-08-27,2024-10-23 00:00:00,Period Tracker,4.4,iOS
MM_1721,2024-08-27,2024-09-03 00:00:00,Period Tracker,11.6,iOS
MM_1721,2024-08-27,2024-09-28 00:00:00,Period Tracker,7.5,Android
MM_1721,2024-08-27,2024-10-15 00:00:00,Health Articles,12.5,Android
MM_1721,2024-08-27,2024-09-22 00:00:00,Period Tracker,7.2,Android
MM_1721,2024-08-27,2024-10-22 00:00:00,Period Tracker,13.1,Android
MM_1721,2024-08-27,2024-09-11 00:00:00,Symptom Logger,2.2,Android
MM_1721,2024-08-27,2024-10-22 00:00:00,Symptom Logger,8.4,Android
MM_1721,2024-08-27,2024-10-11 00:00:00,Period Tracker,12.2,iOS
MM_1721,2024-08-27,2024-10-03 00:00:00,Period Tracker,11.7,iOS
MM_1721,2024-08-27,2024-10-04 00:00:00,Symptom Logger,3.7,iOS
MM_1721,2024-08-27,2024-09-14 00:00:00,Period Tracker,6.0,iOS
MM_1721,2024-08-27,2024-09-06 00:00:00,Period Tracker,13.7,iOS
MM_1721,2024-08-27,2024-10-23 00:00:00,Health Articles,4.2,iOS
MM_1721,2024-08-27,2024-10-09 00:00:00,Period Tracker,11.8,iOS
MM_1721,2024-08-27,2024-10-16 00:00:00,Period Tracker,2.1,iOS
MM_1721,2024-08-27,2024-10-25 00:00:00,Period Tracker,7.8,Android
MM_1721,2024-08-27,2024-08-27 00:00:00,Period Tracker,,iOS
MM_1721,2024-08-27,2024-10-17 00:00:00,Community Forum,9.5,Android
MM_1722,2024-09-19,2024-10-15 00:00:00,Period Tracker,12.4,Android
MM_1722,2024-09-19,2024-10-07 00:00:00,Community Forum,1.0,iOS
MM_1722,2024-09-19,2024-11-12 00:00:00,Community Forum,9.8,Android
MM_1722,2024-09-19,2024-09-20 00:00:00,Health Articles,6.7,iOS
MM_1722,2024-09-19,2024-10-30 00:00:00,Period Tracker,4.1,iOS
MM_1722,2024-09-19,2024-10-24 00:00:00,Period Tracker,9.7,Android
MM_1722,2024-09-19,2024-09-27 00:00:00,Period Tracker,425.0,Android
MM_1722,2024-09-19,2024-10-20 00:00:00,Period Tracker,14.7,Android
MM_1722,2024-09-19,2024-11-18 00:00:00,Health Articles,7.7,Android
MM_1722,2024-09-19,2024-10-02 00:00:00,Period Tracker,5.9,iOS
MM_1722,2024-09-19,2024-09-24 00:00:00,Period Tracker,4.5,iOS
MM_1722,2024-09-19,2024-10-28 00:00:00,Community Forum,11.5,Android
MM_1722,2024-09-19,2024-09-24 00:00:00,Period Tracker,12.2,iOS
MM_1723,2024-10-13,2024-11-29 00:00:00,Symptom Logger,8.1,Android
MM_1723,2024-10-13,2024-11-24 00:00:00,Health Articles,3.9,iOS
MM_1723,2024-10-13,2024-12-09 00:00:00,Period Tracker,9.5,Android
MM_1724,2024-08-20,2024-10-02 00:00:00,Health Articles,14.0,Android
MM_1725,2024-10-14,2024-10-22 00:00:00,Period Tracker,9.5,iOS
MM_1725,2024-10-14,2024-10-31 00:00:00,Community Forum,11.3,iOS
MM_1726,2024-09-06,2024-10-30 00:00:00,Health Articles,6.0,iOS
MM_1726,2024-09-06,2024-09-21 00:00:00,Symptom Logger,4.8,Android
MM_1726,2024-09-06,2024-09-27 00:00:00,Period Tracker,12.6,Android
MM_1727,2024-08-26,2024-10-25 00:00:00,Period Tracker,10.8,iOS
MM_1727,2024-08-26,2024-10-10 00:00:00,Period Tracker,4.2,Android
MM_1727,2024-08-26,2024-09-19 00:00:00,Period Tracker,10.0,Android
MM_1727,2024-08-26,2024-10-21 00:00:00,Period Tracker,9.9,Android
MM_1727,2024-08-26,2024-09-26 00:00:00,Period Tracker,6.5,iOS
MM_1727,2024-08-26,2024-09-12 00:00:00,Health Articles,4.1,Android
MM_1727,2024-08-26,2024-08-28 00:00:00,Symptom Logger,,iOS
MM_1727,2024-08-26,2024-09-22 00:00:00,Symptom Logger,11.9,Android
MM_1727,2024-08-26,2024-10-11 00:00:00,Period Tracker,5.0,Android
MM_1727,2024-08-26,2024-10-09 00:00:00,Period Tracker,1.0,iOS
MM_1727,2024-08-26,2024-09-29 00:00:00,Community Forum,3.3,Android
MM_1727,2024-08-26,2024-10-03 00:00:00,Period Tracker,14.1,Android
MM_1727,2024-08-26,2024-09-05 00:00:00,Period Tracker,2.2,Android
MM_1728,2024-09-24,2024-11-18 00:00:00,Symptom Logger,5.6,Android
MM_1728,2024-09-24,2024-09-28 00:00:00,Period Tracker,6.4,iOS
MM_1728,2024-09-24,2024-10-22 00:00:00,Period Tracker,3.6,iOS
MM_1728,2024-09-24,2024-11-21 00:00:00,Symptom Logger,6.3,iOS
MM_1728,2024-09-24,2024-10-30 00:00:00,Period Tracker,14.1,iOS
MM_1728,2024-09-24,2024-11-20 00:00:00,Period Tracker,14.9,iOS
MM_1728,2024-09-24,2024-10-28 00:00:00,Period Tracker,3.2,Android
MM_1729,2024-10-03,2024-11-26 00:00:00,Health Articles,,iOS
MM_1729,2024-10-03,2024-10-10 00:00:00,Period Tracker,4.2,iOS
MM_1729,2024-10-03,2024-11-18 00:00:00,Period Tracker,8.6,iOS
MM_1730,2024-09-19,2024-10-21 00:00:00,Period Tracker,14.1,iOS
MM_1730,2024-09-19,2024-10-13 00:00:00,Health Articles,14.3,Android
MM_1730,2024-09-19,2024-11-07 00:00:00,Period Tracker,9.8,iOS
MM_1730,2024-09-19,2024-10-10 00:00:00,Community Forum,7.4,iOS
MM_1730,2024-09-19,2024-09-19 00:00:00,Community Forum,12.6,Android
MM_1730,2024-09-19,2024-10-14 00:00:00,Period Tracker,9.2,iOS
MM_1730,2024-09-19,2024-10-22 00:00:00,Period Tracker,7.1,iOS
MM_1730,2024-09-19,2024-10-24 00:00:00,Community Forum,3.5,Android
MM_1730,2024-09-19,2024-10-11 00:00:00,Symptom Logger,5.1,Android
MM_1730,2024-09-19,2024-11-13 00:00:00,Community Forum,14.0,iOS
MM_1730,2024-09-19,2024-11-18 00:00:00,Symptom Logger,14.1,iOS
MM_1730,2024-09-19,2024-09-22 00:00:00,Period Tracker,9.0,Android
MM_1730,2024-09-19,2024-10-04 00:00:00,Period Tracker,6.7,Android
MM_1730,2024-09-19,2024-10-09 00:00:00,Period Tracker,5.3,iOS
MM_1731,2024-10-25,2024-11-04 00:00:00,Health Articles,8.2,iOS
MM_1731,2024-10-25,2024-12-07 00:00:00,Period Tracker,7.2,iOS
MM_1731,2024-10-25,2024-11-27 00:00:00,Period Tracker,9.8,iOS
MM_1731,2024-10-25,2024-11-03 00:00:00,Symptom Logger,2.5,iOS
MM_1731,2024-10-25,2024-11-18 00:00:00,Period Tracker,,Android
MM_1731,2024-10-25,2024-10-25 00:00:00,Period Tracker,11.0,Android
MM_1731,2024-10-25,2024-11-20 00:00:00,Period Tracker,6.3,iOS
MM_1731,2024-10-25,2024-11-13 00:00:00,Symptom Logger,3.0,iOS
MM_1731,2024-10-25,2024-12-13 00:00:00,Symptom Logger,3.0,Android
MM_1731,2024-10-25,2024-12-06 00:00:00,Period Tracker,1.3,iOS
MM_1731,2024-10-25,2024-12-01 00:00:00,Period Tracker,12.4,Android
MM_1731,2024-10-25,2024-12-12 00:00:00,Symptom Logger,6.7,Android
MM_1731,2024-10-25,2024-11-20 00:00:00,Symptom Logger,10.9,iOS
MM_1732,2024-09-01,2024-09-18 00:00:00,Community Forum,4.1,Android
MM_1732,2024-09-01,2024-10-17 00:00:00,Health Articles,5.5,iOS
MM_1732,2024-09-01,2024-09-18 00:00:00,Health Articles,1.6,Android
MM_1732,2024-09-01,2024-09-05 00:00:00,Symptom Logger,12.2,Android
MM_1732,2024-09-01,2024-10-27 00:00:00,Period Tracker,5.2,iOS
MM_1732,2024-09-01,2024-10-14 00:00:00,Period Tracker,13.0,iOS
MM_1732,2024-09-01,2024-09-28 00:00:00,Period Tracker,11.8,iOS
MM_1732,2024-09-01,2024-10-06 00:00:00,Period Tracker,4.1,iOS
MM_1732,2024-09-01,2024-10-18 00:00:00,Period Tracker,4.2,Android
MM_1732,2024-09-01,2024-09-07 00:00:00,Period Tracker,14.5,iOS
MM_1732,2024-09-01,2024-10-29 00:00:00,Symptom Logger,10.6,iOS
MM_1732,2024-09-01,2024-10-15 00:00:00,Period Tracker,6.9,iOS
MM_1732,2024-09-01,2024-10-12 00:00:00,Period Tracker,6.8,Android
MM_1732,2024-09-01,2024-09-03 00:00:00,Health Articles,13.6,Android
MM_1732,2024-09-01,2024-10-04 00:00:00,Period Tracker,3.2,Android
MM_1732,2024-09-01,2024-09-24 00:00:00,Period Tracker,13.2,Android
MM_1732,2024-09-01,2024-10-28 00:00:00,Period Tracker,5.4,Android
MM_1732,2024-09-01,2024-10-05 00:00:00,Period Tracker,9.6,iOS
MM_1732,2024-09-01,2024-10-23 00:00:00,Period Tracker,9.6,Android
MM_1733,2024-09-01,2024-10-09 00:00:00,Period Tracker,12.2,iOS
MM_1733,2024-09-01,2024-10-13 00:00:00,Period Tracker,13.0,iOS
MM_1733,2024-09-01,2024-10-07 00:00:00,Symptom Logger,6.4,iOS
MM_1733,2024-09-01,2024-09-24 00:00:00,Symptom Logger,13.1,iOS
MM_1733,2024-09-01,2024-09-13 00:00:00,Period Tracker,6.8,Android
MM_1733,2024-09-01,2024-10-31 00:00:00,Community Forum,10.6,iOS
MM_1733,2024-09-01,2024-10-06 00:00:00,Period Tracker,3.1,iOS
MM_1733,2024-09-01,2024-09-26 00:00:00,Period Tracker,11.5,Android
MM_1733,2024-09-01,2024-09-02 00:00:00,Period Tracker,12.7,Android
MM_1733,2024-09-01,2024-10-26 00:00:00,Symptom Logger,,iOS
MM_1733,2024-09-01,2024-10-31 00:00:00,Symptom Logger,6.0,iOS
MM_1733,2024-09-01,2024-09-19 00:00:00,Symptom Logger,7.7,iOS
MM_1734,2024-09-25,2024-10-05 00:00:00,Symptom Logger,9.6,Android
MM_1735,2024-08-15,2024-09-03 00:00:00,Period Tracker,8.5,Android
MM_1735,2024-08-15,2024-09-24 00:00:00,Period Tracker,4.9,Android
MM_1735,2024-08-15,2024-08-16 00:00:00,Period Tracker,11.0,iOS
MM_1735,2024-08-15,2024-09-28 00:00:00,Period Tracker,8.1,iOS
MM_1735,2024-08-15,2024-09-07 00:00:00,Period Tracker,11.7,iOS
MM_1735,2024-08-15,2024-08-21 00:00:00,Period Tracker,6.9,Android
MM_1735,2024-08-15,2024-08-29 00:00:00,Period Tracker,6.3,iOS
MM_1735,2024-08-15,2024-09-19 00:00:00,Period Tracker,4.6,Android
MM_1735,2024-08-15,2024-10-01 00:00:00,Symptom Logger,,Android
MM_1735,2024-08-15,2024-08-19 00:00:00,Period Tracker,,Android
MM_1735,2024-08-15,2024-08-30 00:00:00,Period Tracker,13.8,Android
MM_1735,2024-08-15,2024-09-06 00:00:00,Period Tracker,6.9,iOS
MM_1735,2024-08-15,2024-09-23 00:00:00,Period Tracker,9.7,Android
MM_1735,2024-08-15,2024-09-21 00:00:00,Period Tracker,14.3,iOS
MM_1736,2024-08-09,2024-09-24 00:00:00,Health Articles,3.6,iOS
MM_1736,2024-08-09,2024-10-02 00:00:00,Period Tracker,14.9,iOS
MM_1736,2024-08-09,2024-10-03 00:00:00,Period Tracker,11.9,Android
MM_1736,2024-08-09,2024-09-10 00:00:00,Period Tracker,4.4,iOS
MM_1736,2024-08-09,2024-09-04 00:00:00,Symptom Logger,14.6,Android
MM_1736,2024-08-09,2024-08-15 00:00:00,Period Tracker,6.0,Android
MM_1736,2024-08-09,2024-10-06 00:00:00,Symptom Logger,1.2,Android
MM_1736,2024-08-09,2024-08-18 00:00:00,Period Tracker,8.4,Android
MM_1736,2024-08-09,2024-10-01 00:00:00,Period Tracker,1.0,Android
MM_1736,2024-08-09,2024-09-18 00:00:00,Community Forum,11.6,Android
MM_1736,2024-08-09,2024-09-12 00:00:00,Symptom Logger,9.7,Android
MM_1736,2024-08-09,2024-09-05 00:00:00,Symptom Logger,2.2,Android
MM_1736,2024-08-09,2024-09-25 00:00:00,Period Tracker,10.0,Android
MM_1736,2024-08-09,2024-09-23 00:00:00,Period Tracker,,Android
MM_1736,2024-08-09,2024-09-22 00:00:00,Period Tracker,4.1,Android
MM_1736,2024-08-09,2024-09-15 00:00:00,Period Tracker,12.4,iOS
MM_1736,2024-08-09,2024-10-04 00:00:00,Community Forum,14.5,Android
MM_1737,2024-10-20,2024-12-05 00:00:00,Community Forum,2.1,iOS
MM_1737,2024-10-20,2024-11-29 00:00:00,Period Tracker,12.2,Android
MM_1737,2024-10-20,2024-11-01 00:00:00,Community Forum,4.1,Android
MM_1737,2024-10-20,2024-11-22 00:00:00,Period Tracker,10.2,iOS
MM_1737,2024-10-20,2024-11-30 00:00:00,Symptom Logger,1.8,iOS
MM_1737,2024-10-20,2024-10-28 00:00:00,Period Tracker,,Android
MM_1737,2024-10-20,2024-11-29 00:00:00,Period Tracker,1.5,Android
MM_1737,2024-10-20,2024-10-30 00:00:00,Community Forum,7.6,iOS
MM_1738,2024-08-20,2024-09-06 00:00:00,Community Forum,13.5,iOS
MM_1738,2024-08-20,2024-10-16 00:00:00,Period Tracker,12.7,iOS
MM_1739,2024-10-19,2024-10-26 00:00:00,Period Tracker,12.4,iOS
MM_1739,2024-10-19,2024-12-08 00:00:00,Symptom Logger,12.9,Android
MM_1740,2024-08-30,2024-10-29 00:00:00,Symptom Logger,8.4,iOS
MM_1740,2024-08-30,2024-09-07 00:00:00,Community Forum,10.3,iOS
MM_1740,2024-08-30,2024-10-09 00:00:00,Period Tracker,12.4,Android
MM_1741,2024-08-18,2024-09-15 00:00:00,Period Tracker,2.6,iOS
MM_1742,2024-10-13,2024-12-04 00:00:00,Period Tracker,4.2,Android
MM_1742,2024-10-13,2024-10-15 00:00:00,Period Tracker,9.0,iOS
MM_1742,2024-10-13,2024-12-04 00:00:00,Community Forum,3.8,iOS
MM_1742,2024-10-13,2024-11-09 00:00:00,Community Forum,2.1,Android
MM_1742,2024-10-13,2024-11-11 00:00:00,Period Tracker,6.1,iOS
MM_1742,2024-10-13,2024-11-07 00:00:00,Period Tracker,10.2,Android
MM_1742,2024-10-13,2024-11-15 00:00:00,Period Tracker,3.1,iOS
MM_1742,2024-10-13,2024-12-03 00:00:00,Health Articles,3.7,Android
MM_1742,2024-10-13,2024-10-25 00:00:00,Community Forum,15.0,iOS
MM_1742,2024-10-13,2024-12-12 00:00:00,Period Tracker,5.1,Android
MM_1742,2024-10-13,2024-12-06 00:00:00,Period Tracker,13.2,iOS
MM_1742,2024-10-13,2024-10-25 00:00:00,Period Tracker,13.2,Android
MM_1742,2024-10-13,2024-11-17 00:00:00,Health Articles,2.6,Android
MM_1742,2024-10-13,2024-11-08 00:00:00,Period Tracker,6.1,Android
MM_1742,2024-10-13,2024-12-01 00:00:00,Period Tracker,7.4,Android
MM_1742,2024-10-13,2024-12-04 00:00:00,Period Tracker,8.3,iOS
MM_1743,2024-08-09,2024-08-25 00:00:00,Symptom Logger,4.1,iOS
MM_1743,2024-08-09,2024-09-22 00:00:00,Period Tracker,3.1,iOS
MM_1743,2024-08-09,2024-09-07 00:00:00,Period Tracker,10.3,Android
MM_1743,2024-08-09,2024-10-06 00:00:00,Period Tracker,10.7,Android
MM_1743,2024-08-09,2024-09-24 00:00:00,Symptom Logger,4.9,Android
MM_1744,2024-08-18,2024-09-10 00:00:00,Health Articles,7.5,Android
MM_1744,2024-08-18,2024-08-24 00:00:00,Symptom Logger,6.6,Android
MM_1744,2024-08-18,2024-08-24 00:00:00,Symptom Logger,8.6,iOS
MM_1744,2024-08-18,2024-09-18 00:00:00,Period Tracker,9.2,iOS
MM_1744,2024-08-18,2024-09-22 00:00:00,Period Tracker,2.3,Android
MM_1744,2024-08-18,2024-10-04 00:00:00,Period Tracker,11.4,iOS
MM_1744,2024-08-18,2024-10-12 00:00:00,Health Articles,5.2,Android
MM_1744,2024-08-18,2024-09-24 00:00:00,Symptom Logger,14.2,iOS
MM_1744,2024-08-18,2024-09-04 00:00:00,Symptom Logger,13.6,iOS
MM_1744,2024-08-18,2024-08-20 00:00:00,Period Tracker,3.3,iOS
MM_1744,2024-08-18,2024-09-29 00:00:00,Period Tracker,8.7,iOS
MM_1744,2024-08-18,2024-10-17 00:00:00,Health Articles,13.2,iOS
MM_1744,2024-08-18,2024-10-07 00:00:00,Period Tracker,12.8,Android
MM_1744,2024-08-18,2024-10-14 00:00:00,Period Tracker,10.2,iOS
MM_1744,2024-08-18,2024-09-17 00:00:00,Community Forum,12.9,Android
MM_1745,2024-09-27,2024-10-12 00:00:00,Health Articles,6.8,Android
MM_1745,2024-09-27,2024-10-25 00:00:00,Community Forum,1.9,Android
MM_1746,2024-10-08,2024-10-17 00:00:00,Period Tracker,8.9,Android
MM_1746,2024-10-08,2024-10-16 00:00:00,Period Tracker,10.2,iOS
MM_1746,2024-10-08,2024-11-02 00:00:00,Period Tracker,5.7,iOS
MM_1746,2024-10-08,2024-10-14 00:00:00,Period Tracker,13.3,iOS
MM_1746,2024-10-08,2024-10-19 00:00:00,Symptom Logger,10.4,Android
MM_1746,2024-10-08,2024-12-04 00:00:00,Period Tracker,14.0,iOS
MM_1746,2024-10-08,2024-11-16 00:00:00,Community Forum,5.7,iOS
MM_1746,2024-10-08,2024-10-21 00:00:00,Health Articles,13.6,Android
MM_1746,2024-10-08,2024-10-16 00:00:00,Symptom Logger,4.0,iOS
MM_1746,2024-10-08,2024-12-03 00:00:00,Community Forum,12.3,Android
MM_1746,2024-10-08,2024-10-23 00:00:00,Period Tracker,12.2,iOS
MM_1746,2024-10-08,2024-10-28 00:00:00,Period Tracker,2.0,iOS
MM_1746,2024-10-08,2024-11-26 00:00:00,Symptom Logger,13.6,iOS
MM_1746,2024-10-08,2024-11-16 00:00:00,Period Tracker,5.6,iOS
MM_1746,2024-10-08,2024-11-27 00:00:00,Community Forum,4.6,Android
MM_1746,2024-10-08,2024-11-07 00:00:00,Community Forum,3.8,Android
MM_1746,2024-10-08,2024-12-01 00:00:00,Community Forum,12.0,iOS
MM_1746,2024-10-08,2024-12-06 00:00:00,Period Tracker,2.3,Android
MM_1747,2024-10-27,2024-12-08 00:00:00,Period Tracker,13.6,Android
MM_1747,2024-10-27,2024-11-02 00:00:00,Community Forum,5.5,Android
MM_1747,2024-10-27,2024-12-03 00:00:00,Community Forum,4.9,iOS
MM_1747,2024-10-27,2024-11-15 00:00:00,Period Tracker,3.6,iOS
MM_1747,2024-10-27,2024-12-19 00:00:00,Period Tracker,3.2,iOS
MM_1747,2024-10-27,2024-11-08 00:00:00,Health Articles,7.1,iOS
MM_1747,2024-10-27,2024-11-10 00:00:00,Period Tracker,13.6,iOS
MM_1747,2024-10-27,2024-11-21 00:00:00,Period Tracker,7.4,iOS
MM_1747,2024-10-27,2024-11-06 00:00:00,Period Tracker,12.2,iOS
MM_1747,2024-10-27,2024-12-18 00:00:00,Period Tracker,3.5,iOS
MM_1747,2024-10-27,2024-11-02 00:00:00,Symptom Logger,13.4,iOS
MM_1748,2024-10-17,2024-11-25 00:00:00,Symptom Logger,10.6,iOS
MM_1748,2024-10-17,2024-10-18 00:00:00,Community Forum,1.0,Android
MM_1748,2024-10-17,2024-12-08 00:00:00,Period Tracker,4.0,Android
MM_1749,2024-10-25,2024-11-08 00:00:00,Period Tracker,3.5,iOS
MM_1750,2024-10-20,2024-12-14 00:00:00,Symptom Logger,7.5,iOS
MM_1750,2024-10-20,2024-10-25 00:00:00,Period Tracker,12.5,Android
MM_1750,2024-10-20,2024-11-11 00:00:00,Health Articles,10.9,Android
MM_1751,2024-08-12,2024-09-05 00:00:00,Period Tracker,8.4,iOS
MM_1751,2024-08-12,2024-09-08 00:00:00,Period Tracker,7.1,iOS
MM_1751,2024-08-12,2024-09-18 00:00:00,Period Tracker,7.6,Android
MM_1751,2024-08-12,2024-09-21 00:00:00,Community Forum,6.0,iOS
MM_1751,2024-08-12,2024-09-04 00:00:00,Community Forum,,iOS
MM_1751,2024-08-12,2024-08-14 00:00:00,Period Tracker,13.2,Android
MM_1751,2024-08-12,2024-08-18 00:00:00,Symptom Logger,3.0,iOS
MM_1751,2024-08-12,2024-09-01 00:00:00,Health Articles,14.1,Android
MM_1752,2024-08-03,2024-08-03 00:00:00,Period Tracker,12.0,Android
MM_1752,2024-08-03,2024-09-05 00:00:00,Period Tracker,11.0,Android
MM_1752,2024-08-03,2024-08-10 00:00:00,Symptom Logger,13.1,Android
MM_1752,2024-08-03,2024-09-21 00:00:00,Symptom Logger,7.6,Android
MM_1752,2024-08-03,2024-08-03 00:00:00,Period Tracker,4.6,iOS
MM_1752,2024-08-03,2024-08-07 00:00:00,Community Forum,7.1,iOS
MM_1752,2024-08-03,2024-09-29 00:00:00,Period Tracker,3.9,Android
MM_1752,2024-08-03,2024-08-03 00:00:00,Health Articles,4.7,iOS
MM_1752,2024-08-03,2024-08-29 00:00:00,Period Tracker,11.1,iOS
MM_1752,2024-08-03,2024-08-16 00:00:00,Symptom Logger,4.5,Android
MM_1752,2024-08-03,2024-09-27 00:00:00,Community Forum,1.8,Android
MM_1752,2024-08-03,2024-09-29 00:00:00,Symptom Logger,14.2,iOS
MM_1752,2024-08-03,2024-10-01 00:00:00,Period Tracker,5.6,iOS
MM_1752,2024-08-03,2024-08-28 00:00:00,Period Tracker,9.9,iOS
MM_1752,2024-08-03,2024-09-17 00:00:00,Community Forum,6.4,Android
MM_1753,2024-09-29,2024-11-15 00:00:00,Period Tracker,3.7,iOS
MM_1753,2024-09-29,2024-10-03 00:00:00,Period Tracker,14.9,iOS
MM_1753,2024-09-29,2024-11-01 00:00:00,Community Forum,14.2,iOS
MM_1753,2024-09-29,2024-10-30 00:00:00,Period Tracker,7.6,Android
MM_1753,2024-09-29,2024-11-03 00:00:00,Symptom Logger,13.4,iOS
MM_1753,2024-09-29,2024-10-04 00:00:00,Period Tracker,2.6,Android
MM_1753,2024-09-29,2024-11-23 00:00:00,Period Tracker,10.3,iOS
MM_1753,2024-09-29,2024-11-01 00:00:00,Period Tracker,4.1,iOS
MM_1753,2024-09-29,2024-10-21 00:00:00,Period Tracker,13.5,iOS
MM_1753,2024-09-29,2024-10-16 00:00:00,Community Forum,8.5,iOS
MM_1753,2024-09-29,2024-10-06 00:00:00,Period Tracker,1.7,iOS
MM_1753,2024-09-29,2024-10-27 00:00:00,Period Tracker,10.2,iOS
MM_1753,2024-09-29,2024-10-30 00:00:00,Period Tracker,14.4,Android
MM_1753,2024-09-29,2024-10-09 00:00:00,Period Tracker,6.0,iOS
MM_1753,2024-09-29,2024-10-05 00:00:00,Symptom Logger,7.1,iOS
MM_1753,2024-09-29,2024-10-23 00:00:00,Period Tracker,5.0,Android
MM_1753,2024-09-29,2024-10-30 00:00:00,Symptom Logger,8.5,iOS
MM_1754,2024-09-25,2024-10-08 00:00:00,Period Tracker,10.4,iOS
MM_1754,2024-09-25,2024-10-13 00:00:00,Symptom Logger,11.0,iOS
MM_1755,2024-09-26,2024-10-10 00:00:00,Period Tracker,3.0,iOS
MM_1755,2024-09-26,2024-11-17 00:00:00,Period Tracker,3.5,iOS
MM_1756,2024-10-19,2024-11-01 00:00:00,Period Tracker,3.8,Android
MM_1756,2024-10-19,2024-12-17 00:00:00,Health Articles,10.0,iOS
MM_1756,2024-10-19,2024-11-22 00:00:00,Period Tracker,5.5,iOS
MM_1756,2024-10-19,2024-11-15 00:00:00,Community Forum,3.3,iOS
MM_1756,2024-10-19,2024-10-29 00:00:00,Period Tracker,3.7,Android
MM_1756,2024-10-19,2024-12-07 00:00:00,Community Forum,2.0,iOS
MM_1756,2024-10-19,2024-12-10 00:00:00,Period Tracker,12.6,iOS
MM_1756,2024-10-19,2024-12-09 00:00:00,Period Tracker,6.5,iOS
MM_1756,2024-10-19,2024-11-13 00:00:00,Community Forum,12.5,iOS
MM_1756,2024-10-19,2024-10-19 00:00:00,Community Forum,5.6,Android
MM_1756,2024-10-19,2024-11-07 00:00:00,Symptom Logger,8.5,Android
MM_1756,2024-10-19,2024-11-17 00:00:00,Period Tracker,6.5,Android
MM_1757,2024-10-18,2024-11-02 00:00:00,Period Tracker,12.2,Android
MM_1757,2024-10-18,2024-12-02 00:00:00,Period Tracker,13.6,iOS
MM_1757,2024-10-18,2024-10-30 00:00:00,Period Tracker,7.1,iOS
MM_1757,2024-10-18,2024-11-17 00:00:00,Symptom Logger,11.8,Android
MM_1757,2024-10-18,2024-11-13 00:00:00,Symptom Logger,14.1,iOS
MM_1757,2024-10-18,2024-11-26 00:00:00,Period Tracker,12.7,Android
MM_1757,2024-10-18,2024-11-29 00:00:00,Period Tracker,14.1,Android
MM_1757,2024-10-18,2024-12-09 00:00:00,Period Tracker,3.4,iOS
MM_1757,2024-10-18,2024-11-27 00:00:00,Symptom Logger,11.6,iOS
MM_1757,2024-10-18,2024-11-22 00:00:00,Period Tracker,,iOS
MM_1757,2024-10-18,2024-12-05 00:00:00,Period Tracker,10.0,Android
MM_1757,2024-10-18,2024-12-03 00:00:00,Period Tracker,8.6,Android
MM_1757,2024-10-18,2024-11-28 00:00:00,Period Tracker,10.3,Android
MM_1757,2024-10-18,2024-12-12 00:00:00,Period Tracker,13.4,Android
MM_1757,2024-10-18,2024-11-23 00:00:00,Period Tracker,3.5,Android
MM_1757,2024-10-18,2024-12-04 00:00:00,Period Tracker,1.1,Android
MM_1757,2024-10-18,2024-11-10 00:00:00,Period Tracker,12.2,iOS
MM_1757,2024-10-18,2024-11-22 00:00:00,Period Tracker,9.5,iOS
MM_1757,2024-10-18,2024-11-20 00:00:00,Symptom Logger,10.4,iOS
MM_1758,2024-09-25,2024-10-18 00:00:00,Symptom Logger,3.6,Android
MM_1758,2024-09-25,2024-11-21 00:00:00,Period Tracker,5.8,iOS
MM_1758,2024-09-25,2024-10-21 00:00:00,Symptom Logger,7.0,Android
MM_1758,2024-09-25,2024-10-25 00:00:00,Period Tracker,7.9,iOS
MM_1758,2024-09-25,2024-10-24 00:00:00,Period Tracker,4.4,Android
MM_1758,2024-09-25,2024-10-28 00:00:00,Period Tracker,8.8,iOS
MM_1758,2024-09-25,2024-10-11 00:00:00,Period Tracker,3.3,iOS
MM_1758,2024-09-25,2024-11-06 00:00:00,Symptom Logger,13.9,Android
MM_1758,2024-09-25,2024-10-19 00:00:00,Symptom Logger,3.6,iOS
MM_1758,2024-09-25,2024-10-23 00:00:00,Health Articles,11.3,iOS
MM_1758,2024-09-25,2024-11-10 00:00:00,Symptom Logger,14.9,Android
MM_1758,2024-09-25,2024-10-14 00:00:00,Period Tracker,11.5,iOS
MM_1758,2024-09-25,2024-10-20 00:00:00,Period Tracker,14.7,Android
MM_1759,2024-08-10,2024-09-04 00:00:00,Community Forum,12.7,iOS
MM_1760,2024-09-23,2024-11-16 00:00:00,Symptom Logger,6.3,Android
MM_1760,2024-09-23,2024-10-02 00:00:00,Health Articles,2.3,iOS
MM_1760,2024-09-23,2024-11-09 00:00:00,Period Tracker,6.3,iOS
MM_1760,2024-09-23,2024-10-11 00:00:00,Period Tracker,9.1,Android
MM_1760,2024-09-23,2024-09-24 00:00:00,Symptom Logger,2.0,Android
MM_1760,2024-09-23,2024-10-01 00:00:00,Symptom Logger,4.8,Android
MM_1760,2024-09-23,2024-09-25 00:00:00,Community Forum,11.6,Android
MM_1760,2024-09-23,2024-11-10 00:00:00,Period Tracker,8.8,Android
MM_1760,2024-09-23,2024-11-10 00:00:00,Community Forum,12.6,iOS
MM_1760,2024-09-23,2024-10-31 00:00:00,Period Tracker,6.4,iOS
MM_1760,2024-09-23,2024-10-26 00:00:00,Period Tracker,9.5,Android
MM_1760,2024-09-23,2024-11-09 00:00:00,Period Tracker,7.7,Android
MM_1760,2024-09-23,2024-10-28 00:00:00,Symptom Logger,3.7,iOS
MM_1760,2024-09-23,2024-11-17 00:00:00,Period Tracker,15.0,Android
MM_1760,2024-09-23,2024-10-13 00:00:00,Community Forum,4.1,iOS
MM_1760,2024-09-23,2024-11-12 00:00:00,Health Articles,2.4,Android
MM_1760,2024-09-23,2024-10-19 00:00:00,Period Tracker,5.5,iOS
MM_1761,2024-10-20,2024-10-31 00:00:00,Health Articles,11.7,iOS
MM_1761,2024-10-20,2024-12-09 00:00:00,Symptom Logger,4.0,iOS
MM_1761,2024-10-20,2024-11-06 00:00:00,Period Tracker,14.3,Android
MM_1762,2024-09-28,2024-11-19 00:00:00,Health Articles,7.4,iOS
MM_1762,2024-09-28,2024-10-21 00:00:00,Period Tracker,5.2,Android
MM_1763,2024-08-25,2024-09-11 00:00:00,Health Articles,3.5,Android
MM_1763,2024-08-25,2024-10-12 00:00:00,Community Forum,5.8,iOS
MM_1763,2024-08-25,2024-09-13 00:00:00,Period Tracker,2.3,iOS
MM_1763,2024-08-25,2024-10-13 00:00:00,Community Forum,14.7,iOS
MM_1763,2024-08-25,2024-09-07 00:00:00,Health Articles,6.0,Android
MM_1763,2024-08-25,2024-10-08 00:00:00,Period Tracker,8.5,Android
MM_1763,2024-08-25,2024-09-25 00:00:00,Health Articles,8.9,iOS
MM_1763,2024-08-25,2024-09-15 00:00:00,Symptom Logger,11.3,Android
MM_1763,2024-08-25,2024-08-31 00:00:00,Period Tracker,6.0,Android
MM_1763,2024-08-25,2024-09-23 00:00:00,Period Tracker,12.0,Android
MM_1763,2024-08-25,2024-09-13 00:00:00,Symptom Logger,7.8,iOS
MM_1763,2024-08-25,2024-09-29 00:00:00,Period Tracker,3.0,Android
MM_1763,2024-08-25,2024-09-10 00:00:00,Period Tracker,9.1,iOS
MM_1763,2024-08-25,2024-10-15 00:00:00,Period Tracker,13.5,iOS
MM_1763,2024-08-25,2024-10-03 00:00:00,Symptom Logger,8.9,iOS
MM_1763,2024-08-25,2024-09-30 00:00:00,Community Forum,4.7,Android
MM_1764,2024-09-09,2024-11-02 00:00:00,Symptom Logger,14.4,Android
MM_1764,2024-09-09,2024-09-12 00:00:00,Period Tracker,10.4,Android
MM_1764,2024-09-09,2024-11-04 00:00:00,Period Tracker,2.8,iOS
MM_1764,2024-09-09,2024-09-17 00:00:00,Period Tracker,6.7,iOS
MM_1764,2024-09-09,2024-10-18 00:00:00,Period Tracker,7.0,iOS
MM_1764,2024-09-09,2024-10-25 00:00:00,Community Forum,1.7,iOS
MM_1764,2024-09-09,2024-09-21 00:00:00,Period Tracker,13.8,iOS
MM_1764,2024-09-09,2024-10-31 00:00:00,Health Articles,4.8,Android
MM_1764,2024-09-09,2024-10-16 00:00:00,Period Tracker,12.8,iOS
MM_1764,2024-09-09,2024-10-14 00:00:00,Period Tracker,8.1,Android
MM_1764,2024-09-09,2024-11-01 00:00:00,Symptom Logger,8.6,Android
MM_1764,2024-09-09,2024-10-17 00:00:00,Period Tracker,12.7,Android
MM_1765,2024-08-22,2024-09-02 00:00:00,Period Tracker,5.4,Android
MM_1766,2024-10-11,2024-12-02 00:00:00,Health Articles,11.1,iOS
MM_1766,2024-10-11,2024-11-14 00:00:00,Health Articles,5.0,Android
MM_1766,2024-10-11,2024-10-17 00:00:00,Symptom Logger,5.6,Android
MM_1766,2024-10-11,2024-12-06 00:00:00,Health Articles,2.2,Android
MM_1766,2024-10-11,2024-10-31 00:00:00,Health Articles,9.1,iOS
MM_1766,2024-10-11,2024-11-01 00:00:00,Period Tracker,4.3,iOS
MM_1766,2024-10-11,2024-11-21 00:00:00,Period Tracker,6.5,Android
MM_1766,2024-10-11,2024-10-14 00:00:00,Period Tracker,4.8,Android
MM_1766,2024-10-11,2024-11-23 00:00:00,Period Tracker,9.1,Android
MM_1767,2024-10-16,2024-11-02 00:00:00,Period Tracker,11.8,iOS
MM_1767,2024-10-16,2024-11-19 00:00:00,Period Tracker,5.2,Android
MM_1767,2024-10-16,2024-11-25 00:00:00,Period Tracker,12.4,iOS
MM_1767,2024-10-16,2024-12-06 00:00:00,Period Tracker,3.0,Android
MM_1767,2024-10-16,2024-10-29 00:00:00,Period Tracker,2.4,iOS
MM_1767,2024-10-16,2024-10-30 00:00:00,Health Articles,11.0,Android
MM_1767,2024-10-16,2024-11-19 00:00:00,Period Tracker,2.2,Android
MM_1767,2024-10-16,2024-11-19 00:00:00,Period Tracker,13.0,Android
MM_1767,2024-10-16,2024-11-11 00:00:00,Community Forum,2.0,iOS
MM_1767,2024-10-16,2024-11-18 00:00:00,Period Tracker,5.3,Android
MM_1767,2024-10-16,2024-11-08 00:00:00,Community Forum,6.5,Android
MM_1768,2024-10-06,2024-10-14 00:00:00,Symptom Logger,,Android
MM_1768,2024-10-06,2024-10-11 00:00:00,Community Forum,6.9,Android
MM_1768,2024-10-06,2024-11-29 00:00:00,Symptom Logger,7.4,Android
MM_1768,2024-10-06,2024-11-21 00:00:00,Period Tracker,10.5,iOS
MM_1768,2024-10-06,2024-10-30 00:00:00,Health Articles,1.7,iOS
MM_1768,2024-10-06,2024-11-29 00:00:00,Community Forum,9.9,Android
MM_1768,2024-10-06,2024-10-26 00:00:00,Period Tracker,10.6,iOS
MM_1768,2024-10-06,2024-11-24 00:00:00,Period Tracker,,iOS
MM_1768,2024-10-06,2024-11-20 00:00:00,Period Tracker,3.6,Android
MM_1768,2024-10-06,2024-11-19 00:00:00,Community Forum,7.5,Android
MM_1769,2024-10-20,2024-12-12 00:00:00,Period Tracker,13.0,Android
MM_1769,2024-10-20,2024-11-08 00:00:00,Period Tracker,3.4,Android
MM_1769,2024-10-20,2024-10-26 00:00:00,Symptom Logger,5.8,Android
MM_1769,2024-10-20,2024-12-08 00:00:00,Period Tracker,7.5,iOS
MM_1769,2024-10-20,2024-12-07 00:00:00,Period Tracker,13.5,iOS
MM_1769,2024-10-20,2024-11-12 00:00:00,Symptom Logger,9.5,Android
MM_1769,2024-10-20,2024-12-14 00:00:00,Symptom Logger,13.8,Android
MM_1769,2024-10-20,2024-11-07 00:00:00,Community Forum,5.7,iOS
MM_1769,2024-10-20,2024-12-12 00:00:00,Period Tracker,11.6,Android
MM_1769,2024-10-20,2024-12-19 00:00:00,Symptom Logger,13.9,Android
MM_1769,2024-10-20,2024-10-31 00:00:00,Period Tracker,1.3,iOS
MM_1769,2024-10-20,2024-11-24 00:00:00,Community Forum,13.6,Android
MM_1769,2024-10-20,2024-11-03 00:00:00,Community Forum,10.4,Android
MM_1769,2024-10-20,2024-11-02 00:00:00,Period Tracker,12.3,iOS
MM_1770,2024-08-06,2024-09-14 00:00:00,Period Tracker,2.2,iOS
MM_1770,2024-08-06,2024-08-25 00:00:00,Community Forum,8.5,Android
MM_1770,2024-08-06,2024-10-01 00:00:00,Symptom Logger,11.6,iOS
MM_1770,2024-08-06,2024-09-09 00:00:00,Period Tracker,9.0,iOS
MM_1770,2024-08-06,2024-09-07 00:00:00,Period Tracker,11.6,Android
MM_1770,2024-08-06,2024-09-04 00:00:00,Period Tracker,13.5,iOS
MM_1770,2024-08-06,2024-09-04 00:00:00,Period Tracker,1.0,Android
MM_1770,2024-08-06,2024-08-09 00:00:00,Period Tracker,6.5,iOS
MM_1770,2024-08-06,2024-10-04 00:00:00,Period Tracker,7.6,iOS
MM_1770,2024-08-06,2024-08-20 00:00:00,Community Forum,13.7,iOS
MM_1770,2024-08-06,2024-09-19 00:00:00,Community Forum,2.4,iOS
MM_1770,2024-08-06,2024-08-20 00:00:00,Period Tracker,9.0,iOS
MM_1770,2024-08-06,2024-09-09 00:00:00,Health Articles,12.8,Android
MM_1770,2024-08-06,2024-09-28 00:00:00,Period Tracker,5.9,Android
MM_1770,2024-08-06,2024-09-19 00:00:00,Period Tracker,11.0,Android
MM_1770,2024-08-06,2024-08-15 00:00:00,Period Tracker,8.7,iOS
MM_1770,2024-08-06,2024-10-05 00:00:00,Period Tracker,12.7,iOS
MM_1770,2024-08-06,2024-08-26 00:00:00,Community Forum,11.9,Android
MM_1771,2024-08-24,2024-08-29 00:00:00,Symptom Logger,6.7,Android
MM_1772,2024-10-29,2024-12-26 00:00:00,Community Forum,3.3,Android
MM_1772,2024-10-29,2024-11-11 00:00:00,Health Articles,,Android
MM_1772,2024-10-29,2024-12-23 00:00:00,Period Tracker,4.2,Android
MM_1772,2024-10-29,2024-11-06 00:00:00,Period Tracker,12.8,iOS
MM_1772,2024-10-29,2024-11-23 00:00:00,Community Forum,2.3,Android
MM_1772,2024-10-29,2024-11-14 00:00:00,Health Articles,9.1,Android
MM_1772,2024-10-29,2024-12-14 00:00:00,Period Tracker,10.6,Android
MM_1772,2024-10-29,2024-12-22 00:00:00,Period Tracker,2.1,iOS
MM_1772,2024-10-29,2024-12-25 00:00:00,Community Forum,3.6,Android
MM_1772,2024-10-29,2024-11-20 00:00:00,Symptom Logger,3.9,iOS
MM_1773,2024-09-27,2024-10-09 00:00:00,Symptom Logger,6.8,Android
MM_1773,2024-09-27,2024-10-31 00:00:00,Community Forum,4.1,Android
MM_1773,2024-09-27,2024-10-10 00:00:00,Period Tracker,11.6,iOS
MM_1773,2024-09-27,2024-10-31 00:00:00,Period Tracker,,iOS
MM_1773,2024-09-27,2024-10-21 00:00:00,Symptom Logger,8.4,Android
MM_1773,2024-09-27,2024-10-21 00:00:00,Period Tracker,3.3,iOS
MM_1773,2024-09-27,2024-10-18 00:00:00,Period Tracker,11.7,Android
MM_1773,2024-09-27,2024-11-01 00:00:00,Community Forum,12.7,Android
MM_1773,2024-09-27,2024-10-05 00:00:00,Period Tracker,5.3,iOS
MM_1773,2024-09-27,2024-10-03 00:00:00,Symptom Logger,7.7,Android
MM_1773,2024-09-27,2024-10-25 00:00:00,Symptom Logger,2.2,iOS
MM_1773,2024-09-27,2024-10-18 00:00:00,Period Tracker,14.1,iOS
MM_1773,2024-09-27,2024-10-01 00:00:00,Community Forum,10.7,Android
MM_1773,2024-09-27,2024-11-12 00:00:00,Community Forum,13.2,iOS
MM_1774,2024-09-23,2024-10-11 00:00:00,Symptom Logger,11.1,Android
MM_1774,2024-09-23,2024-11-21 00:00:00,Period Tracker,9.7,iOS
MM_1774,2024-09-23,2024-11-16 00:00:00,Period Tracker,8.9,Android
MM_1774,2024-09-23,2024-11-08 00:00:00,Symptom Logger,3.0,Android
MM_1774,2024-09-23,2024-10-01 00:00:00,Period Tracker,13.4,iOS
MM_1774,2024-09-23,2024-09-28 00:00:00,Period Tracker,3.4,iOS
MM_1774,2024-09-23,2024-10-31 00:00:00,Community Forum,11.7,Android
MM_1774,2024-09-23,2024-09-23 00:00:00,Period Tracker,3.8,iOS
MM_1774,2024-09-23,2024-10-10 00:00:00,Community Forum,8.2,Android
MM_1774,2024-09-23,2024-10-21 00:00:00,Symptom Logger,13.2,Android
MM_1775,2024-08-30,2024-09-25 00:00:00,Community Forum,1.8,Android
MM_1776,2024-10-23,2024-12-10 00:00:00,Period Tracker,7.8,Android
MM_1776,2024-10-23,2024-11-27 00:00:00,Period Tracker,3.6,Android
MM_1776,2024-10-23,2024-12-14 00:00:00,Period Tracker,14.4,Android
MM_1777,2024-09-10,2024-09-19 00:00:00,Period Tracker,7.5,iOS
MM_1777,2024-09-10,2024-09-24 00:00:00,Symptom Logger,2.2,Android
MM_1777,2024-09-10,2024-09-16 00:00:00,Period Tracker,4.1,Android
MM_1777,2024-09-10,2024-09-16 00:00:00,Period Tracker,11.6,iOS
MM_1777,2024-09-10,2024-10-05 00:00:00,Period Tracker,8.5,Android
MM_1778,2024-08-23,2024-09-04 00:00:00,Period Tracker,3.8,Android
MM_1778,2024-08-23,2024-09-26 00:00:00,Symptom Logger,1.5,Android
MM_1778,2024-08-23,2024-09-08 00:00:00,Symptom Logger,5.8,Android
MM_1778,2024-08-23,2024-09-25 00:00:00,Symptom Logger,12.4,iOS
MM_1778,2024-08-23,2024-09-17 00:00:00,Period Tracker,14.5,Android
MM_1778,2024-08-23,2024-09-03 00:00:00,Period Tracker,10.5,Android
MM_1778,2024-08-23,2024-08-24 00:00:00,Period Tracker,13.0,Android
MM_1778,2024-08-23,2024-09-07 00:00:00,Health Articles,14.2,iOS
MM_1779,2024-10-29,2024-12-01 00:00:00,Period Tracker,14.4,Android
MM_1779,2024-10-29,2024-12-15 00:00:00,Period Tracker,13.9,iOS
MM_1779,2024-10-29,2024-11-07 00:00:00,Health Articles,14.2,Android
MM_1779,2024-10-29,2024-12-11 00:00:00,Health Articles,12.1,iOS
MM_1779,2024-10-29,2024-11-04 00:00:00,Period Tracker,14.5,Android
MM_1779,2024-10-29,2024-12-08 00:00:00,Period Tracker,3.6,Android
MM_1779,2024-10-29,2024-10-31 00:00:00,Period Tracker,12.0,Android
MM_1779,2024-10-29,2024-12-23 00:00:00,Period Tracker,,iOS
MM_1780,2024-10-15,2024-12-06 00:00:00,Symptom Logger,4.5,iOS
MM_1780,2024-10-15,2024-11-13 00:00:00,Period Tracker,11.0,iOS
MM_1780,2024-10-15,2024-10-22 00:00:00,Period Tracker,11.7,iOS
MM_1780,2024-10-15,2024-11-08 00:00:00,Period Tracker,9.1,iOS
MM_1780,2024-10-15,2024-10-24 00:00:00,Period Tracker,8.7,iOS
MM_1780,2024-10-15,2024-11-07 00:00:00,Symptom Logger,13.1,iOS
MM_1780,2024-10-15,2024-12-13 00:00:00,Health Articles,5.8,iOS
MM_1781,2024-10-13,2024-11-14 00:00:00,Community Forum,2.4,iOS
MM_1781,2024-10-13,2024-11-16 00:00:00,Period Tracker,11.0,iOS
MM_1782,2024-09-20,2024-11-06 00:00:00,Period Tracker,12.2,iOS
MM_1782,2024-09-20,2024-10-18 00:00:00,Period Tracker,14.6,Android
MM_1782,2024-09-20,2024-10-20 00:00:00,Health Articles,1.2,iOS
MM_1782,2024-09-20,2024-09-24 00:00:00,Symptom Logger,13.7,iOS
MM_1782,2024-09-20,2024-11-04 00:00:00,Community Forum,2.5,iOS
MM_1782,2024-09-20,2024-11-03 00:00:00,Period Tracker,10.1,Android
MM_1782,2024-09-20,2024-10-06 00:00:00,Health Articles,1.4,iOS
MM_1782,2024-09-20,2024-11-13 00:00:00,Symptom Logger,10.5,iOS
MM_1782,2024-09-20,2024-11-07 00:00:00,Period Tracker,14.7,iOS
MM_1782,2024-09-20,2024-11-17 00:00:00,Symptom Logger,5.7,Android
MM_1782,2024-09-20,2024-11-10 00:00:00,Period Tracker,1.9,Android
MM_1782,2024-09-20,2024-11-16 00:00:00,Symptom Logger,5.3,iOS
MM_1782,2024-09-20,2024-10-13 00:00:00,Period Tracker,4.9,Android
MM_1782,2024-09-20,2024-11-14 00:00:00,Period Tracker,7.8,iOS
MM_1782,2024-09-20,2024-11-12 00:00:00,Symptom Logger,10.4,iOS
MM_1782,2024-09-20,2024-11-19 00:00:00,Symptom Logger,2.7,Android
MM_1782,2024-09-20,2024-09-29 00:00:00,Period Tracker,5.5,iOS
MM_1782,2024-09-20,2024-09-26 00:00:00,Period Tracker,11.7,Android
MM_1782,2024-09-20,2024-11-05 00:00:00,Period Tracker,11.2,Android
MM_1782,2024-09-20,2024-10-05 00:00:00,Period Tracker,9.8,Android
MM_1783,2024-08-16,2024-09-26 00:00:00,Symptom Logger,4.4,Android
MM_1783,2024-08-16,2024-09-14 00:00:00,Symptom Logger,13.9,iOS
MM_1783,2024-08-16,2024-10-11 00:00:00,Health Articles,8.0,Android
MM_1783,2024-08-16,2024-08-20 00:00:00,Period Tracker,9.4,iOS
MM_1783,2024-08-16,2024-08-24 00:00:00,Period Tracker,6.4,Android
MM_1783,2024-08-16,2024-09-24 00:00:00,Health Articles,2.0,iOS
MM_1783,2024-08-16,2024-10-08 00:00:00,Community Forum,1.4,Android
MM_1783,2024-08-16,2024-10-02 00:00:00,Symptom Logger,8.6,Android
MM_1783,2024-08-16,2024-10-12 00:00:00,Health Articles,10.3,Android
MM_1784,2024-08-10,2024-09-05 00:00:00,Period Tracker,4.6,Android
MM_1784,2024-08-10,2024-08-11 00:00:00,Health Articles,11.1,iOS
MM_1784,2024-08-10,2024-08-10 00:00:00,Health Articles,10.9,iOS
MM_1784,2024-08-10,2024-09-24 00:00:00,Period Tracker,6.1,iOS
MM_1784,2024-08-10,2024-08-11 00:00:00,Period Tracker,10.5,Android
MM_1784,2024-08-10,2024-08-20 00:00:00,Period Tracker,2.4,iOS
MM_1784,2024-08-10,2024-10-01 00:00:00,Community Forum,7.7,iOS
MM_1784,2024-08-10,2024-08-16 00:00:00,Period Tracker,14.5,Android
MM_1784,2024-08-10,2024-08-18 00:00:00,Health Articles,3.0,iOS
MM_1784,2024-08-10,2024-08-19 00:00:00,Period Tracker,5.5,iOS
MM_1785,2024-08-07,2024-09-19 00:00:00,Period Tracker,11.5,iOS
MM_1786,2024-09-23,2024-10-09 00:00:00,Period Tracker,10.4,Android
MM_1786,2024-09-23,2024-11-04 00:00:00,Period Tracker,3.5,iOS
MM_1786,2024-09-23,2024-10-19 00:00:00,Period Tracker,9.1,Android
MM_1786,2024-09-23,2024-11-15 00:00:00,Community Forum,12.2,iOS
MM_1786,2024-09-23,2024-10-14 00:00:00,Period Tracker,2.3,iOS
MM_1787,2024-10-22,2024-12-17 00:00:00,Period Tracker,4.8,Android
MM_1787,2024-10-22,2024-11-26 00:00:00,Community Forum,5.2,Android
MM_1787,2024-10-22,2024-11-14 00:00:00,Period Tracker,5.1,Android
MM_1788,2024-08-20,2024-10-08 00:00:00,Period Tracker,12.1,Android
MM_1788,2024-08-20,2024-09-09 00:00:00,Period Tracker,4.8,Android
MM_1789,2024-08-25,2024-09-16 00:00:00,Period Tracker,13.8,Android
MM_1789,2024-08-25,2024-09-16 00:00:00,Symptom Logger,12.4,Android
MM_1789,2024-08-25,2024-10-17 00:00:00,Community Forum,2.8,iOS
MM_1789,2024-08-25,2024-09-22 00:00:00,Community Forum,12.6,iOS
MM_1789,2024-08-25,2024-09-05 00:00:00,Period Tracker,9.3,iOS
MM_1789,2024-08-25,2024-08-28 00:00:00,Health Articles,7.0,Android
MM_1789,2024-08-25,2024-09-08 00:00:00,Period Tracker,14.3,Android
MM_1789,2024-08-25,2024-09-13 00:00:00,Period Tracker,7.9,iOS
MM_1789,2024-08-25,2024-09-08 00:00:00,Period Tracker,5.0,Android
MM_1789,2024-08-25,2024-09-02 00:00:00,Period Tracker,11.3,iOS
MM_1789,2024-08-25,2024-10-20 00:00:00,Period Tracker,14.7,iOS
MM_1789,2024-08-25,2024-10-10 00:00:00,Period Tracker,11.2,iOS
MM_1789,2024-08-25,2024-10-20 00:00:00,Health Articles,9.8,iOS
MM_1789,2024-08-25,2024-09-05 00:00:00,Health Articles,1.1,iOS
MM_1789,2024-08-25,2024-09-14 00:00:00,Period Tracker,5.1,Android
MM_1789,2024-08-25,2024-10-23 00:00:00,Health Articles,8.2,Android
MM_1789,2024-08-25,2024-09-05 00:00:00,Period Tracker,8.0,iOS
MM_1789,2024-08-25,2024-10-17 00:00:00,Period Tracker,11.4,iOS
MM_1789,2024-08-25,2024-10-01 00:00:00,Community Forum,7.7,Android
MM_1790,2024-08-06,2024-08-28 00:00:00,Health Articles,1.5,Android
MM_1790,2024-08-06,2024-09-24 00:00:00,Symptom Logger,10.5,Android
MM_1790,2024-08-06,2024-09-14 00:00:00,Period Tracker,12.7,iOS
MM_1790,2024-08-06,2024-08-15 00:00:00,Period Tracker,12.5,Android
MM_1790,2024-08-06,2024-09-26 00:00:00,Community Forum,7.9,Android
MM_1790,2024-08-06,2024-08-24 00:00:00,Period Tracker,9.1,Android
MM_1790,2024-08-06,2024-09-06 00:00:00,Symptom Logger,14.0,Android
MM_1790,2024-08-06,2024-08-31 00:00:00,Period Tracker,5.7,Android
MM_1790,2024-08-06,2024-09-05 00:00:00,Period Tracker,2.1,Android
MM_1790,2024-08-06,2024-09-08 00:00:00,Symptom Logger,4.1,iOS
MM_1790,2024-08-06,2024-09-30 00:00:00,Symptom Logger,7.8,Android
MM_1791,2024-08-06,2024-08-08 00:00:00,Health Articles,4.7,Android
MM_1791,2024-08-06,2024-08-12 00:00:00,Period Tracker,3.5,iOS
MM_1791,2024-08-06,2024-09-22 00:00:00,Period Tracker,12.8,Android
MM_1791,2024-08-06,2024-08-19 00:00:00,Period Tracker,9.7,Android
MM_1791,2024-08-06,2024-08-23 00:00:00,Period Tracker,6.8,Android
MM_1791,2024-08-06,2024-09-25 00:00:00,Health Articles,13.4,iOS
MM_1791,2024-08-06,2024-09-23 00:00:00,Symptom Logger,7.7,iOS
MM_1791,2024-08-06,2024-08-21 00:00:00,Period Tracker,7.8,Android
MM_1791,2024-08-06,2024-09-27 00:00:00,Period Tracker,9.4,iOS
MM_1791,2024-08-06,2024-09-09 00:00:00,Health Articles,12.1,iOS
MM_1791,2024-08-06,2024-09-03 00:00:00,Health Articles,1.9,iOS
MM_1791,2024-08-06,2024-09-29 00:00:00,Period Tracker,4.8,iOS
MM_1791,2024-08-06,2024-09-17 00:00:00,Period Tracker,7.5,Android
MM_1791,2024-08-06,2024-09-13 00:00:00,Period Tracker,7.8,Android
MM_1791,2024-08-06,2024-09-02 00:00:00,Health Articles,,iOS
MM_1791,2024-08-06,2024-09-03 00:00:00,Health Articles,14.8,iOS
MM_1791,2024-08-06,2024-09-12 00:00:00,Period Tracker,8.6,iOS
MM_1791,2024-08-06,2024-08-13 00:00:00,Symptom Logger,1.3,Android
MM_1791,2024-08-06,2024-08-19 00:00:00,Community Forum,3.3,Android
MM_1792,2024-08-02,2024-08-29 00:00:00,Symptom Logger,4.7,Android
MM_1792,2024-08-02,2024-09-03 00:00:00,Period Tracker,2.7,Android
MM_1793,2024-08-05,2024-08-13 00:00:00,Community Forum,12.7,iOS
MM_1793,2024-08-05,2024-08-07 00:00:00,Period Tracker,7.1,iOS
MM_1793,2024-08-05,2024-09-11 00:00:00,Period Tracker,4.0,Android
MM_1794,2024-08-06,2024-09-21 00:00:00,Health Articles,11.0,iOS
MM_1794,2024-08-06,2024-09-23 00:00:00,Community Forum,10.1,iOS
MM_1794,2024-08-06,2024-10-05 00:00:00,Community Forum,13.4,iOS
MM_1794,2024-08-06,2024-09-16 00:00:00,Symptom Logger,11.8,Android
MM_1794,2024-08-06,2024-08-09 00:00:00,Period Tracker,4.8,iOS
MM_1794,2024-08-06,2024-08-21 00:00:00,Period Tracker,5.7,iOS
MM_1794,2024-08-06,2024-08-27 00:00:00,Period Tracker,6.6,Android
MM_1794,2024-08-06,2024-09-05 00:00:00,Period Tracker,12.6,iOS
MM_1794,2024-08-06,2024-08-21 00:00:00,Period Tracker,6.0,Android
MM_1794,2024-08-06,2024-09-02 00:00:00,Period Tracker,3.1,Android
MM_1794,2024-08-06,2024-09-19 00:00:00,Symptom Logger,11.6,Android
MM_1794,2024-08-06,2024-09-03 00:00:00,Health Articles,8.8,Android
MM_1794,2024-08-06,2024-09-06 00:00:00,Period Tracker,7.9,iOS
MM_1794,2024-08-06,2024-08-30 00:00:00,Period Tracker,2.0,iOS
MM_1794,2024-08-06,2024-08-09 00:00:00,Period Tracker,11.5,Android
MM_1794,2024-08-06,2024-08-09 00:00:00,Period Tracker,9.3,iOS
MM_1794,2024-08-06,2024-08-23 00:00:00,Period Tracker,3.9,iOS
MM_1795,2024-09-17,2024-11-07 00:00:00,Symptom Logger,7.4,iOS
MM_1795,2024-09-17,2024-11-13 00:00:00,Symptom Logger,11.8,iOS
MM_1795,2024-09-17,2024-09-23 00:00:00,Period Tracker,14.1,iOS
MM_1796,2024-10-05,2024-10-13 00:00:00,Period Tracker,6.5,Android
MM_1796,2024-10-05,2024-10-14 00:00:00,Community Forum,12.9,Android
MM_1797,2024-08-15,2024-09-21 00:00:00,Symptom Logger,12.7,iOS
MM_1797,2024-08-15,2024-08-20 00:00:00,Period Tracker,4.9,iOS
MM_1797,2024-08-15,2024-08-29 00:00:00,Period Tracker,1.2,Android
MM_1797,2024-08-15,2024-09-18 00:00:00,Period Tracker,8.0,iOS
MM_1797,2024-08-15,2024-08-26 00:00:00,Period Tracker,6.5,iOS
MM_1797,2024-08-15,2024-09-24 00:00:00,Community Forum,5.3,Android
MM_1797,2024-08-15,2024-09-11 00:00:00,Health Articles,6.1,iOS
MM_1797,2024-08-15,2024-10-01 00:00:00,Period Tracker,11.8,iOS
MM_1797,2024-08-15,2024-08-24 00:00:00,Health Articles,7.0,Android
MM_1797,2024-08-15,2024-08-21 00:00:00,Symptom Logger,10.9,Android
MM_1797,2024-08-15,2024-09-06 00:00:00,Period Tracker,12.4,Android
MM_1797,2024-08-15,2024-08-27 00:00:00,Symptom Logger,4.9,Android
MM_1797,2024-08-15,2024-09-20 00:00:00,Period Tracker,6.5,iOS
MM_1797,2024-08-15,2024-10-04 00:00:00,Community Forum,11.5,Android
MM_1797,2024-08-15,2024-10-12 00:00:00,Community Forum,3.7,iOS
MM_1797,2024-08-15,2024-09-05 00:00:00,Period Tracker,9.1,iOS
MM_1797,2024-08-15,2024-08-16 00:00:00,Symptom Logger,7.4,Android
MM_1798,2024-10-02,2024-10-02 00:00:00,Period Tracker,2.3,iOS
MM_1798,2024-10-02,2024-10-11 00:00:00,Community Forum,10.7,iOS
MM_1798,2024-10-02,2024-11-18 00:00:00,Health Articles,11.7,Android
MM_1798,2024-10-02,2024-11-15 00:00:00,Health Articles,9.6,Android
MM_1798,2024-10-02,2024-11-26 00:00:00,Period Tracker,13.9,iOS
MM_1798,2024-10-02,2024-11-12 00:00:00,Period Tracker,5.1,Android
MM_1798,2024-10-02,2024-10-09 00:00:00,Community Forum,,Android
MM_1798,2024-10-02,2024-11-27 00:00:00,Period Tracker,1.6,iOS
MM_1798,2024-10-02,2024-10-26 00:00:00,Period Tracker,12.6,iOS
MM_1798,2024-10-02,2024-11-17 00:00:00,Period Tracker,8.6,Android
MM_1798,2024-10-02,2024-10-20 00:00:00,Health Articles,13.2,Android
MM_1798,2024-10-02,2024-11-17 00:00:00,Symptom Logger,1.2,iOS
MM_1798,2024-10-02,2024-11-02 00:00:00,Period Tracker,2.0,Android
MM_1798,2024-10-02,2024-10-29 00:00:00,Period Tracker,11.8,Android
MM_1798,2024-10-02,2024-10-23 00:00:00,Period Tracker,2.5,iOS
MM_1798,2024-10-02,2024-11-21 00:00:00,Period Tracker,10.4,Android
MM_1798,2024-10-02,2024-11-12 00:00:00,Period Tracker,1.6,iOS
MM_1798,2024-10-02,2024-11-03 00:00:00,Community Forum,8.1,iOS
MM_1798,2024-10-02,2024-10-10 00:00:00,Period Tracker,9.3,iOS
MM_1799,2024-10-09,2024-11-30 00:00:00,Period Tracker,2.6,iOS
MM_1799,2024-10-09,2024-11-15 00:00:00,Health Articles,4.6,iOS
MM_1799,2024-10-09,2024-10-13 00:00:00,Period Tracker,4.4,iOS
MM_1799,2024-10-09,2024-12-01 00:00:00,Symptom Logger,7.0,iOS
MM_1799,2024-10-09,2024-11-15 00:00:00,Period Tracker,9.8,iOS
MM_1800,2024-08-28,2024-10-06 00:00:00,Period Tracker,7.7,Android
MM_1801,2024-08-25,2024-09-23 00:00:00,Period Tracker,2.7,iOS
MM_1801,2024-08-25,2024-09-12 00:00:00,Period Tracker,6.2,Android
MM_1801,2024-08-25,2024-10-16 00:00:00,Health Articles,12.6,iOS
MM_1801,2024-08-25,2024-10-15 00:00:00,Health Articles,12.6,iOS
MM_1801,2024-08-25,2024-09-02 00:00:00,Symptom Logger,9.3,Android
MM_1801,2024-08-25,2024-10-20 00:00:00,Period Tracker,3.8,iOS
MM_1801,2024-08-25,2024-09-16 00:00:00,Period Tracker,6.7,Android
MM_1801,2024-08-25,2024-09-30 00:00:00,Period Tracker,11.5,iOS
MM_1801,2024-08-25,2024-10-07 00:00:00,Symptom Logger,6.2,iOS
MM_1801,2024-08-25,2024-10-05 00:00:00,Symptom Logger,13.3,iOS
MM_1801,2024-08-25,2024-10-16 00:00:00,Health Articles,8.1,Android
MM_1801,2024-08-25,2024-09-09 00:00:00,Period Tracker,8.7,iOS
MM_1801,2024-08-25,2024-09-17 00:00:00,Period Tracker,1.2,Android
MM_1801,2024-08-25,2024-10-24 00:00:00,Period Tracker,10.6,iOS
MM_1801,2024-08-25,2024-10-01 00:00:00,Period Tracker,2.8,iOS
MM_1801,2024-08-25,2024-10-11 00:00:00,Community Forum,6.9,iOS
MM_1801,2024-08-25,2024-10-12 00:00:00,Community Forum,7.8,iOS
MM_1801,2024-08-25,2024-09-04 00:00:00,Period Tracker,3.7,Android
MM_1801,2024-08-25,2024-10-23 00:00:00,Symptom Logger,9.6,Android
MM_1802,2024-10-08,2024-10-29 00:00:00,Symptom Logger,,Android
MM_1802,2024-10-08,2024-11-21 00:00:00,Period Tracker,11.4,iOS
MM_1803,2024-09-23,2024-11-08 00:00:00,Period Tracker,9.2,Android
MM_1803,2024-09-23,2024-10-13 00:00:00,Period Tracker,1.1,Android
MM_1803,2024-09-23,2024-11-03 00:00:00,Community Forum,10.8,Android
MM_1803,2024-09-23,2024-10-12 00:00:00,Health Articles,1.4,iOS
MM_1803,2024-09-23,2024-10-29 00:00:00,Symptom Logger,11.1,Android
MM_1803,2024-09-23,2024-10-20 00:00:00,Symptom Logger,12.4,Android
MM_1803,2024-09-23,2024-10-07 00:00:00,Period Tracker,12.3,iOS
MM_1803,2024-09-23,2024-11-08 00:00:00,Community Forum,7.6,iOS
MM_1803,2024-09-23,2024-11-01 00:00:00,Symptom Logger,14.1,iOS
MM_1803,2024-09-23,2024-10-16 00:00:00,Community Forum,4.4,iOS
MM_1803,2024-09-23,2024-10-10 00:00:00,Period Tracker,4.0,iOS
MM_1803,2024-09-23,2024-11-11 00:00:00,Health Articles,10.5,Android
MM_1803,2024-09-23,2024-10-01 00:00:00,Period Tracker,12.2,iOS
MM_1803,2024-09-23,2024-11-06 00:00:00,Period Tracker,8.5,Android
MM_1803,2024-09-23,2024-11-05 00:00:00,Period Tracker,10.0,iOS
MM_1804,2024-08-14,2024-09-28 00:00:00,Period Tracker,8.6,Android
MM_1804,2024-08-14,2024-10-12 00:00:00,Health Articles,12.2,iOS
MM_1804,2024-08-14,2024-08-14 00:00:00,Period Tracker,14.4,iOS
MM_1805,2024-10-01,2024-11-15 00:00:00,Period Tracker,1.8,iOS
MM_1805,2024-10-01,2024-10-02 00:00:00,Period Tracker,9.1,Android
MM_1806,2024-10-17,2024-10-27 00:00:00,Period Tracker,7.8,iOS
MM_1806,2024-10-17,2024-12-04 00:00:00,Period Tracker,9.6,iOS
MM_1806,2024-10-17,2024-11-11 00:00:00,Health Articles,4.0,Android
MM_1806,2024-10-17,2024-11-07 00:00:00,Period Tracker,8.4,Android
MM_1806,2024-10-17,2024-10-21 00:00:00,Symptom Logger,12.7,iOS
MM_1806,2024-10-17,2024-11-14 00:00:00,Symptom Logger,2.8,iOS
MM_1806,2024-10-17,2024-10-29 00:00:00,Symptom Logger,5.6,Android
MM_1806,2024-10-17,2024-12-11 00:00:00,Community Forum,11.1,iOS
MM_1806,2024-10-17,2024-11-13 00:00:00,Period Tracker,7.3,iOS
MM_1806,2024-10-17,2024-10-22 00:00:00,Period Tracker,1.4,Android
MM_1806,2024-10-17,2024-12-03 00:00:00,Period Tracker,12.2,iOS
MM_1806,2024-10-17,2024-11-28 00:00:00,Symptom Logger,11.2,Android
MM_1806,2024-10-17,2024-12-01 00:00:00,Period Tracker,2.0,Android
MM_1806,2024-10-17,2024-12-07 00:00:00,Period Tracker,13.8,Android
MM_1806,2024-10-17,2024-10-20 00:00:00,Symptom Logger,10.5,iOS
MM_1806,2024-10-17,2024-10-18 00:00:00,Period Tracker,6.5,Android
MM_1806,2024-10-17,2024-11-02 00:00:00,Symptom Logger,4.3,Android
MM_1806,2024-10-17,2024-10-31 00:00:00,Symptom Logger,12.8,Android
MM_1807,2024-09-05,2024-10-28 00:00:00,Community Forum,6.1,iOS
MM_1807,2024-09-05,2024-10-14 00:00:00,Health Articles,8.0,Android
MM_1807,2024-09-05,2024-09-15 00:00:00,Period Tracker,9.0,Android
MM_1807,2024-09-05,2024-09-06 00:00:00,Period Tracker,10.7,iOS
MM_1807,2024-09-05,2024-10-19 00:00:00,Symptom Logger,12.8,Android
MM_1807,2024-09-05,2024-10-14 00:00:00,Period Tracker,14.5,iOS
MM_1808,2024-08-22,2024-09-28 00:00:00,Symptom Logger,1.6,iOS
MM_1808,2024-08-22,2024-09-23 00:00:00,Period Tracker,6.0,iOS
MM_1808,2024-08-22,2024-08-23 00:00:00,Symptom Logger,13.5,iOS
MM_1808,2024-08-22,2024-09-25 00:00:00,Period Tracker,10.1,iOS
MM_1808,2024-08-22,2024-10-10 00:00:00,Period Tracker,4.0,iOS
MM_1808,2024-08-22,2024-09-14 00:00:00,Period Tracker,6.6,Android
MM_1808,2024-08-22,2024-09-09 00:00:00,Period Tracker,5.8,Android
MM_1808,2024-08-22,2024-10-15 00:00:00,Period Tracker,1.9,Android
MM_1808,2024-08-22,2024-09-19 00:00:00,Period Tracker,2.7,iOS
MM_1808,2024-08-22,2024-09-10 00:00:00,Period Tracker,12.5,iOS
MM_1808,2024-08-22,2024-09-04 00:00:00,Community Forum,3.4,Android
MM_1808,2024-08-22,2024-10-02 00:00:00,Period Tracker,5.4,Android
MM_1809,2024-10-19,2024-10-24 00:00:00,Period Tracker,14.9,Android
MM_1809,2024-10-19,2024-10-29 00:00:00,Period Tracker,,Android
MM_1809,2024-10-19,2024-11-26 00:00:00,Health Articles,2.7,Android
MM_1809,2024-10-19,2024-11-04 00:00:00,Period Tracker,12.1,iOS
MM_1809,2024-10-19,2024-11-09 00:00:00,Period Tracker,4.5,iOS
MM_1809,2024-10-19,2024-11-29 00:00:00,Period Tracker,5.6,iOS
MM_1809,2024-10-19,2024-11-22 00:00:00,Community Forum,5.0,iOS
MM_1809,2024-10-19,2024-11-03 00:00:00,Health Articles,4.4,Android
MM_1809,2024-10-19,2024-11-26 00:00:00,Period Tracker,8.2,iOS
MM_1810,2024-08-18,2024-10-14 00:00:00,Health Articles,9.7,iOS
MM_1810,2024-08-18,2024-09-13 00:00:00,Community Forum,9.7,Android
MM_1810,2024-08-18,2024-09-28 00:00:00,Community Forum,2.5,iOS
MM_1810,2024-08-18,2024-10-09 00:00:00,Symptom Logger,6.2,iOS
MM_1810,2024-08-18,2024-10-15 00:00:00,Symptom Logger,7.7,iOS
MM_1810,2024-08-18,2024-10-17 00:00:00,Symptom Logger,9.3,iOS
MM_1810,2024-08-18,2024-08-27 00:00:00,Period Tracker,14.2,iOS
MM_1810,2024-08-18,2024-10-02 00:00:00,Health Articles,9.3,iOS
MM_1810,2024-08-18,2024-08-23 00:00:00,Period Tracker,14.6,Android
MM_1810,2024-08-18,2024-08-21 00:00:00,Community Forum,8.2,iOS
MM_1810,2024-08-18,2024-10-04 00:00:00,Health Articles,3.2,Android
MM_1810,2024-08-18,2024-09-18 00:00:00,Community Forum,9.0,Android
MM_1810,2024-08-18,2024-09-19 00:00:00,Symptom Logger,10.5,Android
MM_1810,2024-08-18,2024-08-30 00:00:00,Symptom Logger,8.8,Android
MM_1810,2024-08-18,2024-10-05 00:00:00,Period Tracker,11.8,iOS
MM_1810,2024-08-18,2024-09-15 00:00:00,Period Tracker,2.6,Android
MM_1810,2024-08-18,2024-09-27 00:00:00,Community Forum,11.2,iOS
MM_1811,2024-10-01,2024-11-15 00:00:00,Health Articles,6.7,iOS
MM_1812,2024-09-26,2024-10-26 00:00:00,Community Forum,11.8,Android
MM_1812,2024-09-26,2024-10-07 00:00:00,Period Tracker,4.2,Android
MM_1813,2024-09-19,2024-11-14 00:00:00,Period Tracker,9.3,iOS
MM_1813,2024-09-19,2024-09-22 00:00:00,Community Forum,6.8,Android
MM_1813,2024-09-19,2024-11-04 00:00:00,Period Tracker,8.7,Android
MM_1813,2024-09-19,2024-10-04 00:00:00,Health Articles,5.0,Android
MM_1813,2024-09-19,2024-09-24 00:00:00,Period Tracker,2.7,iOS
MM_1813,2024-09-19,2024-10-10 00:00:00,Symptom Logger,6.0,iOS
MM_1813,2024-09-19,2024-11-04 00:00:00,Health Articles,6.9,Android
MM_1813,2024-09-19,2024-10-23 00:00:00,Period Tracker,5.7,Android
MM_1813,2024-09-19,2024-10-09 00:00:00,Community Forum,9.3,Android
MM_1813,2024-09-19,2024-11-10 00:00:00,Community Forum,11.6,iOS
MM_1813,2024-09-19,2024-09-27 00:00:00,Symptom Logger,6.3,Android
MM_1813,2024-09-19,2024-11-09 00:00:00,Period Tracker,2.3,Android
MM_1813,2024-09-19,2024-10-10 00:00:00,Symptom Logger,7.5,iOS
MM_1813,2024-09-19,2024-11-17 00:00:00,Period Tracker,9.0,iOS
MM_1814,2024-09-08,2024-10-03 00:00:00,Community Forum,8.4,Android
MM_1814,2024-09-08,2024-09-16 00:00:00,Health Articles,11.5,Android
MM_1814,2024-09-08,2024-09-26 00:00:00,Symptom Logger,4.0,Android
MM_1814,2024-09-08,2024-10-30 00:00:00,Symptom Logger,1.2,Android
MM_1814,2024-09-08,2024-10-14 00:00:00,Period Tracker,10.1,Android
MM_1814,2024-09-08,2024-09-09 00:00:00,Period Tracker,10.9,iOS
MM_1814,2024-09-08,2024-10-23 00:00:00,Period Tracker,13.7,iOS
MM_1814,2024-09-08,2024-10-05 00:00:00,Period Tracker,5.3,Android
MM_1814,2024-09-08,2024-10-03 00:00:00,Community Forum,1.3,Android
MM_1814,2024-09-08,2024-10-07 00:00:00,Symptom Logger,1.2,iOS
MM_1814,2024-09-08,2024-10-19 00:00:00,Health Articles,11.5,iOS
MM_1814,2024-09-08,2024-09-29 00:00:00,Symptom Logger,4.7,Android
MM_1814,2024-09-08,2024-10-28 00:00:00,Period Tracker,11.6,Android
MM_1814,2024-09-08,2024-09-10 00:00:00,Community Forum,5.7,iOS
MM_1814,2024-09-08,2024-10-15 00:00:00,Community Forum,2.9,iOS
MM_1814,2024-09-08,2024-09-22 00:00:00,Period Tracker,14.9,Android
MM_1814,2024-09-08,2024-10-06 00:00:00,Period Tracker,5.5,iOS
MM_1814,2024-09-08,2024-10-17 00:00:00,Period Tracker,11.5,Android
MM_1815,2024-10-27,2024-11-03 00:00:00,Period Tracker,14.2,Android
MM_1815,2024-10-27,2024-12-23 00:00:00,Health Articles,2.3,iOS
MM_1816,2024-08-26,2024-10-25 00:00:00,Period Tracker,9.5,Android
MM_1816,2024-08-26,2024-10-02 00:00:00,Period Tracker,14.8,iOS
MM_1817,2024-10-04,2024-11-27 00:00:00,Period Tracker,7.5,iOS
MM_1817,2024-10-04,2024-10-18 00:00:00,Symptom Logger,14.1,Android
MM_1817,2024-10-04,2024-11-19 00:00:00,Health Articles,5.9,Android
MM_1817,2024-10-04,2024-10-27 00:00:00,Period Tracker,12.3,Android
MM_1817,2024-10-04,2024-11-24 00:00:00,Period Tracker,8.1,iOS
MM_1817,2024-10-04,2024-11-13 00:00:00,Period Tracker,11.7,iOS
MM_1817,2024-10-04,2024-10-17 00:00:00,Community Forum,6.5,iOS
MM_1817,2024-10-04,2024-11-08 00:00:00,Period Tracker,1.4,Android
MM_1818,2024-08-10,2024-09-03 00:00:00,Period Tracker,7.3,Android
MM_1818,2024-08-10,2024-09-07 00:00:00,Period Tracker,9.3,iOS
MM_1818,2024-08-10,2024-09-27 00:00:00,Period Tracker,15.0,Android
MM_1818,2024-08-10,2024-10-06 00:00:00,Period Tracker,13.9,Android
MM_1818,2024-08-10,2024-08-17 00:00:00,Period Tracker,14.7,Android
MM_1818,2024-08-10,2024-09-30 00:00:00,Community Forum,9.7,Android
MM_1819,2024-08-21,2024-10-02 00:00:00,Period Tracker,8.9,Android
MM_1820,2024-09-13,2024-10-12 00:00:00,Community Forum,,Android
MM_1820,2024-09-13,2024-09-25 00:00:00,Period Tracker,7.3,iOS
MM_1820,2024-09-13,2024-10-12 00:00:00,Health Articles,4.2,Android
MM_1821,2024-08-30,2024-09-14 00:00:00,Symptom Logger,12.5,iOS
MM_1821,2024-08-30,2024-10-26 00:00:00,Period Tracker,6.8,Android
MM_1821,2024-08-30,2024-09-22 00:00:00,Period Tracker,4.1,iOS
MM_1821,2024-08-30,2024-10-15 00:00:00,Symptom Logger,8.0,iOS
MM_1821,2024-08-30,2024-10-25 00:00:00,Community Forum,14.3,Android
MM_1821,2024-08-30,2024-10-20 00:00:00,Period Tracker,4.7,iOS
MM_1821,2024-08-30,2024-09-04 00:00:00,Health Articles,7.1,iOS
MM_1821,2024-08-30,2024-09-25 00:00:00,Period Tracker,14.7,iOS
MM_1821,2024-08-30,2024-09-23 00:00:00,Health Articles,10.2,Android
MM_1821,2024-08-30,2024-09-18 00:00:00,Symptom Logger,5.9,Android
MM_1821,2024-08-30,2024-10-13 00:00:00,Community Forum,14.2,iOS
MM_1821,2024-08-30,2024-10-10 00:00:00,Symptom Logger,7.8,Android
MM_1821,2024-08-30,2024-10-17 00:00:00,Period Tracker,13.7,iOS
MM_1821,2024-08-30,2024-10-02 00:00:00,Period Tracker,9.1,iOS
MM_1821,2024-08-30,2024-10-05 00:00:00,Community Forum,6.6,Android
MM_1821,2024-08-30,2024-10-25 00:00:00,Symptom Logger,1.6,Android
MM_1821,2024-08-30,2024-09-16 00:00:00,Period Tracker,12.0,Android
MM_1822,2024-09-18,2024-10-05 00:00:00,Health Articles,6.9,iOS
MM_1822,2024-09-18,2024-10-14 00:00:00,Symptom Logger,6.1,Android
MM_1822,2024-09-18,2024-11-15 00:00:00,Period Tracker,2.9,Android
MM_1822,2024-09-18,2024-10-30 00:00:00,Symptom Logger,5.4,Android
MM_1822,2024-09-18,2024-10-01 00:00:00,Community Forum,2.3,Android
MM_1822,2024-09-18,2024-11-13 00:00:00,Health Articles,10.8,iOS
MM_1822,2024-09-18,2024-10-23 00:00:00,Period Tracker,6.6,Android
MM_1822,2024-09-18,2024-09-29 00:00:00,Period Tracker,10.8,Android
MM_1822,2024-09-18,2024-11-09 00:00:00,Symptom Logger,7.1,Android
MM_1822,2024-09-18,2024-11-09 00:00:00,Community Forum,9.8,iOS
MM_1822,2024-09-18,2024-09-23 00:00:00,Symptom Logger,14.1,Android
MM_1822,2024-09-18,2024-10-31 00:00:00,Period Tracker,9.7,Android
MM_1822,2024-09-18,2024-09-19 00:00:00,Period Tracker,6.3,iOS
MM_1822,2024-09-18,2024-11-03 00:00:00,Health Articles,11.7,iOS
MM_1822,2024-09-18,2024-10-16 00:00:00,Period Tracker,9.7,iOS
MM_1822,2024-09-18,2024-10-06 00:00:00,Period Tracker,12.8,iOS
MM_1822,2024-09-18,2024-09-18 00:00:00,Period Tracker,1.5,Android
MM_1823,2024-10-16,2024-11-17 00:00:00,Period Tracker,2.8,Android
MM_1823,2024-10-16,2024-12-07 00:00:00,Period Tracker,5.8,Android
MM_1823,2024-10-16,2024-11-09 00:00:00,Symptom Logger,9.8,Android
MM_1824,2024-08-13,2024-08-22 00:00:00,Period Tracker,9.2,iOS
MM_1824,2024-08-13,2024-09-12 00:00:00,Period Tracker,12.3,Android
MM_1824,2024-08-13,2024-09-19 00:00:00,Symptom Logger,14.0,Android
MM_1825,2024-09-21,2024-10-07 00:00:00,Community Forum,5.3,iOS
MM_1825,2024-09-21,2024-09-23 00:00:00,Health Articles,8.7,Android
MM_1825,2024-09-21,2024-10-30 00:00:00,Period Tracker,3.4,iOS
MM_1826,2024-08-05,2024-08-20 00:00:00,Symptom Logger,14.0,iOS
MM_1826,2024-08-05,2024-08-26 00:00:00,Period Tracker,5.8,iOS
MM_1826,2024-08-05,2024-08-13 00:00:00,Period Tracker,13.7,iOS
MM_1827,2024-10-03,2024-10-13 00:00:00,Period Tracker,11.5,Android
MM_1827,2024-10-03,2024-11-11 00:00:00,Period Tracker,8.2,iOS
MM_1827,2024-10-03,2024-10-17 00:00:00,Community Forum,14.6,Android
MM_1827,2024-10-03,2024-10-13 00:00:00,Period Tracker,7.8,Android
MM_1827,2024-10-03,2024-11-17 00:00:00,Community Forum,9.8,Android
MM_1827,2024-10-03,2024-11-18 00:00:00,Period Tracker,9.7,iOS
MM_1827,2024-10-03,2024-12-02 00:00:00,Period Tracker,9.5,iOS
MM_1827,2024-10-03,2024-11-14 00:00:00,Period Tracker,2.2,Android
MM_1827,2024-10-03,2024-11-05 00:00:00,Health Articles,13.5,Android
MM_1827,2024-10-03,2024-11-18 00:00:00,Community Forum,10.6,Android
MM_1827,2024-10-03,2024-11-30 00:00:00,Period Tracker,7.7,Android
MM_1827,2024-10-03,2024-11-24 00:00:00,Community Forum,10.0,iOS
MM_1827,2024-10-03,2024-10-20 00:00:00,Period Tracker,,Android
MM_1827,2024-10-03,2024-11-19 00:00:00,Period Tracker,4.5,Android
MM_1827,2024-10-03,2024-11-16 00:00:00,Period Tracker,12.2,iOS
MM_1827,2024-10-03,2024-11-12 00:00:00,Community Forum,6.4,iOS
MM_1827,2024-10-03,2024-10-10 00:00:00,Symptom Logger,4.4,iOS
MM_1828,2024-10-16,2024-11-15 00:00:00,Symptom Logger,10.0,iOS
MM_1828,2024-10-16,2024-11-02 00:00:00,Period Tracker,2.9,iOS
MM_1829,2024-10-27,2024-12-07 00:00:00,Symptom Logger,4.5,iOS
MM_1829,2024-10-27,2024-11-21 00:00:00,Symptom Logger,7.4,iOS
MM_1829,2024-10-27,2024-12-02 00:00:00,Period Tracker,12.8,iOS
MM_1830,2024-10-06,2024-10-14 00:00:00,Period Tracker,8.9,iOS
MM_1831,2024-08-11,2024-08-28 00:00:00,Period Tracker,9.8,iOS
MM_1831,2024-08-11,2024-09-22 00:00:00,Symptom Logger,13.6,iOS
MM_1831,2024-08-11,2024-09-09 00:00:00,Period Tracker,4.5,Android
MM_1831,2024-08-11,2024-08-20 00:00:00,Community Forum,12.9,iOS
MM_1831,2024-08-11,2024-08-28 00:00:00,Symptom Logger,12.2,iOS
MM_1831,2024-08-11,2024-09-28 00:00:00,Period Tracker,11.3,iOS
MM_1831,2024-08-11,2024-09-15 00:00:00,Period Tracker,10.4,Android
MM_1831,2024-08-11,2024-08-16 00:00:00,Period Tracker,7.4,iOS
MM_1831,2024-08-11,2024-08-31 00:00:00,Period Tracker,2.0,Android
MM_1831,2024-08-11,2024-10-03 00:00:00,Period Tracker,10.6,Android
MM_1831,2024-08-11,2024-10-02 00:00:00,Symptom Logger,4.4,Android
MM_1831,2024-08-11,2024-08-25 00:00:00,Symptom Logger,13.8,Android
MM_1831,2024-08-11,2024-09-13 00:00:00,Period Tracker,7.5,Android
MM_1831,2024-08-11,2024-10-07 00:00:00,Period Tracker,5.6,iOS
MM_1831,2024-08-11,2024-08-31 00:00:00,Period Tracker,8.2,iOS
MM_1831,2024-08-11,2024-08-16 00:00:00,Period Tracker,8.8,iOS
MM_1831,2024-08-11,2024-09-19 00:00:00,Health Articles,10.5,iOS
MM_1832,2024-08-31,2024-09-02 00:00:00,Period Tracker,6.6,Android
MM_1832,2024-08-31,2024-10-11 00:00:00,Symptom Logger,12.9,Android
MM_1833,2024-10-23,2024-11-23 00:00:00,Period Tracker,1.5,iOS
MM_1834,2024-08-03,2024-09-22 00:00:00,Period Tracker,14.8,iOS
MM_1835,2024-10-04,2024-10-08 00:00:00,Period Tracker,4.3,Android
MM_1835,2024-10-04,2024-11-17 00:00:00,Symptom Logger,2.3,Android
MM_1835,2024-10-04,2024-11-17 00:00:00,Period Tracker,11.6,iOS
MM_1835,2024-10-04,2024-11-24 00:00:00,Period Tracker,13.1,Android
MM_1835,2024-10-04,2024-12-01 00:00:00,Symptom Logger,8.1,iOS
MM_1835,2024-10-04,2024-11-26 00:00:00,Health Articles,3.9,iOS
MM_1835,2024-10-04,2024-10-16 00:00:00,Period Tracker,9.8,iOS
MM_1836,2024-10-13,2024-11-26 00:00:00,Health Articles,7.5,iOS
MM_1836,2024-10-13,2024-12-11 00:00:00,Health Articles,9.7,iOS
MM_1836,2024-10-13,2024-11-15 00:00:00,Period Tracker,5.8,Android
MM_1836,2024-10-13,2024-11-28 00:00:00,Period Tracker,9.4,iOS
MM_1836,2024-10-13,2024-10-29 00:00:00,Period Tracker,3.6,iOS
MM_1836,2024-10-13,2024-12-08 00:00:00,Community Forum,4.8,Android
MM_1836,2024-10-13,2024-11-25 00:00:00,Period Tracker,7.7,iOS
MM_1836,2024-10-13,2024-11-19 00:00:00,Symptom Logger,10.9,Android
MM_1837,2024-09-16,2024-10-29 00:00:00,Period Tracker,4.3,Android
MM_1837,2024-09-16,2024-09-24 00:00:00,Community Forum,6.0,iOS
MM_1838,2024-09-23,2024-10-28 00:00:00,Symptom Logger,13.8,Android
MM_1838,2024-09-23,2024-11-08 00:00:00,Period Tracker,11.3,Android
MM_1838,2024-09-23,2024-10-05 00:00:00,Community Forum,9.4,iOS
MM_1838,2024-09-23,2024-11-18 00:00:00,Period Tracker,8.3,Android
MM_1838,2024-09-23,2024-09-23 00:00:00,Period Tracker,14.4,Android
MM_1838,2024-09-23,2024-11-14 00:00:00,Community Forum,5.2,iOS
MM_1838,2024-09-23,2024-10-21 00:00:00,Symptom Logger,11.1,Android
MM_1838,2024-09-23,2024-10-30 00:00:00,Period Tracker,11.9,iOS
MM_1839,2024-08-30,2024-09-10 00:00:00,Period Tracker,13.4,Android
MM_1839,2024-08-30,2024-09-03 00:00:00,Community Forum,11.2,Android
MM_1839,2024-08-30,2024-09-26 00:00:00,Period Tracker,4.1,iOS
MM_1839,2024-08-30,2024-10-27 00:00:00,Symptom Logger,4.1,Android
MM_1839,2024-08-30,2024-10-01 00:00:00,Period Tracker,12.1,iOS
MM_1839,2024-08-30,2024-10-22 00:00:00,Symptom Logger,12.5,Android
MM_1839,2024-08-30,2024-09-13 00:00:00,Health Articles,3.0,iOS
MM_1839,2024-08-30,2024-10-01 00:00:00,Symptom Logger,10.1,Android
MM_1839,2024-08-30,2024-10-20 00:00:00,Period Tracker,4.3,iOS
MM_1839,2024-08-30,2024-09-15 00:00:00,Period Tracker,12.3,iOS
MM_1839,2024-08-30,2024-10-25 00:00:00,Community Forum,13.4,iOS
MM_1839,2024-08-30,2024-09-30 00:00:00,Period Tracker,4.1,iOS
MM_1839,2024-08-30,2024-10-25 00:00:00,Health Articles,3.9,iOS
MM_1839,2024-08-30,2024-10-19 00:00:00,Period Tracker,6.4,iOS
MM_1840,2024-10-06,2024-11-21 00:00:00,Community Forum,13.3,Android
MM_1840,2024-10-06,2024-11-09 00:00:00,Period Tracker,4.7,iOS
MM_1840,2024-10-06,2024-10-26 00:00:00,Symptom Logger,13.9,iOS
MM_1841,2024-10-05,2024-10-10 00:00:00,Community Forum,8.2,Android
MM_1841,2024-10-05,2024-11-14 00:00:00,Community Forum,5.4,Android
MM_1841,2024-10-05,2024-10-31 00:00:00,Health Articles,2.4,iOS
MM_1841,2024-10-05,2024-10-10 00:00:00,Community Forum,4.1,iOS
MM_1841,2024-10-05,2024-10-10 00:00:00,Community Forum,9.2,Android
MM_1841,2024-10-05,2024-11-18 00:00:00,Community Forum,,Android
MM_1841,2024-10-05,2024-11-02 00:00:00,Period Tracker,13.9,Android
MM_1841,2024-10-05,2024-11-26 00:00:00,Symptom Logger,13.6,Android
MM_1841,2024-10-05,2024-11-03 00:00:00,Period Tracker,12.8,Android
MM_1841,2024-10-05,2024-10-22 00:00:00,Period Tracker,8.1,Android
MM_1841,2024-10-05,2024-11-09 00:00:00,Period Tracker,5.7,iOS
MM_1841,2024-10-05,2024-10-18 00:00:00,Symptom Logger,11.1,Android
MM_1842,2024-10-19,2024-10-23 00:00:00,Health Articles,8.9,iOS
MM_1842,2024-10-19,2024-12-06 00:00:00,Period Tracker,4.5,iOS
MM_1842,2024-10-19,2024-10-21 00:00:00,Symptom Logger,2.9,iOS
MM_1842,2024-10-19,2024-11-12 00:00:00,Period Tracker,14.8,iOS
MM_1842,2024-10-19,2024-11-19 00:00:00,Period Tracker,1.7,iOS
MM_1842,2024-10-19,2024-12-05 00:00:00,Symptom Logger,6.0,Android
MM_1842,2024-10-19,2024-12-18 00:00:00,Period Tracker,6.7,Android
MM_1842,2024-10-19,2024-11-22 00:00:00,Period Tracker,4.1,iOS
MM_1843,2024-09-29,2024-10-03 00:00:00,Symptom Logger,1.3,Android
MM_1844,2024-09-03,2024-10-09 00:00:00,Community Forum,3.6,iOS
MM_1844,2024-09-03,2024-09-04 00:00:00,Health Articles,10.9,Android
MM_1844,2024-09-03,2024-09-20 00:00:00,Period Tracker,5.5,iOS
MM_1845,2024-10-05,2024-10-09 00:00:00,Period Tracker,5.3,iOS
MM_1845,2024-10-05,2024-10-20 00:00:00,Symptom Logger,2.2,iOS
MM_1845,2024-10-05,2024-11-22 00:00:00,Community Forum,8.5,Android
MM_1845,2024-10-05,2024-12-02 00:00:00,Period Tracker,3.4,iOS
MM_1845,2024-10-05,2024-11-28 00:00:00,Period Tracker,5.9,iOS
MM_1845,2024-10-05,2024-10-05 00:00:00,Period Tracker,4.6,Android
MM_1845,2024-10-05,2024-10-20 00:00:00,Period Tracker,5.5,iOS
MM_1845,2024-10-05,2024-12-02 00:00:00,Community Forum,11.5,Android
MM_1845,2024-10-05,2024-11-08 00:00:00,Period Tracker,10.0,Android
MM_1845,2024-10-05,2024-11-27 00:00:00,Period Tracker,9.0,Android
MM_1845,2024-10-05,2024-10-15 00:00:00,Period Tracker,7.5,Android
MM_1845,2024-10-05,2024-12-04 00:00:00,Period Tracker,8.7,iOS
MM_1845,2024-10-05,2024-11-21 00:00:00,Period Tracker,9.7,iOS
MM_1845,2024-10-05,2024-11-12 00:00:00,Period Tracker,4.7,iOS
MM_1845,2024-10-05,2024-11-12 00:00:00,Symptom Logger,2.4,iOS
MM_1846,2024-10-16,2024-11-30 00:00:00,Period Tracker,12.5,iOS
MM_1846,2024-10-16,2024-11-15 00:00:00,Period Tracker,14.2,iOS
MM_1846,2024-10-16,2024-11-20 00:00:00,Period Tracker,11.6,Android
MM_1846,2024-10-16,2024-11-02 00:00:00,Period Tracker,13.6,Android
MM_1846,2024-10-16,2024-11-29 00:00:00,Symptom Logger,3.5,Android
MM_1846,2024-10-16,2024-11-08 00:00:00,Period Tracker,14.1,iOS
MM_1847,2024-08-02,2024-08-26 00:00:00,Period Tracker,7.8,iOS
MM_1847,2024-08-02,2024-09-24 00:00:00,Health Articles,11.9,iOS
MM_1847,2024-08-02,2024-09-19 00:00:00,Period Tracker,1.2,Android
MM_1847,2024-08-02,2024-08-09 00:00:00,Symptom Logger,1.7,Android
MM_1847,2024-08-02,2024-08-30 00:00:00,Period Tracker,7.1,Android
MM_1847,2024-08-02,2024-08-19 00:00:00,Period Tracker,9.9,iOS
MM_1847,2024-08-02,2024-08-04 00:00:00,Period Tracker,13.9,Android
MM_1847,2024-08-02,2024-09-17 00:00:00,Period Tracker,,Android
MM_1847,2024-08-02,2024-08-21 00:00:00,Symptom Logger,13.3,iOS
MM_1847,2024-08-02,2024-09-08 00:00:00,Period Tracker,3.2,iOS
MM_1847,2024-08-02,2024-08-19 00:00:00,Period Tracker,9.8,iOS
MM_1847,2024-08-02,2024-08-10 00:00:00,Period Tracker,1.8,Android
MM_1847,2024-08-02,2024-08-09 00:00:00,Period Tracker,6.3,iOS
MM_1847,2024-08-02,2024-09-27 00:00:00,Symptom Logger,14.8,iOS
MM_1847,2024-08-02,2024-08-25 00:00:00,Symptom Logger,13.1,iOS
MM_1847,2024-08-02,2024-08-20 00:00:00,Symptom Logger,8.0,iOS
MM_1848,2024-10-27,2024-11-15 00:00:00,Period Tracker,14.8,iOS
MM_1849,2024-10-07,2024-10-15 00:00:00,Period Tracker,4.8,iOS
MM_1849,2024-10-07,2024-11-29 00:00:00,Period Tracker,3.7,iOS
MM_1849,2024-10-07,2024-11-12 00:00:00,Symptom Logger,8.5,Android
MM_1849,2024-10-07,2024-10-26 00:00:00,Period Tracker,5.5,iOS
MM_1849,2024-10-07,2024-11-30 00:00:00,Period Tracker,7.5,iOS
MM_1849,2024-10-07,2024-11-22 00:00:00,Symptom Logger,4.6,Android
MM_1849,2024-10-07,2024-12-06 00:00:00,Period Tracker,11.2,Android
MM_1849,2024-10-07,2024-10-28 00:00:00,Community Forum,8.5,iOS
MM_1849,2024-10-07,2024-10-15 00:00:00,Period Tracker,13.9,iOS
MM_1849,2024-10-07,2024-11-06 00:00:00,Community Forum,8.1,iOS
MM_1849,2024-10-07,2024-10-21 00:00:00,Community Forum,12.2,iOS
MM_1849,2024-10-07,2024-11-22 00:00:00,Health Articles,7.2,Android
MM_1849,2024-10-07,2024-10-23 00:00:00,Period Tracker,5.7,iOS
MM_1849,2024-10-07,2024-11-24 00:00:00,Symptom Logger,7.6,iOS
MM_1849,2024-10-07,2024-10-23 00:00:00,Period Tracker,3.6,Android
MM_1849,2024-10-07,2024-12-03 00:00:00,Period Tracker,7.2,Android
MM_1849,2024-10-07,2024-10-08 00:00:00,Period Tracker,3.2,Android
MM_1850,2024-10-27,2024-11-18 00:00:00,Community Forum,2.4,iOS
MM_1850,2024-10-27,2024-12-21 00:00:00,Period Tracker,7.9,iOS
MM_1850,2024-10-27,2024-10-27 00:00:00,Community Forum,10.5,iOS
MM_1850,2024-10-27,2024-11-30 00:00:00,Community Forum,12.0,iOS
MM_1850,2024-10-27,2024-10-31 00:00:00,Period Tracker,5.9,Android
MM_1850,2024-10-27,2024-10-27 00:00:00,Period Tracker,9.2,Android
MM_1850,2024-10-27,2024-11-26 00:00:00,Symptom Logger,12.2,iOS
MM_1850,2024-10-27,2024-11-16 00:00:00,Period Tracker,,Android
MM_1850,2024-10-27,2024-12-15 00:00:00,Community Forum,4.2,Android
MM_1851,2024-08-25,2024-09-04 00:00:00,Period Tracker,9.5,iOS
MM_1851,2024-08-25,2024-09-26 00:00:00,Period Tracker,14.6,iOS
MM_1852,2024-08-04,2024-09-22 00:00:00,Period Tracker,3.6,iOS
MM_1852,2024-08-04,2024-08-09 00:00:00,Community Forum,7.8,Android
MM_1852,2024-08-04,2024-09-11 00:00:00,Period Tracker,9.3,Android
MM_1852,2024-08-04,2024-08-06 00:00:00,Period Tracker,14.1,Android
MM_1852,2024-08-04,2024-09-29 00:00:00,Community Forum,5.8,iOS
MM_1852,2024-08-04,2024-08-25 00:00:00,Period Tracker,4.9,iOS
MM_1852,2024-08-04,2024-09-14 00:00:00,Symptom Logger,6.2,Android
MM_1852,2024-08-04,2024-08-13 00:00:00,Period Tracker,6.6,Android
MM_1852,2024-08-04,2024-09-27 00:00:00,Symptom Logger,10.2,iOS
MM_1852,2024-08-04,2024-09-03 00:00:00,Period Tracker,4.0,iOS
MM_1852,2024-08-04,2024-08-08 00:00:00,Health Articles,12.2,Android
MM_1852,2024-08-04,2024-09-30 00:00:00,Period Tracker,11.4,iOS
MM_1852,2024-08-04,2024-09-19 00:00:00,Period Tracker,2.3,iOS
MM_1852,2024-08-04,2024-08-19 00:00:00,Period Tracker,12.9,iOS
MM_1853,2024-09-15,2024-11-03 00:00:00,Period Tracker,10.2,Android
MM_1853,2024-09-15,2024-09-22 00:00:00,Period Tracker,4.6,Android
MM_1853,2024-09-15,2024-10-02 00:00:00,Period Tracker,6.9,Android
MM_1854,2024-08-05,2024-08-13 00:00:00,Symptom Logger,11.7,iOS
MM_1854,2024-08-05,2024-08-05 00:00:00,Health Articles,2.6,iOS
MM_1855,2024-10-06,2024-12-03 00:00:00,Period Tracker,3.6,Android
MM_1855,2024-10-06,2024-10-15 00:00:00,Symptom Logger,,Android
MM_1855,2024-10-06,2024-10-15 00:00:00,Period Tracker,9.6,iOS
MM_1855,2024-10-06,2024-11-18 00:00:00,Period Tracker,9.2,iOS
MM_1855,2024-10-06,2024-10-14 00:00:00,Period Tracker,11.9,Android
MM_1855,2024-10-06,2024-10-08 00:00:00,Period Tracker,1.1,iOS
MM_1855,2024-10-06,2024-11-01 00:00:00,Period Tracker,12.9,iOS
MM_1855,2024-10-06,2024-10-09 00:00:00,Period Tracker,1.0,Android
MM_1855,2024-10-06,2024-11-16 00:00:00,Period Tracker,3.9,iOS
MM_1855,2024-10-06,2024-10-24 00:00:00,Period Tracker,9.6,Android
MM_1855,2024-10-06,2024-10-28 00:00:00,Health Articles,2.6,Android
MM_1855,2024-10-06,2024-11-03 00:00:00,Symptom Logger,2.5,iOS
MM_1855,2024-10-06,2024-10-07 00:00:00,Period Tracker,1.5,iOS
MM_1855,2024-10-06,2024-11-14 00:00:00,Community Forum,11.1,Android
MM_1855,2024-10-06,2024-10-22 00:00:00,Symptom Logger,8.4,iOS
MM_1855,2024-10-06,2024-11-20 00:00:00,Period Tracker,7.8,iOS
MM_1855,2024-10-06,2024-11-25 00:00:00,Period Tracker,11.2,iOS
MM_1855,2024-10-06,2024-11-23 00:00:00,Period Tracker,14.9,iOS
MM_1855,2024-10-06,2024-11-04 00:00:00,Community Forum,1.6,iOS
MM_1855,2024-10-06,2024-11-05 00:00:00,Symptom Logger,9.2,Android
MM_1856,2024-09-03,2024-10-11 00:00:00,Community Forum,8.3,Android
MM_1856,2024-09-03,2024-10-12 00:00:00,Community Forum,3.2,iOS
MM_1856,2024-09-03,2024-09-14 00:00:00,Period Tracker,12.0,iOS
MM_1856,2024-09-03,2024-10-10 00:00:00,Period Tracker,12.0,iOS
MM_1856,2024-09-03,2024-09-30 00:00:00,Period Tracker,14.1,iOS
MM_1856,2024-09-03,2024-09-14 00:00:00,Community Forum,2.6,iOS
MM_1856,2024-09-03,2024-09-13 00:00:00,Period Tracker,9.5,Android
MM_1856,2024-09-03,2024-09-30 00:00:00,Period Tracker,10.7,Android
MM_1856,2024-09-03,2024-09-07 00:00:00,Health Articles,1.6,Android
MM_1856,2024-09-03,2024-10-22 00:00:00,Period Tracker,5.8,iOS
MM_1857,2024-08-05,2024-08-09 00:00:00,Period Tracker,2.0,Android
MM_1857,2024-08-05,2024-08-18 00:00:00,Symptom Logger,5.0,iOS
MM_1857,2024-08-05,2024-09-28 00:00:00,Symptom Logger,6.7,Android
MM_1857,2024-08-05,2024-08-23 00:00:00,Period Tracker,9.4,Android
MM_1857,2024-08-05,2024-10-02 00:00:00,Period Tracker,3.4,Android
MM_1857,2024-08-05,2024-08-07 00:00:00,Health Articles,7.2,Android
MM_1857,2024-08-05,2024-09-05 00:00:00,Period Tracker,4.8,iOS
MM_1857,2024-08-05,2024-08-07 00:00:00,Period Tracker,5.4,iOS
MM_1857,2024-08-05,2024-09-16 00:00:00,Community Forum,6.0,iOS
MM_1857,2024-08-05,2024-09-12 00:00:00,Period Tracker,6.2,Android
MM_1857,2024-08-05,2024-09-16 00:00:00,Symptom Logger,10.5,Android
MM_1858,2024-08-29,2024-09-17 00:00:00,Period Tracker,3.1,Android
MM_1858,2024-08-29,2024-10-26 00:00:00,Health Articles,9.3,iOS
MM_1858,2024-08-29,2024-09-19 00:00:00,Period Tracker,14.4,Android
MM_1859,2024-09-13,2024-11-11 00:00:00,Symptom Logger,10.4,iOS
MM_1859,2024-09-13,2024-09-27 00:00:00,Period Tracker,3.2,Android
MM_1859,2024-09-13,2024-11-07 00:00:00,Period Tracker,9.5,Android
MM_1859,2024-09-13,2024-10-15 00:00:00,Period Tracker,2.5,Android
MM_1859,2024-09-13,2024-09-20 00:00:00,Symptom Logger,7.7,iOS
MM_1859,2024-09-13,2024-10-28 00:00:00,Health Articles,13.6,iOS
MM_1859,2024-09-13,2024-10-09 00:00:00,Community Forum,7.3,Android
MM_1859,2024-09-13,2024-10-23 00:00:00,Period Tracker,10.1,Android
MM_1859,2024-09-13,2024-11-05 00:00:00,Period Tracker,14.6,Android
MM_1859,2024-09-13,2024-10-26 00:00:00,Period Tracker,12.5,iOS
MM_1859,2024-09-13,2024-09-13 00:00:00,Period Tracker,3.9,iOS
MM_1859,2024-09-13,2024-11-07 00:00:00,Period Tracker,12.6,iOS
MM_1859,2024-09-13,2024-09-27 00:00:00,Community Forum,4.1,iOS
MM_1860,2024-10-25,2024-12-12 00:00:00,Period Tracker,425.0,Android
MM_1860,2024-10-25,2024-11-29 00:00:00,Period Tracker,3.7,iOS
MM_1861,2024-08-22,2024-09-04 00:00:00,Symptom Logger,4.7,Android
MM_1861,2024-08-22,2024-08-24 00:00:00,Period Tracker,9.7,iOS
MM_1861,2024-08-22,2024-09-14 00:00:00,Period Tracker,9.6,iOS
MM_1861,2024-08-22,2024-08-29 00:00:00,Period Tracker,13.0,iOS
MM_1861,2024-08-22,2024-08-31 00:00:00,Symptom Logger,12.9,iOS
MM_1861,2024-08-22,2024-09-09 00:00:00,Period Tracker,5.3,Android
MM_1861,2024-08-22,2024-10-06 00:00:00,Period Tracker,5.7,Android
MM_1861,2024-08-22,2024-09-30 00:00:00,Period Tracker,14.8,iOS
MM_1861,2024-08-22,2024-10-18 00:00:00,Symptom Logger,4.4,Android
MM_1861,2024-08-22,2024-09-05 00:00:00,Period Tracker,1.3,Android
MM_1861,2024-08-22,2024-10-05 00:00:00,Period Tracker,10.4,iOS
MM_1861,2024-08-22,2024-10-09 00:00:00,Symptom Logger,14.9,iOS
MM_1861,2024-08-22,2024-10-13 00:00:00,Period Tracker,7.8,iOS
MM_1861,2024-08-22,2024-09-30 00:00:00,Period Tracker,5.9,iOS
MM_1861,2024-08-22,2024-08-22 00:00:00,Period Tracker,3.2,iOS
MM_1861,2024-08-22,2024-09-09 00:00:00,Community Forum,6.4,iOS
MM_1861,2024-08-22,2024-09-12 00:00:00,Period Tracker,9.1,iOS
MM_1862,2024-08-15,2024-10-12 00:00:00,Symptom Logger,9.3,Android
MM_1862,2024-08-15,2024-09-30 00:00:00,Period Tracker,10.8,Android
MM_1862,2024-08-15,2024-09-23 00:00:00,Community Forum,10.2,Android
MM_1862,2024-08-15,2024-09-17 00:00:00,Period Tracker,6.8,iOS
MM_1862,2024-08-15,2024-10-10 00:00:00,Period Tracker,3.9,Android
MM_1863,2024-08-08,2024-09-11 00:00:00,Period Tracker,6.2,iOS
MM_1864,2024-10-04,2024-10-09 00:00:00,Period Tracker,10.6,Android
MM_1864,2024-10-04,2024-11-28 00:00:00,Health Articles,,iOS
MM_1864,2024-10-04,2024-11-23 00:00:00,Symptom Logger,1.4,Android
MM_1864,2024-10-04,2024-10-31 00:00:00,Period Tracker,2.2,iOS
MM_1864,2024-10-04,2024-10-25 00:00:00,Symptom Logger,3.6,iOS
MM_1864,2024-10-04,2024-11-06 00:00:00,Period Tracker,9.5,iOS
MM_1864,2024-10-04,2024-12-01 00:00:00,Community Forum,6.7,iOS
MM_1864,2024-10-04,2024-10-19 00:00:00,Symptom Logger,13.2,Android
MM_1864,2024-10-04,2024-10-08 00:00:00,Community Forum,4.5,Android
MM_1864,2024-10-04,2024-11-01 00:00:00,Symptom Logger,10.9,Android
MM_1864,2024-10-04,2024-11-07 00:00:00,Community Forum,12.1,iOS
MM_1864,2024-10-04,2024-10-18 00:00:00,Community Forum,13.9,iOS
MM_1864,2024-10-04,2024-10-19 00:00:00,Symptom Logger,6.3,Android
MM_1864,2024-10-04,2024-10-17 00:00:00,Community Forum,14.8,iOS
MM_1864,2024-10-04,2024-11-05 00:00:00,Community Forum,12.9,Android
MM_1864,2024-10-04,2024-11-24 00:00:00,Symptom Logger,3.3,Android
MM_1864,2024-10-04,2024-11-19 00:00:00,Community Forum,9.3,Android
MM_1864,2024-10-04,2024-11-23 00:00:00,Period Tracker,10.2,Android
MM_1864,2024-10-04,2024-11-27 00:00:00,Period Tracker,13.3,Android
MM_1864,2024-10-04,2024-11-08 00:00:00,Community Forum,8.9,Android
MM_1865,2024-09-01,2024-10-31 00:00:00,Period Tracker,10.5,Android
MM_1865,2024-09-01,2024-09-06 00:00:00,Period Tracker,5.6,iOS
MM_1865,2024-09-01,2024-09-29 00:00:00,Symptom Logger,3.4,Android
MM_1865,2024-09-01,2024-09-30 00:00:00,Period Tracker,5.9,Android
MM_1865,2024-09-01,2024-10-06 00:00:00,Period Tracker,7.9,iOS
MM_1865,2024-09-01,2024-10-17 00:00:00,Period Tracker,13.2,iOS
MM_1866,2024-09-17,2024-09-21 00:00:00,Symptom Logger,1.9,Android
MM_1866,2024-09-17,2024-11-15 00:00:00,Period Tracker,4.5,iOS
MM_1866,2024-09-17,2024-10-13 00:00:00,Period Tracker,,iOS
MM_1866,2024-09-17,2024-10-13 00:00:00,Period Tracker,5.3,Android
MM_1866,2024-09-17,2024-10-30 00:00:00,Period Tracker,7.7,iOS
MM_1867,2024-08-26,2024-09-02 00:00:00,Symptom Logger,1.9,iOS
MM_1867,2024-08-26,2024-08-29 00:00:00,Period Tracker,14.3,iOS
MM_1868,2024-09-10,2024-11-04 00:00:00,Symptom Logger,8.5,Android
MM_1869,2024-09-05,2024-10-15 00:00:00,Period Tracker,12.9,iOS
MM_1869,2024-09-05,2024-10-28 00:00:00,Period Tracker,6.5,Android
MM_1869,2024-09-05,2024-09-23 00:00:00,Period Tracker,6.4,iOS
MM_1869,2024-09-05,2024-09-07 00:00:00,Symptom Logger,9.0,Android
MM_1869,2024-09-05,2024-10-07 00:00:00,Period Tracker,14.7,iOS
MM_1869,2024-09-05,2024-10-15 00:00:00,Community Forum,5.1,iOS
MM_1869,2024-09-05,2024-10-20 00:00:00,Period Tracker,7.5,iOS
MM_1869,2024-09-05,2024-09-26 00:00:00,Period Tracker,11.8,Android
MM_1869,2024-09-05,2024-09-17 00:00:00,Period Tracker,8.1,Android
MM_1869,2024-09-05,2024-09-22 00:00:00,Period Tracker,6.2,iOS
MM_1869,2024-09-05,2024-10-07 00:00:00,Period Tracker,1.8,iOS
MM_1869,2024-09-05,2024-09-30 00:00:00,Symptom Logger,8.3,iOS
MM_1869,2024-09-05,2024-09-29 00:00:00,Period Tracker,4.4,iOS
MM_1869,2024-09-05,2024-09-26 00:00:00,Community Forum,,Android
MM_1870,2024-08-24,2024-09-18 00:00:00,Period Tracker,8.9,iOS
MM_1870,2024-08-24,2024-09-13 00:00:00,Period Tracker,14.0,iOS
MM_1870,2024-08-24,2024-08-30 00:00:00,Community Forum,10.2,Android
MM_1870,2024-08-24,2024-10-21 00:00:00,Symptom Logger,2.8,Android
MM_1870,2024-08-24,2024-09-29 00:00:00,Period Tracker,5.8,iOS
MM_1870,2024-08-24,2024-08-24 00:00:00,Period Tracker,4.2,iOS
MM_1870,2024-08-24,2024-10-01 00:00:00,Period Tracker,8.3,iOS
MM_1871,2024-10-11,2024-11-20 00:00:00,Symptom Logger,5.5,iOS
MM_1871,2024-10-11,2024-10-21 00:00:00,Symptom Logger,7.7,Android
MM_1871,2024-10-11,2024-10-16 00:00:00,Period Tracker,2.5,Android
MM_1872,2024-09-01,2024-10-16 00:00:00,Health Articles,6.9,Android
MM_1872,2024-09-01,2024-09-11 00:00:00,Community Forum,11.2,Android
MM_1872,2024-09-01,2024-10-26 00:00:00,Symptom Logger,7.3,Android
MM_1872,2024-09-01,2024-10-24 00:00:00,Health Articles,5.2,iOS
MM_1872,2024-09-01,2024-09-15 00:00:00,Symptom Logger,6.8,iOS
MM_1872,2024-09-01,2024-10-05 00:00:00,Health Articles,9.1,iOS
MM_1872,2024-09-01,2024-09-25 00:00:00,Period Tracker,4.5,iOS
MM_1872,2024-09-01,2024-10-23 00:00:00,Community Forum,13.2,Android
MM_1872,2024-09-01,2024-10-10 00:00:00,Period Tracker,14.0,Android
MM_1872,2024-09-01,2024-10-28 00:00:00,Symptom Logger,8.9,iOS
MM_1872,2024-09-01,2024-10-08 00:00:00,Community Forum,12.1,Android
MM_1872,2024-09-01,2024-09-25 00:00:00,Period Tracker,12.5,iOS
MM_1872,2024-09-01,2024-09-27 00:00:00,Community Forum,2.9,Android
MM_1872,2024-09-01,2024-10-25 00:00:00,Period Tracker,2.2,iOS
MM_1872,2024-09-01,2024-09-13 00:00:00,Period Tracker,2.7,Android
MM_1872,2024-09-01,2024-10-22 00:00:00,Period Tracker,10.8,Android
MM_1872,2024-09-01,2024-09-16 00:00:00,Health Articles,5.2,iOS
MM_1873,2024-08-20,2024-10-04 00:00:00,Period Tracker,7.2,iOS
MM_1873,2024-08-20,2024-09-17 00:00:00,Community Forum,,iOS
MM_1873,2024-08-20,2024-08-31 00:00:00,Health Articles,11.1,Android
MM_1873,2024-08-20,2024-08-24 00:00:00,Community Forum,13.3,Android
MM_1873,2024-08-20,2024-09-06 00:00:00,Period Tracker,9.1,Android
MM_1873,2024-08-20,2024-09-29 00:00:00,Period Tracker,8.3,Android
MM_1873,2024-08-20,2024-09-04 00:00:00,Period Tracker,14.2,Android
MM_1873,2024-08-20,2024-08-29 00:00:00,Period Tracker,2.7,Android
MM_1873,2024-08-20,2024-08-26 00:00:00,Period Tracker,8.3,iOS
MM_1873,2024-08-20,2024-09-05 00:00:00,Period Tracker,3.0,iOS
MM_1873,2024-08-20,2024-09-26 00:00:00,Period Tracker,1.0,iOS
MM_1873,2024-08-20,2024-10-12 00:00:00,Community Forum,9.8,Android
MM_1873,2024-08-20,2024-10-17 00:00:00,Period Tracker,5.5,Android
MM_1873,2024-08-20,2024-09-17 00:00:00,Community Forum,10.6,Android
MM_1873,2024-08-20,2024-09-14 00:00:00,Symptom Logger,1.4,iOS
MM_1873,2024-08-20,2024-09-12 00:00:00,Period Tracker,12.5,Android
MM_1874,2024-08-15,2024-08-31 00:00:00,Health Articles,7.8,iOS
MM_1874,2024-08-15,2024-09-19 00:00:00,Period Tracker,13.2,iOS
MM_1875,2024-09-16,2024-10-23 00:00:00,Community Forum,1.3,iOS
MM_1875,2024-09-16,2024-11-10 00:00:00,Period Tracker,10.9,Android
MM_1875,2024-09-16,2024-10-09 00:00:00,Health Articles,9.4,Android
MM_1875,2024-09-16,2024-10-14 00:00:00,Health Articles,3.8,iOS
MM_1875,2024-09-16,2024-10-09 00:00:00,Period Tracker,5.9,Android
MM_1875,2024-09-16,2024-11-03 00:00:00,Period Tracker,4.1,Android
MM_1875,2024-09-16,2024-10-13 00:00:00,Period Tracker,10.1,iOS
MM_1875,2024-09-16,2024-11-10 00:00:00,Symptom Logger,13.1,iOS
MM_1875,2024-09-16,2024-10-12 00:00:00,Period Tracker,7.9,iOS
MM_1875,2024-09-16,2024-10-03 00:00:00,Period Tracker,3.6,Android
MM_1875,2024-09-16,2024-11-15 00:00:00,Period Tracker,6.5,Android
MM_1875,2024-09-16,2024-10-09 00:00:00,Symptom Logger,3.4,iOS
MM_1875,2024-09-16,2024-09-20 00:00:00,Period Tracker,12.5,iOS
MM_1875,2024-09-16,2024-10-21 00:00:00,Period Tracker,10.2,Android
MM_1875,2024-09-16,2024-10-20 00:00:00,Symptom Logger,2.9,Android
MM_1875,2024-09-16,2024-10-14 00:00:00,Period Tracker,1.6,Android
MM_1875,2024-09-16,2024-09-18 00:00:00,Symptom Logger,4.4,iOS
MM_1875,2024-09-16,2024-11-05 00:00:00,Period Tracker,3.3,iOS
MM_1875,2024-09-16,2024-09-28 00:00:00,Period Tracker,1.0,iOS
MM_1875,2024-09-16,2024-10-13 00:00:00,Symptom Logger,1.8,iOS
MM_1876,2024-09-06,2024-11-01 00:00:00,Period Tracker,3.2,Android
MM_1876,2024-09-06,2024-10-03 00:00:00,Community Forum,5.1,iOS
MM_1876,2024-09-06,2024-09-09 00:00:00,Health Articles,2.2,iOS
MM_1876,2024-09-06,2024-09-08 00:00:00,Period Tracker,3.0,Android
MM_1876,2024-09-06,2024-10-23 00:00:00,Health Articles,2.4,Android
MM_1876,2024-09-06,2024-09-26 00:00:00,Community Forum,4.9,iOS
MM_1876,2024-09-06,2024-10-28 00:00:00,Period Tracker,2.7,Android
MM_1876,2024-09-06,2024-09-17 00:00:00,Period Tracker,1.8,Android
MM_1876,2024-09-06,2024-10-26 00:00:00,Symptom Logger,14.5,Android
MM_1876,2024-09-06,2024-09-19 00:00:00,Period Tracker,5.8,iOS
MM_1876,2024-09-06,2024-09-16 00:00:00,Health Articles,6.4,iOS
MM_1877,2024-08-17,2024-09-21 00:00:00,Symptom Logger,9.0,Android
MM_1877,2024-08-17,2024-08-29 00:00:00,Period Tracker,,Android
MM_1877,2024-08-17,2024-09-08 00:00:00,Period Tracker,3.0,Android
MM_1877,2024-08-17,2024-09-28 00:00:00,Community Forum,13.8,iOS
MM_1877,2024-08-17,2024-08-21 00:00:00,Community Forum,13.8,Android
MM_1877,2024-08-17,2024-10-06 00:00:00,Community Forum,14.1,iOS
MM_1877,2024-08-17,2024-10-16 00:00:00,Period Tracker,8.1,iOS
MM_1877,2024-08-17,2024-09-13 00:00:00,Period Tracker,13.8,iOS
MM_1877,2024-08-17,2024-09-01 00:00:00,Period Tracker,9.5,iOS
MM_1877,2024-08-17,2024-09-26 00:00:00,Period Tracker,13.3,Android
MM_1877,2024-08-17,2024-09-29 00:00:00,Symptom Logger,8.8,iOS
MM_1878,2024-08-21,2024-08-30 00:00:00,Symptom Logger,7.0,iOS
MM_1878,2024-08-21,2024-09-06 00:00:00,Symptom Logger,9.2,Android
MM_1879,2024-08-17,2024-10-02 00:00:00,Period Tracker,11.5,Android
MM_1879,2024-08-17,2024-09-01 00:00:00,Period Tracker,3.2,iOS
MM_1879,2024-08-17,2024-08-27 00:00:00,Symptom Logger,15.0,Android
MM_1879,2024-08-17,2024-09-10 00:00:00,Period Tracker,8.6,Android
MM_1879,2024-08-17,2024-09-22 00:00:00,Symptom Logger,4.0,iOS
MM_1879,2024-08-17,2024-10-04 00:00:00,Health Articles,10.7,Android
MM_1879,2024-08-17,2024-09-21 00:00:00,Symptom Logger,4.0,iOS
MM_1879,2024-08-17,2024-10-04 00:00:00,Community Forum,10.7,iOS
MM_1879,2024-08-17,2024-10-08 00:00:00,Symptom Logger,3.2,Android
MM_1879,2024-08-17,2024-08-23 00:00:00,Community Forum,13.9,iOS
MM_1879,2024-08-17,2024-10-12 00:00:00,Community Forum,3.1,Android
MM_1879,2024-08-17,2024-09-20 00:00:00,Health Articles,9.5,iOS
MM_1879,2024-08-17,2024-10-04 00:00:00,Period Tracker,3.9,Android
MM_1880,2024-08-19,2024-08-20 00:00:00,Period Tracker,13.7,iOS
MM_1880,2024-08-19,2024-09-09 00:00:00,Health Articles,4.2,Android
MM_1880,2024-08-19,2024-09-27 00:00:00,Period Tracker,3.1,Android
MM_1880,2024-08-19,2024-10-10 00:00:00,Period Tracker,7.3,Android
MM_1880,2024-08-19,2024-09-23 00:00:00,Period Tracker,1.8,Android
MM_1880,2024-08-19,2024-09-28 00:00:00,Symptom Logger,5.1,iOS
MM_1880,2024-08-19,2024-08-22 00:00:00,Community Forum,14.3,Android
MM_1880,2024-08-19,2024-09-19 00:00:00,Community Forum,8.1,Android
MM_1880,2024-08-19,2024-10-04 00:00:00,Period Tracker,12.0,Android
MM_1880,2024-08-19,2024-10-01 00:00:00,Period Tracker,8.1,iOS
MM_1880,2024-08-19,2024-08-25 00:00:00,Symptom Logger,5.5,iOS
MM_1880,2024-08-19,2024-10-08 00:00:00,Community Forum,6.1,iOS
MM_1880,2024-08-19,2024-08-19 00:00:00,Health Articles,7.7,Android
MM_1880,2024-08-19,2024-09-11 00:00:00,Community Forum,14.9,iOS
MM_1880,2024-08-19,2024-09-23 00:00:00,Community Forum,12.3,iOS
MM_1881,2024-10-20,2024-12-18 00:00:00,Health Articles,5.9,iOS
MM_1881,2024-10-20,2024-12-13 00:00:00,Period Tracker,2.9,Android
MM_1881,2024-10-20,2024-12-01 00:00:00,Health Articles,5.8,Android
MM_1881,2024-10-20,2024-12-18 00:00:00,Community Forum,11.8,Android
MM_1881,2024-10-20,2024-11-06 00:00:00,Period Tracker,9.3,iOS
MM_1881,2024-10-20,2024-10-21 00:00:00,Period Tracker,11.8,iOS
MM_1881,2024-10-20,2024-11-29 00:00:00,Symptom Logger,10.7,Android
MM_1881,2024-10-20,2024-11-19 00:00:00,Symptom Logger,10.5,Android
MM_1882,2024-09-21,2024-11-06 00:00:00,Community Forum,12.5,Android
MM_1882,2024-09-21,2024-10-31 00:00:00,Period Tracker,12.9,iOS
MM_1882,2024-09-21,2024-10-01 00:00:00,Period Tracker,7.1,Android
MM_1882,2024-09-21,2024-10-21 00:00:00,Symptom Logger,12.9,Android
MM_1882,2024-09-21,2024-10-16 00:00:00,Period Tracker,13.1,iOS
MM_1882,2024-09-21,2024-11-09 00:00:00,Period Tracker,9.7,Android
MM_1882,2024-09-21,2024-10-09 00:00:00,Community Forum,10.4,Android
MM_1882,2024-09-21,2024-10-22 00:00:00,Health Articles,8.4,iOS
MM_1882,2024-09-21,2024-11-16 00:00:00,Period Tracker,12.1,iOS
MM_1882,2024-09-21,2024-09-27 00:00:00,Period Tracker,8.4,iOS
MM_1882,2024-09-21,2024-11-13 00:00:00,Symptom Logger,1.9,iOS
MM_1882,2024-09-21,2024-10-10 00:00:00,Symptom Logger,1.5,Android
MM_1882,2024-09-21,2024-10-13 00:00:00,Period Tracker,8.3,Android
MM_1882,2024-09-21,2024-10-06 00:00:00,Health Articles,12.2,iOS
MM_1883,2024-09-20,2024-10-15 00:00:00,Period Tracker,12.5,Android
MM_1883,2024-09-20,2024-10-05 00:00:00,Symptom Logger,12.2,Android
MM_1884,2024-08-07,2024-09-01 00:00:00,Health Articles,11.3,iOS
MM_1884,2024-08-07,2024-08-25 00:00:00,Symptom Logger,5.4,Android
MM_1884,2024-08-07,2024-09-16 00:00:00,Period Tracker,3.3,iOS
MM_1885,2024-09-03,2024-09-26 00:00:00,Period Tracker,12.4,iOS
MM_1886,2024-10-14,2024-10-31 00:00:00,Period Tracker,9.5,Android
MM_1886,2024-10-14,2024-11-22 00:00:00,Period Tracker,10.5,Android
MM_1887,2024-09-27,2024-10-02 00:00:00,Symptom Logger,6.8,Android
MM_1888,2024-09-18,2024-09-24 00:00:00,Community Forum,8.9,iOS
MM_1889,2024-08-17,2024-09-28 00:00:00,Community Forum,14.0,iOS
MM_1889,2024-08-17,2024-09-29 00:00:00,Health Articles,15.0,Android
MM_1889,2024-08-17,2024-09-18 00:00:00,Period Tracker,6.7,iOS
MM_1889,2024-08-17,2024-10-11 00:00:00,Period Tracker,11.7,Android
MM_1889,2024-08-17,2024-09-29 00:00:00,Symptom Logger,8.5,Android
MM_1889,2024-08-17,2024-10-13 00:00:00,Period Tracker,9.4,iOS
MM_1889,2024-08-17,2024-09-09 00:00:00,Period Tracker,2.3,Android
MM_1889,2024-08-17,2024-08-21 00:00:00,Symptom Logger,14.9,Android
MM_1890,2024-09-16,2024-10-30 00:00:00,Symptom Logger,14.3,Android
MM_1890,2024-09-16,2024-10-13 00:00:00,Symptom Logger,3.5,iOS
MM_1891,2024-09-22,2024-11-02 00:00:00,Community Forum,1.1,iOS
MM_1891,2024-09-22,2024-10-24 00:00:00,Period Tracker,10.5,Android
MM_1891,2024-09-22,2024-11-03 00:00:00,Period Tracker,10.1,Android
MM_1891,2024-09-22,2024-10-19 00:00:00,Period Tracker,3.7,Android
MM_1891,2024-09-22,2024-10-19 00:00:00,Period Tracker,7.7,Android
MM_1891,2024-09-22,2024-11-07 00:00:00,Symptom Logger,11.8,Android
MM_1891,2024-09-22,2024-11-16 00:00:00,Symptom Logger,8.4,iOS
MM_1891,2024-09-22,2024-10-28 00:00:00,Period Tracker,5.5,iOS
MM_1891,2024-09-22,2024-09-22 00:00:00,Health Articles,14.9,Android
MM_1891,2024-09-22,2024-10-08 00:00:00,Period Tracker,3.7,iOS
MM_1891,2024-09-22,2024-09-23 00:00:00,Period Tracker,3.0,Android
MM_1891,2024-09-22,2024-11-05 00:00:00,Period Tracker,10.1,Android
MM_1891,2024-09-22,2024-11-03 00:00:00,Period Tracker,9.5,Android
MM_1891,2024-09-22,2024-09-28 00:00:00,Period Tracker,5.5,iOS
MM_1892,2024-09-16,2024-10-05 00:00:00,Period Tracker,2.9,Android
MM_1892,2024-09-16,2024-11-05 00:00:00,Period Tracker,14.9,Android
MM_1892,2024-09-16,2024-09-17 00:00:00,Health Articles,7.6,iOS
MM_1892,2024-09-16,2024-09-29 00:00:00,Symptom Logger,11.5,iOS
MM_1892,2024-09-16,2024-10-10 00:00:00,Period Tracker,1.7,iOS
MM_1892,2024-09-16,2024-11-03 00:00:00,Period Tracker,4.4,Android
MM_1892,2024-09-16,2024-11-03 00:00:00,Period Tracker,13.6,iOS
MM_1892,2024-09-16,2024-10-28 00:00:00,Community Forum,7.2,Android
MM_1892,2024-09-16,2024-10-13 00:00:00,Period Tracker,3.1,iOS
MM_1892,2024-09-16,2024-11-13 00:00:00,Community Forum,13.6,iOS
MM_1892,2024-09-16,2024-10-11 00:00:00,Period Tracker,7.9,iOS
MM_1892,2024-09-16,2024-11-01 00:00:00,Symptom Logger,,Android
MM_1892,2024-09-16,2024-10-15 00:00:00,Symptom Logger,5.7,Android
MM_1892,2024-09-16,2024-10-06 00:00:00,Period Tracker,10.6,iOS
MM_1892,2024-09-16,2024-10-09 00:00:00,Symptom Logger,9.3,iOS
MM_1892,2024-09-16,2024-10-25 00:00:00,Period Tracker,3.6,iOS
MM_1892,2024-09-16,2024-09-30 00:00:00,Period Tracker,9.3,Android
MM_1892,2024-09-16,2024-11-11 00:00:00,Period Tracker,6.2,iOS
MM_1892,2024-09-16,2024-11-01 00:00:00,Symptom Logger,2.3,Android
MM_1892,2024-09-16,2024-10-23 00:00:00,Period Tracker,14.4,iOS
MM_1893,2024-08-24,2024-09-04 00:00:00,Period Tracker,1.1,Android
MM_1893,2024-08-24,2024-09-24 00:00:00,Period Tracker,1.1,iOS
MM_1893,2024-08-24,2024-10-15 00:00:00,Community Forum,2.9,iOS
MM_1893,2024-08-24,2024-10-23 00:00:00,Period Tracker,5.2,Android
MM_1893,2024-08-24,2024-10-14 00:00:00,Period Tracker,8.7,iOS
MM_1893,2024-08-24,2024-09-24 00:00:00,Symptom Logger,3.9,iOS
MM_1893,2024-08-24,2024-09-26 00:00:00,Community Forum,14.0,Android
MM_1893,2024-08-24,2024-09-29 00:00:00,Period Tracker,4.8,Android
MM_1893,2024-08-24,2024-09-24 00:00:00,Symptom Logger,9.3,iOS
MM_1893,2024-08-24,2024-09-04 00:00:00,Health Articles,3.2,iOS
MM_1893,2024-08-24,2024-10-03 00:00:00,Period Tracker,12.2,iOS
MM_1893,2024-08-24,2024-10-20 00:00:00,Symptom Logger,3.0,Android
MM_1893,2024-08-24,2024-08-30 00:00:00,Period Tracker,13.6,Android
MM_1894,2024-10-18,2024-12-04 00:00:00,Symptom Logger,11.3,Android
MM_1894,2024-10-18,2024-12-13 00:00:00,Period Tracker,14.2,iOS
MM_1894,2024-10-18,2024-11-23 00:00:00,Period Tracker,14.5,iOS
MM_1894,2024-10-18,2024-12-15 00:00:00,Symptom Logger,12.9,iOS
MM_1894,2024-10-18,2024-11-05 00:00:00,Symptom Logger,14.5,iOS
MM_1894,2024-10-18,2024-12-12 00:00:00,Period Tracker,10.1,iOS
MM_1895,2024-09-28,2024-10-26 00:00:00,Period Tracker,13.3,iOS
MM_1895,2024-09-28,2024-11-05 00:00:00,Period Tracker,5.7,iOS
MM_1895,2024-09-28,2024-10-24 00:00:00,Period Tracker,12.9,Android
MM_1895,2024-09-28,2024-10-15 00:00:00,Community Forum,13.4,iOS
MM_1895,2024-09-28,2024-11-22 00:00:00,Period Tracker,9.2,Android
MM_1895,2024-09-28,2024-11-16 00:00:00,Period Tracker,7.6,iOS
MM_1895,2024-09-28,2024-10-13 00:00:00,Symptom Logger,6.8,Android
MM_1895,2024-09-28,2024-11-13 00:00:00,Period Tracker,5.1,iOS
MM_1895,2024-09-28,2024-10-12 00:00:00,Period Tracker,4.5,iOS
MM_1895,2024-09-28,2024-10-04 00:00:00,Period Tracker,10.1,Android
MM_1895,2024-09-28,2024-11-01 00:00:00,Health Articles,4.8,Android
MM_1895,2024-09-28,2024-10-26 00:00:00,Community Forum,4.3,Android
MM_1895,2024-09-28,2024-10-28 00:00:00,Symptom Logger,14.5,Android
MM_1895,2024-09-28,2024-10-28 00:00:00,Health Articles,3.4,Android
MM_1895,2024-09-28,2024-10-01 00:00:00,Period Tracker,6.5,Android
MM_1895,2024-09-28,2024-10-24 00:00:00,Period Tracker,10.6,iOS
MM_1895,2024-09-28,2024-10-27 00:00:00,Period Tracker,3.2,Android
MM_1896,2024-10-06,2024-10-30 00:00:00,Community Forum,11.3,Android
MM_1896,2024-10-06,2024-10-12 00:00:00,Period Tracker,2.8,iOS
MM_1896,2024-10-06,2024-11-19 00:00:00,Period Tracker,12.2,Android
MM_1897,2024-10-17,2024-12-03 00:00:00,Period Tracker,6.8,iOS
MM_1897,2024-10-17,2024-12-03 00:00:00,Symptom Logger,,Android
MM_1897,2024-10-17,2024-12-02 00:00:00,Health Articles,13.8,Android
MM_1897,2024-10-17,2024-11-19 00:00:00,Community Forum,2.8,Android
MM_1897,2024-10-17,2024-12-07 00:00:00,Period Tracker,3.0,Android
MM_1897,2024-10-17,2024-12-03 00:00:00,Community Forum,10.2,iOS
MM_1897,2024-10-17,2024-11-23 00:00:00,Period Tracker,9.2,Android
MM_1897,2024-10-17,2024-11-15 00:00:00,Symptom Logger,8.5,Android
MM_1897,2024-10-17,2024-11-25 00:00:00,Community Forum,6.7,iOS
MM_1897,2024-10-17,2024-11-27 00:00:00,Community Forum,,iOS
MM_1897,2024-10-17,2024-11-14 00:00:00,Period Tracker,4.3,iOS
MM_1897,2024-10-17,2024-11-24 00:00:00,Period Tracker,12.3,iOS
MM_1897,2024-10-17,2024-10-24 00:00:00,Period Tracker,3.2,iOS
MM_1897,2024-10-17,2024-11-03 00:00:00,Period Tracker,4.3,Android
MM_1897,2024-10-17,2024-11-25 00:00:00,Period Tracker,13.0,Android
MM_1897,2024-10-17,2024-11-14 00:00:00,Period Tracker,14.2,iOS
MM_1897,2024-10-17,2024-12-11 00:00:00,Health Articles,4.6,iOS
MM_1897,2024-10-17,2024-11-28 00:00:00,Period Tracker,9.8,iOS
MM_1897,2024-10-17,2024-11-27 00:00:00,Community Forum,12.3,iOS
MM_1897,2024-10-17,2024-11-06 00:00:00,Period Tracker,4.8,Android
MM_1898,2024-09-14,2024-11-07 00:00:00,Period Tracker,6.1,Android
MM_1898,2024-09-14,2024-10-30 00:00:00,Symptom Logger,13.7,Android
MM_1898,2024-09-14,2024-10-09 00:00:00,Period Tracker,425.0,Android
MM_1898,2024-09-14,2024-09-25 00:00:00,Community Forum,10.7,Android
MM_1898,2024-09-14,2024-10-27 00:00:00,Community Forum,5.0,Android
MM_1898,2024-09-14,2024-10-01 00:00:00,Period Tracker,12.9,iOS
MM_1898,2024-09-14,2024-10-06 00:00:00,Symptom Logger,7.2,iOS
MM_1898,2024-09-14,2024-10-19 00:00:00,Community Forum,2.5,Android
MM_1898,2024-09-14,2024-09-19 00:00:00,Community Forum,8.0,Android
MM_1898,2024-09-14,2024-10-07 00:00:00,Community Forum,6.2,iOS
MM_1898,2024-09-14,2024-10-19 00:00:00,Period Tracker,14.0,Android
MM_1898,2024-09-14,2024-10-22 00:00:00,Symptom Logger,,Android
MM_1899,2024-08-04,2024-09-04 00:00:00,Period Tracker,6.0,iOS
MM_1900,2024-09-14,2024-11-09 00:00:00,Period Tracker,7.6,iOS
MM_1901,2024-08-06,2024-09-20 00:00:00,Symptom Logger,1.1,iOS
MM_1901,2024-08-06,2024-09-14 00:00:00,Symptom Logger,11.6,Android
MM_1901,2024-08-06,2024-09-10 00:00:00,Period Tracker,1.8,iOS
MM_1901,2024-08-06,2024-08-20 00:00:00,Period Tracker,3.5,iOS
MM_1901,2024-08-06,2024-09-29 00:00:00,Period Tracker,6.9,iOS
MM_1901,2024-08-06,2024-08-22 00:00:00,Symptom Logger,5.9,iOS
MM_1901,2024-08-06,2024-09-11 00:00:00,Symptom Logger,,iOS
MM_1901,2024-08-06,2024-09-02 00:00:00,Period Tracker,5.9,Android
MM_1901,2024-08-06,2024-08-29 00:00:00,Period Tracker,13.1,iOS
MM_1901,2024-08-06,2024-08-11 00:00:00,Health Articles,7.5,iOS
MM_1901,2024-08-06,2024-08-30 00:00:00,Symptom Logger,3.8,iOS
MM_1901,2024-08-06,2024-09-06 00:00:00,Community Forum,1.8,iOS
MM_1901,2024-08-06,2024-08-28 00:00:00,Period Tracker,12.7,iOS
MM_1901,2024-08-06,2024-09-26 00:00:00,Period Tracker,4.7,iOS
MM_1901,2024-08-06,2024-10-04 00:00:00,Period Tracker,6.1,Android
MM_1902,2024-10-26,2024-12-01 00:00:00,Period Tracker,8.9,Android
MM_1902,2024-10-26,2024-12-13 00:00:00,Period Tracker,,iOS
MM_1902,2024-10-26,2024-11-05 00:00:00,Period Tracker,13.2,Android
MM_1902,2024-10-26,2024-11-16 00:00:00,Period Tracker,6.9,Android
MM_1902,2024-10-26,2024-11-27 00:00:00,Community Forum,12.7,iOS
MM_1902,2024-10-26,2024-11-06 00:00:00,Symptom Logger,9.8,iOS
MM_1902,2024-10-26,2024-12-21 00:00:00,Period Tracker,3.4,iOS
MM_1902,2024-10-26,2024-11-16 00:00:00,Period Tracker,2.7,iOS
MM_1902,2024-10-26,2024-12-12 00:00:00,Period Tracker,9.7,Android
MM_1902,2024-10-26,2024-12-07 00:00:00,Period Tracker,6.4,Android
MM_1902,2024-10-26,2024-11-30 00:00:00,Period Tracker,1.5,Android
MM_1902,2024-10-26,2024-11-26 00:00:00,Symptom Logger,12.3,Android
MM_1902,2024-10-26,2024-11-28 00:00:00,Symptom Logger,13.9,iOS
MM_1902,2024-10-26,2024-12-20 00:00:00,Community Forum,4.5,iOS
MM_1902,2024-10-26,2024-12-09 00:00:00,Symptom Logger,5.0,iOS
MM_1902,2024-10-26,2024-11-17 00:00:00,Symptom Logger,5.8,Android
MM_1903,2024-08-16,2024-10-15 00:00:00,Period Tracker,8.2,Android
MM_1903,2024-08-16,2024-10-11 00:00:00,Period Tracker,14.6,iOS
MM_1904,2024-08-15,2024-09-29 00:00:00,Symptom Logger,13.9,iOS
MM_1904,2024-08-15,2024-08-23 00:00:00,Period Tracker,10.4,Android
MM_1904,2024-08-15,2024-08-26 00:00:00,Period Tracker,6.9,Android
MM_1905,2024-08-16,2024-09-21 00:00:00,Symptom Logger,8.9,Android
MM_1906,2024-08-29,2024-10-04 00:00:00,Period Tracker,13.0,iOS
MM_1906,2024-08-29,2024-09-10 00:00:00,Period Tracker,12.4,iOS
MM_1906,2024-08-29,2024-09-19 00:00:00,Community Forum,12.2,Android
MM_1906,2024-08-29,2024-10-01 00:00:00,Period Tracker,4.7,Android
MM_1906,2024-08-29,2024-09-03 00:00:00,Period Tracker,2.1,Android
MM_1906,2024-08-29,2024-09-27 00:00:00,Period Tracker,14.8,Android
MM_1907,2024-10-04,2024-11-15 00:00:00,Period Tracker,10.8,Android
MM_1907,2024-10-04,2024-11-21 00:00:00,Period Tracker,10.6,Android
MM_1907,2024-10-04,2024-12-01 00:00:00,Community Forum,8.8,iOS
MM_1907,2024-10-04,2024-10-04 00:00:00,Period Tracker,11.9,Android
MM_1907,2024-10-04,2024-11-05 00:00:00,Period Tracker,11.0,Android
MM_1907,2024-10-04,2024-11-30 00:00:00,Period Tracker,13.6,Android
MM_1907,2024-10-04,2024-11-26 00:00:00,Period Tracker,13.2,Android
MM_1907,2024-10-04,2024-10-27 00:00:00,Period Tracker,13.4,iOS
MM_1908,2024-09-17,2024-09-28 00:00:00,Period Tracker,7.3,iOS
MM_1908,2024-09-17,2024-10-05 00:00:00,Period Tracker,10.0,iOS
MM_1908,2024-09-17,2024-11-10 00:00:00,Period Tracker,3.2,iOS
MM_1909,2024-08-22,2024-10-05 00:00:00,Period Tracker,8.5,Android
MM_1909,2024-08-22,2024-10-01 00:00:00,Period Tracker,3.3,Android
MM_1909,2024-08-22,2024-08-25 00:00:00,Community Forum,14.4,iOS
MM_1909,2024-08-22,2024-10-14 00:00:00,Health Articles,8.8,iOS
MM_1909,2024-08-22,2024-09-30 00:00:00,Symptom Logger,4.1,iOS
MM_1909,2024-08-22,2024-09-06 00:00:00,Period Tracker,14.9,iOS
MM_1909,2024-08-22,2024-10-03 00:00:00,Period Tracker,14.3,iOS
MM_1909,2024-08-22,2024-10-05 00:00:00,Period Tracker,3.3,iOS
MM_1909,2024-08-22,2024-10-06 00:00:00,Period Tracker,3.8,Android
MM_1909,2024-08-22,2024-10-07 00:00:00,Symptom Logger,3.4,iOS
MM_1909,2024-08-22,2024-10-11 00:00:00,Community Forum,13.5,iOS
MM_1909,2024-08-22,2024-10-14 00:00:00,Community Forum,5.0,iOS
MM_1909,2024-08-22,2024-09-18 00:00:00,Period Tracker,10.6,iOS
MM_1909,2024-08-22,2024-10-13 00:00:00,Community Forum,12.6,Android
MM_1909,2024-08-22,2024-08-24 00:00:00,Period Tracker,14.1,Android
MM_1910,2024-08-06,2024-10-02 00:00:00,Symptom Logger,15.0,Android
MM_1910,2024-08-06,2024-08-28 00:00:00,Health Articles,12.6,Android
MM_1910,2024-08-06,2024-10-04 00:00:00,Period Tracker,10.8,Android
MM_1910,2024-08-06,2024-08-24 00:00:00,Period Tracker,8.0,Android
MM_1910,2024-08-06,2024-09-18 00:00:00,Period Tracker,10.6,Android
MM_1910,2024-08-06,2024-08-18 00:00:00,Community Forum,11.1,iOS
MM_1910,2024-08-06,2024-09-09 00:00:00,Period Tracker,13.1,iOS
MM_1910,2024-08-06,2024-09-19 00:00:00,Period Tracker,12.6,Android
MM_1910,2024-08-06,2024-08-29 00:00:00,Period Tracker,7.7,iOS
MM_1910,2024-08-06,2024-10-01 00:00:00,Period Tracker,2.7,Android
MM_1910,2024-08-06,2024-08-10 00:00:00,Symptom Logger,7.1,iOS
MM_1910,2024-08-06,2024-09-24 00:00:00,Period Tracker,11.9,iOS
MM_1910,2024-08-06,2024-09-21 00:00:00,Symptom Logger,12.0,iOS
MM_1910,2024-08-06,2024-09-14 00:00:00,Symptom Logger,8.5,iOS
MM_1910,2024-08-06,2024-08-10 00:00:00,Period Tracker,5.4,iOS
MM_1910,2024-08-06,2024-09-01 00:00:00,Period Tracker,,iOS
MM_1911,2024-09-24,2024-11-23 00:00:00,Period Tracker,5.9,Android
MM_1911,2024-09-24,2024-11-04 00:00:00,Period Tracker,8.6,iOS
MM_1911,2024-09-24,2024-11-13 00:00:00,Period Tracker,,Android
MM_1911,2024-09-24,2024-10-10 00:00:00,Symptom Logger,6.5,iOS
MM_1911,2024-09-24,2024-10-19 00:00:00,Period Tracker,4.9,iOS
MM_1911,2024-09-24,2024-10-09 00:00:00,Symptom Logger,12.7,iOS
MM_1911,2024-09-24,2024-10-08 00:00:00,Period Tracker,4.2,Android
MM_1911,2024-09-24,2024-09-25 00:00:00,Period Tracker,4.0,iOS
MM_1911,2024-09-24,2024-11-16 00:00:00,Community Forum,1.2,Android
MM_1911,2024-09-24,2024-11-11 00:00:00,Period Tracker,9.0,iOS
MM_1911,2024-09-24,2024-11-20 00:00:00,Period Tracker,5.2,Android
MM_1911,2024-09-24,2024-10-21 00:00:00,Period Tracker,2.1,iOS
MM_1911,2024-09-24,2024-10-25 00:00:00,Period Tracker,13.6,Android
MM_1911,2024-09-24,2024-09-28 00:00:00,Health Articles,6.3,Android
MM_1911,2024-09-24,2024-11-17 00:00:00,Health Articles,5.1,iOS
MM_1912,2024-10-21,2024-12-12 00:00:00,Symptom Logger,13.4,Android
MM_1913,2024-09-20,2024-09-26 00:00:00,Symptom Logger,13.2,iOS
MM_1913,2024-09-20,2024-10-12 00:00:00,Period Tracker,2.4,Android
MM_1913,2024-09-20,2024-10-23 00:00:00,Period Tracker,14.1,Android
MM_1914,2024-08-22,2024-10-09 00:00:00,Period Tracker,5.3,Android
MM_1914,2024-08-22,2024-09-13 00:00:00,Period Tracker,4.8,iOS
MM_1914,2024-08-22,2024-09-01 00:00:00,Community Forum,14.0,Android
MM_1915,2024-10-06,2024-10-22 00:00:00,Symptom Logger,3.8,iOS
MM_1915,2024-10-06,2024-11-16 00:00:00,Community Forum,13.3,Android
MM_1915,2024-10-06,2024-10-07 00:00:00,Period Tracker,1.5,iOS
MM_1916,2024-09-18,2024-09-30 00:00:00,Health Articles,12.5,iOS
MM_1916,2024-09-18,2024-11-06 00:00:00,Period Tracker,7.6,Android
MM_1916,2024-09-18,2024-10-10 00:00:00,Symptom Logger,1.1,Android
MM_1916,2024-09-18,2024-09-24 00:00:00,Symptom Logger,1.6,Android
MM_1916,2024-09-18,2024-11-11 00:00:00,Period Tracker,10.0,Android
MM_1916,2024-09-18,2024-10-28 00:00:00,Community Forum,2.9,Android
MM_1916,2024-09-18,2024-10-26 00:00:00,Period Tracker,3.0,Android
MM_1916,2024-09-18,2024-11-06 00:00:00,Community Forum,8.4,iOS
MM_1916,2024-09-18,2024-10-05 00:00:00,Period Tracker,14.7,Android
MM_1916,2024-09-18,2024-11-01 00:00:00,Symptom Logger,4.5,iOS
MM_1916,2024-09-18,2024-10-08 00:00:00,Period Tracker,5.5,iOS
MM_1916,2024-09-18,2024-10-28 00:00:00,Period Tracker,12.9,Android
MM_1917,2024-10-03,2024-11-22 00:00:00,Period Tracker,5.7,Android
MM_1917,2024-10-03,2024-10-20 00:00:00,Period Tracker,6.2,Android
MM_1917,2024-10-03,2024-10-27 00:00:00,Health Articles,3.6,iOS
MM_1917,2024-10-03,2024-11-04 00:00:00,Community Forum,3.4,iOS
MM_1917,2024-10-03,2024-10-17 00:00:00,Period Tracker,11.1,Android
MM_1917,2024-10-03,2024-10-29 00:00:00,Period Tracker,10.9,iOS
MM_1917,2024-10-03,2024-10-23 00:00:00,Period Tracker,14.0,iOS
MM_1917,2024-10-03,2024-11-18 00:00:00,Symptom Logger,2.8,Android
MM_1917,2024-10-03,2024-10-10 00:00:00,Period Tracker,14.9,Android
MM_1917,2024-10-03,2024-12-01 00:00:00,Period Tracker,7.6,iOS
MM_1917,2024-10-03,2024-12-01 00:00:00,Period Tracker,2.2,iOS
MM_1917,2024-10-03,2024-11-18 00:00:00,Period Tracker,4.6,iOS
MM_1917,2024-10-03,2024-11-20 00:00:00,Health Articles,7.1,Android
MM_1917,2024-10-03,2024-11-11 00:00:00,Health Articles,11.6,Android
MM_1918,2024-10-12,2024-10-25 00:00:00,Community Forum,6.3,iOS
MM_1918,2024-10-12,2024-12-11 00:00:00,Community Forum,7.2,Android
MM_1919,2024-08-08,2024-10-01 00:00:00,Symptom Logger,5.1,Android
MM_1919,2024-08-08,2024-08-15 00:00:00,Symptom Logger,13.8,iOS
MM_1919,2024-08-08,2024-09-22 00:00:00,Symptom Logger,12.9,Android
MM_1919,2024-08-08,2024-09-30 00:00:00,Symptom Logger,4.2,Android
MM_1919,2024-08-08,2024-09-19 00:00:00,Health Articles,5.7,iOS
MM_1919,2024-08-08,2024-09-13 00:00:00,Symptom Logger,3.8,Android
MM_1919,2024-08-08,2024-10-05 00:00:00,Community Forum,13.7,iOS
MM_1919,2024-08-08,2024-09-15 00:00:00,Period Tracker,6.7,iOS
MM_1919,2024-08-08,2024-10-02 00:00:00,Community Forum,4.1,Android
MM_1920,2024-10-12,2024-11-23 00:00:00,Period Tracker,12.9,iOS
MM_1920,2024-10-12,2024-10-20 00:00:00,Symptom Logger,4.2,iOS
MM_1920,2024-10-12,2024-11-27 00:00:00,Community Forum,12.4,Android
MM_1921,2024-08-18,2024-09-03 00:00:00,Period Tracker,5.2,iOS
MM_1921,2024-08-18,2024-08-19 00:00:00,Community Forum,3.7,Android
MM_1921,2024-08-18,2024-08-19 00:00:00,Period Tracker,5.7,Android
MM_1921,2024-08-18,2024-08-29 00:00:00,Symptom Logger,9.5,iOS
MM_1921,2024-08-18,2024-08-30 00:00:00,Community Forum,9.4,Android
MM_1921,2024-08-18,2024-10-05 00:00:00,Period Tracker,10.6,Android
MM_1921,2024-08-18,2024-08-26 00:00:00,Symptom Logger,7.8,Android
MM_1921,2024-08-18,2024-08-25 00:00:00,Period Tracker,12.0,iOS
MM_1921,2024-08-18,2024-09-27 00:00:00,Health Articles,4.8,Android
MM_1921,2024-08-18,2024-08-30 00:00:00,Period Tracker,11.0,Android
MM_1921,2024-08-18,2024-08-26 00:00:00,Period Tracker,7.3,Android
MM_1921,2024-08-18,2024-09-04 00:00:00,Period Tracker,7.7,Android
MM_1922,2024-10-03,2024-10-03 00:00:00,Period Tracker,11.9,Android
MM_1922,2024-10-03,2024-11-19 00:00:00,Community Forum,4.0,Android
MM_1922,2024-10-03,2024-10-16 00:00:00,Symptom Logger,7.4,iOS
MM_1922,2024-10-03,2024-10-28 00:00:00,Health Articles,3.6,Android
MM_1922,2024-10-03,2024-11-27 00:00:00,Period Tracker,5.7,Android
MM_1922,2024-10-03,2024-10-23 00:00:00,Community Forum,2.0,iOS
MM_1922,2024-10-03,2024-11-24 00:00:00,Health Articles,2.4,iOS
MM_1922,2024-10-03,2024-10-24 00:00:00,Period Tracker,2.5,iOS
MM_1922,2024-10-03,2024-10-30 00:00:00,Health Articles,13.2,Android
MM_1922,2024-10-03,2024-11-26 00:00:00,Period Tracker,10.5,Android
MM_1922,2024-10-03,2024-11-26 00:00:00,Health Articles,6.0,Android
MM_1922,2024-10-03,2024-11-27 00:00:00,Health Articles,11.3,Android
MM_1922,2024-10-03,2024-11-16 00:00:00,Period Tracker,9.9,iOS
MM_1922,2024-10-03,2024-10-19 00:00:00,Symptom Logger,12.3,Android
MM_1923,2024-10-10,2024-11-19 00:00:00,Community Forum,4.4,iOS
MM_1923,2024-10-10,2024-11-07 00:00:00,Symptom Logger,1.8,Android
MM_1923,2024-10-10,2024-11-22 00:00:00,Health Articles,,Android
MM_1923,2024-10-10,2024-10-31 00:00:00,Period Tracker,14.0,iOS
MM_1923,2024-10-10,2024-10-20 00:00:00,Period Tracker,2.3,iOS
MM_1923,2024-10-10,2024-10-31 00:00:00,Period Tracker,14.7,Android
MM_1923,2024-10-10,2024-10-12 00:00:00,Period Tracker,6.6,iOS
MM_1923,2024-10-10,2024-11-01 00:00:00,Symptom Logger,13.4,Android
MM_1924,2024-10-06,2024-11-07 00:00:00,Community Forum,1.2,Android
MM_1925,2024-10-25,2024-11-15 00:00:00,Period Tracker,11.5,iOS
MM_1925,2024-10-25,2024-11-03 00:00:00,Community Forum,12.1,Android
MM_1925,2024-10-25,2024-11-19 00:00:00,Period Tracker,12.7,Android
MM_1925,2024-10-25,2024-12-22 00:00:00,Community Forum,1.4,iOS
MM_1925,2024-10-25,2024-10-26 00:00:00,Symptom Logger,12.0,iOS
MM_1925,2024-10-25,2024-10-25 00:00:00,Period Tracker,1.6,iOS
MM_1925,2024-10-25,2024-12-23 00:00:00,Period Tracker,12.0,iOS
MM_1926,2024-08-25,2024-09-16 00:00:00,Period Tracker,14.7,iOS
MM_1926,2024-08-25,2024-09-27 00:00:00,Health Articles,9.8,Android
MM_1926,2024-08-25,2024-09-26 00:00:00,Period Tracker,7.5,Android
MM_1927,2024-10-21,2024-12-01 00:00:00,Period Tracker,9.5,Android
MM_1928,2024-08-02,2024-08-17 00:00:00,Period Tracker,13.6,Android
MM_1929,2024-08-05,2024-08-30 00:00:00,Period Tracker,7.8,Android
MM_1929,2024-08-05,2024-09-26 00:00:00,Period Tracker,13.4,Android
MM_1929,2024-08-05,2024-08-17 00:00:00,Period Tracker,9.6,Android
MM_1929,2024-08-05,2024-08-15 00:00:00,Period Tracker,13.1,iOS
MM_1929,2024-08-05,2024-09-21 00:00:00,Symptom Logger,7.1,iOS
MM_1929,2024-08-05,2024-08-11 00:00:00,Period Tracker,,Android
MM_1929,2024-08-05,2024-10-03 00:00:00,Community Forum,7.4,iOS
MM_1930,2024-10-17,2024-10-26 00:00:00,Period Tracker,7.5,Android
MM_1930,2024-10-17,2024-12-09 00:00:00,Period Tracker,9.9,iOS
MM_1930,2024-10-17,2024-11-25 00:00:00,Period Tracker,3.8,iOS
MM_1930,2024-10-17,2024-11-12 00:00:00,Period Tracker,7.3,iOS
MM_1930,2024-10-17,2024-11-20 00:00:00,Symptom Logger,6.4,Android
MM_1930,2024-10-17,2024-11-06 00:00:00,Period Tracker,7.1,iOS
MM_1930,2024-10-17,2024-12-16 00:00:00,Period Tracker,6.8,Android
MM_1930,2024-10-17,2024-11-27 00:00:00,Symptom Logger,4.4,iOS
MM_1931,2024-08-01,2024-09-30 00:00:00,Period Tracker,5.4,iOS
MM_1931,2024-08-01,2024-08-26 00:00:00,Symptom Logger,1.6,iOS
MM_1931,2024-08-01,2024-09-26 00:00:00,Period Tracker,14.9,iOS
MM_1931,2024-08-01,2024-09-08 00:00:00,Health Articles,8.2,iOS
MM_1931,2024-08-01,2024-08-13 00:00:00,Period Tracker,13.3,iOS
MM_1931,2024-08-01,2024-09-05 00:00:00,Health Articles,8.4,iOS
MM_1932,2024-09-17,2024-10-11 00:00:00,Period Tracker,1.2,iOS
MM_1932,2024-09-17,2024-10-16 00:00:00,Period Tracker,2.2,Android
MM_1932,2024-09-17,2024-09-18 00:00:00,Period Tracker,5.8,Android
MM_1932,2024-09-17,2024-10-21 00:00:00,Community Forum,12.0,iOS
MM_1932,2024-09-17,2024-09-21 00:00:00,Period Tracker,6.0,Android
MM_1932,2024-09-17,2024-10-07 00:00:00,Symptom Logger,1.7,iOS
MM_1932,2024-09-17,2024-10-09 00:00:00,Period Tracker,5.9,iOS
MM_1932,2024-09-17,2024-11-06 00:00:00,Community Forum,8.8,iOS
MM_1932,2024-09-17,2024-09-28 00:00:00,Community Forum,3.0,Android
MM_1932,2024-09-17,2024-10-04 00:00:00,Period Tracker,9.6,Android
MM_1932,2024-09-17,2024-09-23 00:00:00,Health Articles,4.7,Android
MM_1932,2024-09-17,2024-10-19 00:00:00,Symptom Logger,5.2,Android
MM_1932,2024-09-17,2024-10-03 00:00:00,Community Forum,1.8,iOS
MM_1932,2024-09-17,2024-09-28 00:00:00,Period Tracker,9.8,Android
MM_1932,2024-09-17,2024-10-28 00:00:00,Community Forum,9.8,Android
MM_1932,2024-09-17,2024-10-16 00:00:00,Period Tracker,11.6,iOS
MM_1933,2024-09-10,2024-10-21 00:00:00,Period Tracker,10.0,Android
MM_1933,2024-09-10,2024-10-21 00:00:00,Period Tracker,9.7,Android
MM_1933,2024-09-10,2024-09-26 00:00:00,Period Tracker,13.7,iOS
MM_1933,2024-09-10,2024-09-14 00:00:00,Period Tracker,1.1,Android
MM_1933,2024-09-10,2024-09-30 00:00:00,Health Articles,14.0,iOS
MM_1933,2024-09-10,2024-10-22 00:00:00,Community Forum,5.2,Android
MM_1933,2024-09-10,2024-09-13 00:00:00,Period Tracker,4.8,iOS
MM_1933,2024-09-10,2024-10-20 00:00:00,Period Tracker,3.1,iOS
MM_1933,2024-09-10,2024-10-04 00:00:00,Community Forum,4.2,iOS
MM_1933,2024-09-10,2024-11-08 00:00:00,Community Forum,8.5,iOS
MM_1933,2024-09-10,2024-10-29 00:00:00,Period Tracker,2.9,iOS
MM_1933,2024-09-10,2024-10-09 00:00:00,Period Tracker,3.9,Android
MM_1933,2024-09-10,2024-10-10 00:00:00,Community Forum,9.7,Android
MM_1934,2024-08-19,2024-10-17 00:00:00,Period Tracker,4.8,iOS
MM_1934,2024-08-19,2024-10-04 00:00:00,Symptom Logger,13.8,Android
MM_1935,2024-09-21,2024-09-21 00:00:00,Period Tracker,1.2,iOS
MM_1935,2024-09-21,2024-10-28 00:00:00,Period Tracker,12.4,iOS
MM_1935,2024-09-21,2024-11-04 00:00:00,Period Tracker,11.9,Android
MM_1935,2024-09-21,2024-09-23 00:00:00,Community Forum,12.3,Android
MM_1935,2024-09-21,2024-10-15 00:00:00,Period Tracker,4.5,Android
MM_1935,2024-09-21,2024-10-08 00:00:00,Period Tracker,13.1,Android
MM_1935,2024-09-21,2024-10-14 00:00:00,Symptom Logger,14.8,iOS
MM_1935,2024-09-21,2024-11-13 00:00:00,Period Tracker,3.0,Android
MM_1935,2024-09-21,2024-10-07 00:00:00,Health Articles,3.3,Android
MM_1935,2024-09-21,2024-09-26 00:00:00,Symptom Logger,3.9,Android
MM_1935,2024-09-21,2024-09-22 00:00:00,Community Forum,10.3,Android
MM_1935,2024-09-21,2024-10-02 00:00:00,Period Tracker,2.2,iOS
MM_1936,2024-09-03,2024-10-15 00:00:00,Period Tracker,3.3,iOS
MM_1936,2024-09-03,2024-10-20 00:00:00,Health Articles,13.0,Android
MM_1936,2024-09-03,2024-10-09 00:00:00,Community Forum,13.4,iOS
MM_1936,2024-09-03,2024-10-31 00:00:00,Health Articles,7.4,iOS
MM_1936,2024-09-03,2024-09-30 00:00:00,Community Forum,1.8,Android
MM_1936,2024-09-03,2024-10-16 00:00:00,Period Tracker,11.5,iOS
MM_1936,2024-09-03,2024-10-13 00:00:00,Health Articles,8.9,Android
MM_1937,2024-09-23,2024-11-08 00:00:00,Symptom Logger,1.7,Android
MM_1937,2024-09-23,2024-10-02 00:00:00,Health Articles,14.4,iOS
MM_1937,2024-09-23,2024-11-18 00:00:00,Health Articles,12.7,Android
MM_1937,2024-09-23,2024-10-07 00:00:00,Health Articles,1.8,iOS
MM_1937,2024-09-23,2024-10-07 00:00:00,Period Tracker,1.4,iOS
MM_1937,2024-09-23,2024-11-13 00:00:00,Symptom Logger,3.4,iOS
MM_1937,2024-09-23,2024-11-13 00:00:00,Community Forum,1.5,Android
MM_1937,2024-09-23,2024-10-18 00:00:00,Period Tracker,3.7,Android
MM_1937,2024-09-23,2024-10-27 00:00:00,Symptom Logger,5.4,Android
MM_1938,2024-08-03,2024-08-18 00:00:00,Period Tracker,6.1,iOS
MM_1938,2024-08-03,2024-09-19 00:00:00,Community Forum,10.6,Android
MM_1938,2024-08-03,2024-09-02 00:00:00,Health Articles,7.5,iOS
MM_1938,2024-08-03,2024-08-14 00:00:00,Symptom Logger,3.9,iOS
MM_1938,2024-08-03,2024-09-03 00:00:00,Health Articles,12.5,iOS
MM_1938,2024-08-03,2024-08-08 00:00:00,Period Tracker,12.1,iOS
MM_1938,2024-08-03,2024-09-28 00:00:00,Health Articles,10.1,iOS
MM_1938,2024-08-03,2024-09-06 00:00:00,Community Forum,2.8,Android
MM_1938,2024-08-03,2024-10-02 00:00:00,Period Tracker,2.7,Android
MM_1938,2024-08-03,2024-09-10 00:00:00,Period Tracker,3.2,Android
MM_1939,2024-08-15,2024-09-03 00:00:00,Period Tracker,3.9,Android
MM_1939,2024-08-15,2024-08-27 00:00:00,Period Tracker,10.1,iOS
MM_1940,2024-09-16,2024-11-05 00:00:00,Symptom Logger,8.8,Android
MM_1940,2024-09-16,2024-09-24 00:00:00,Symptom Logger,13.7,iOS
MM_1940,2024-09-16,2024-10-15 00:00:00,Period Tracker,13.8,Android
MM_1940,2024-09-16,2024-09-20 00:00:00,Symptom Logger,2.0,Android
MM_1940,2024-09-16,2024-10-15 00:00:00,Symptom Logger,12.9,iOS
MM_1940,2024-09-16,2024-11-07 00:00:00,Period Tracker,7.6,Android
MM_1940,2024-09-16,2024-09-30 00:00:00,Period Tracker,6.0,Android
MM_1940,2024-09-16,2024-10-09 00:00:00,Period Tracker,14.9,iOS
MM_1940,2024-09-16,2024-09-16 00:00:00,Community Forum,10.2,Android
MM_1940,2024-09-16,2024-09-24 00:00:00,Period Tracker,5.6,Android
MM_1940,2024-09-16,2024-11-02 00:00:00,Period Tracker,2.8,iOS
MM_1940,2024-09-16,2024-10-23 00:00:00,Period Tracker,3.0,Android
MM_1940,2024-09-16,2024-10-31 00:00:00,Symptom Logger,8.6,Android
MM_1940,2024-09-16,2024-09-27 00:00:00,Community Forum,7.8,iOS
MM_1940,2024-09-16,2024-09-21 00:00:00,Symptom Logger,13.2,Android
MM_1940,2024-09-16,2024-10-22 00:00:00,Period Tracker,3.9,Android
MM_1940,2024-09-16,2024-10-14 00:00:00,Period Tracker,7.2,iOS
MM_1940,2024-09-16,2024-09-21 00:00:00,Symptom Logger,14.8,iOS
MM_1940,2024-09-16,2024-09-17 00:00:00,Period Tracker,9.1,Android
MM_1940,2024-09-16,2024-10-18 00:00:00,Symptom Logger,12.3,iOS
MM_1941,2024-09-23,2024-11-19 00:00:00,Period Tracker,6.6,Android
MM_1941,2024-09-23,2024-10-08 00:00:00,Period Tracker,12.8,Android
MM_1941,2024-09-23,2024-11-16 00:00:00,Symptom Logger,10.2,Android
MM_1941,2024-09-23,2024-11-03 00:00:00,Period Tracker,8.7,iOS
MM_1941,2024-09-23,2024-09-26 00:00:00,Period Tracker,12.0,iOS
MM_1941,2024-09-23,2024-09-24 00:00:00,Period Tracker,6.4,Android
MM_1941,2024-09-23,2024-10-05 00:00:00,Symptom Logger,7.8,iOS
MM_1941,2024-09-23,2024-10-06 00:00:00,Symptom Logger,8.4,Android
MM_1941,2024-09-23,2024-11-16 00:00:00,Community Forum,10.3,Android
MM_1941,2024-09-23,2024-10-20 00:00:00,Period Tracker,7.3,iOS
MM_1941,2024-09-23,2024-10-08 00:00:00,Community Forum,11.9,Android
MM_1941,2024-09-23,2024-11-21 00:00:00,Period Tracker,13.3,iOS
MM_1941,2024-09-23,2024-11-15 00:00:00,Period Tracker,5.2,Android
MM_1941,2024-09-23,2024-09-28 00:00:00,Period Tracker,14.8,iOS
MM_1941,2024-09-23,2024-10-08 00:00:00,Symptom Logger,6.4,Android
MM_1941,2024-09-23,2024-11-22 00:00:00,Period Tracker,10.6,Android
MM_1941,2024-09-23,2024-11-20 00:00:00,Community Forum,14.4,iOS
MM_1941,2024-09-23,2024-10-07 00:00:00,Symptom Logger,4.1,Android
MM_1941,2024-09-23,2024-10-01 00:00:00,Period Tracker,10.6,Android
MM_1941,2024-09-23,2024-11-02 00:00:00,Period Tracker,10.9,iOS
MM_1942,2024-08-08,2024-08-19 00:00:00,Symptom Logger,1.1,Android
MM_1942,2024-08-08,2024-08-22 00:00:00,Period Tracker,6.0,Android
MM_1942,2024-08-08,2024-10-06 00:00:00,Symptom Logger,6.7,iOS
MM_1943,2024-08-09,2024-08-28 00:00:00,Period Tracker,14.7,iOS
MM_1943,2024-08-09,2024-08-19 00:00:00,Symptom Logger,2.6,iOS
MM_1943,2024-08-09,2024-10-05 00:00:00,Health Articles,12.8,Android
MM_1943,2024-08-09,2024-09-16 00:00:00,Symptom Logger,4.4,Android
MM_1943,2024-08-09,2024-10-02 00:00:00,Community Forum,13.1,iOS
MM_1943,2024-08-09,2024-08-27 00:00:00,Period Tracker,10.0,Android
MM_1943,2024-08-09,2024-09-11 00:00:00,Period Tracker,2.2,Android
MM_1943,2024-08-09,2024-08-15 00:00:00,Period Tracker,1.5,Android
MM_1943,2024-08-09,2024-08-20 00:00:00,Community Forum,12.8,Android
MM_1943,2024-08-09,2024-09-05 00:00:00,Period Tracker,14.3,Android
MM_1943,2024-08-09,2024-09-17 00:00:00,Health Articles,10.9,Android
MM_1943,2024-08-09,2024-08-24 00:00:00,Community Forum,,iOS
MM_1943,2024-08-09,2024-09-08 00:00:00,Health Articles,12.0,Android
MM_1944,2024-10-17,2024-10-23 00:00:00,Community Forum,11.8,Android
MM_1944,2024-10-17,2024-12-05 00:00:00,Period Tracker,6.6,iOS
MM_1944,2024-10-17,2024-11-08 00:00:00,Symptom Logger,5.0,iOS
MM_1944,2024-10-17,2024-11-26 00:00:00,Period Tracker,9.4,Android
MM_1944,2024-10-17,2024-12-16 00:00:00,Symptom Logger,4.5,Android
MM_1944,2024-10-17,2024-11-26 00:00:00,Period Tracker,14.7,iOS
MM_1944,2024-10-17,2024-11-17 00:00:00,Period Tracker,6.5,iOS
MM_1944,2024-10-17,2024-11-26 00:00:00,Health Articles,4.6,Android
MM_1944,2024-10-17,2024-12-12 00:00:00,Period Tracker,2.4,iOS
MM_1944,2024-10-17,2024-11-01 00:00:00,Community Forum,13.8,iOS
MM_1944,2024-10-17,2024-11-12 00:00:00,Period Tracker,5.3,iOS
MM_1945,2024-09-23,2024-10-16 00:00:00,Period Tracker,9.9,iOS
MM_1945,2024-09-23,2024-10-10 00:00:00,Community Forum,12.8,Android
MM_1945,2024-09-23,2024-09-29 00:00:00,Period Tracker,14.0,iOS
MM_1945,2024-09-23,2024-11-19 00:00:00,Symptom Logger,14.3,iOS
MM_1945,2024-09-23,2024-10-25 00:00:00,Period Tracker,11.6,iOS
MM_1945,2024-09-23,2024-10-17 00:00:00,Symptom Logger,11.3,Android
MM_1945,2024-09-23,2024-11-04 00:00:00,Period Tracker,8.4,Android
MM_1945,2024-09-23,2024-11-18 00:00:00,Symptom Logger,8.0,iOS
MM_1945,2024-09-23,2024-11-04 00:00:00,Period Tracker,2.9,iOS
MM_1945,2024-09-23,2024-11-07 00:00:00,Period Tracker,14.8,Android
MM_1945,2024-09-23,2024-10-23 00:00:00,Symptom Logger,6.5,iOS
MM_1945,2024-09-23,2024-10-21 00:00:00,Community Forum,6.8,Android
MM_1946,2024-10-26,2024-12-02 00:00:00,Health Articles,4.5,Android
MM_1946,2024-10-26,2024-12-17 00:00:00,Period Tracker,8.3,Android
MM_1946,2024-10-26,2024-12-22 00:00:00,Health Articles,9.1,Android
MM_1946,2024-10-26,2024-11-23 00:00:00,Community Forum,5.4,iOS
MM_1946,2024-10-26,2024-11-18 00:00:00,Symptom Logger,12.4,Android
MM_1946,2024-10-26,2024-11-19 00:00:00,Period Tracker,2.3,Android
MM_1946,2024-10-26,2024-12-02 00:00:00,Period Tracker,9.3,Android
MM_1946,2024-10-26,2024-12-04 00:00:00,Period Tracker,7.3,iOS
MM_1946,2024-10-26,2024-11-19 00:00:00,Symptom Logger,14.3,Android
MM_1947,2024-10-06,2024-12-01 00:00:00,Period Tracker,2.6,iOS
MM_1947,2024-10-06,2024-10-16 00:00:00,Period Tracker,4.7,iOS
MM_1947,2024-10-06,2024-11-04 00:00:00,Period Tracker,6.4,iOS
MM_1947,2024-10-06,2024-10-22 00:00:00,Community Forum,2.0,iOS
MM_1947,2024-10-06,2024-10-12 00:00:00,Community Forum,8.8,Android
MM_1947,2024-10-06,2024-11-15 00:00:00,Community Forum,3.4,iOS
MM_1947,2024-10-06,2024-10-13 00:00:00,Period Tracker,3.0,Android
MM_1947,2024-10-06,2024-11-07 00:00:00,Period Tracker,4.2,iOS
MM_1947,2024-10-06,2024-11-26 00:00:00,Period Tracker,14.8,iOS
MM_1947,2024-10-06,2024-11-29 00:00:00,Period Tracker,14.4,Android
MM_1947,2024-10-06,2024-10-06 00:00:00,Symptom Logger,5.0,iOS
MM_1947,2024-10-06,2024-11-17 00:00:00,Symptom Logger,9.3,Android
MM_1947,2024-10-06,2024-10-28 00:00:00,Health Articles,2.6,Android
MM_1948,2024-10-18,2024-12-16 00:00:00,Period Tracker,8.9,Android
MM_1948,2024-10-18,2024-12-01 00:00:00,Symptom Logger,4.9,iOS
MM_1949,2024-10-06,2024-10-08 00:00:00,Symptom Logger,2.4,Android
MM_1949,2024-10-06,2024-10-27 00:00:00,Period Tracker,13.0,iOS
MM_1949,2024-10-06,2024-11-13 00:00:00,Period Tracker,13.5,iOS
MM_1949,2024-10-06,2024-11-05 00:00:00,Symptom Logger,6.5,Android
MM_1949,2024-10-06,2024-11-05 00:00:00,Period Tracker,7.3,Android
MM_1949,2024-10-06,2024-10-15 00:00:00,Community Forum,2.5,Android
MM_1949,2024-10-06,2024-10-11 00:00:00,Health Articles,6.2,Android
MM_1949,2024-10-06,2024-10-30 00:00:00,Period Tracker,6.2,Android
MM_1949,2024-10-06,2024-11-10 00:00:00,Community Forum,4.3,Android
MM_1949,2024-10-06,2024-10-17 00:00:00,Period Tracker,,Android
MM_1949,2024-10-06,2024-10-20 00:00:00,Period Tracker,3.1,Android
MM_1949,2024-10-06,2024-11-19 00:00:00,Symptom Logger,8.3,iOS
MM_1949,2024-10-06,2024-10-06 00:00:00,Period Tracker,10.4,Android
MM_1949,2024-10-06,2024-11-16 00:00:00,Period Tracker,4.4,Android
MM_1949,2024-10-06,2024-10-14 00:00:00,Symptom Logger,6.3,iOS
MM_1949,2024-10-06,2024-11-12 00:00:00,Health Articles,2.1,iOS
MM_1949,2024-10-06,2024-12-02 00:00:00,Period Tracker,7.1,Android
MM_1949,2024-10-06,2024-11-11 00:00:00,Period Tracker,13.7,iOS
MM_1950,2024-10-13,2024-10-16 00:00:00,Symptom Logger,2.5,Android
MM_1950,2024-10-13,2024-10-22 00:00:00,Community Forum,1.6,Android
MM_1950,2024-10-13,2024-11-07 00:00:00,Symptom Logger,425.0,Android
MM_1951,2024-08-25,2024-09-24 00:00:00,Symptom Logger,3.7,Android
MM_1951,2024-08-25,2024-10-04 00:00:00,Community Forum,5.5,iOS
MM_1951,2024-08-25,2024-08-25 00:00:00,Health Articles,9.5,iOS
MM_1951,2024-08-25,2024-10-16 00:00:00,Community Forum,3.3,Android
MM_1951,2024-08-25,2024-09-22 00:00:00,Symptom Logger,1.1,Android
MM_1952,2024-09-15,2024-10-11 00:00:00,Symptom Logger,6.1,iOS
MM_1952,2024-09-15,2024-10-10 00:00:00,Period Tracker,2.3,Android
MM_1952,2024-09-15,2024-10-16 00:00:00,Symptom Logger,13.9,Android
MM_1953,2024-09-14,2024-11-06 00:00:00,Period Tracker,5.0,Android
MM_1954,2024-10-02,2024-11-03 00:00:00,Period Tracker,6.2,Android
MM_1955,2024-09-07,2024-09-22 00:00:00,Health Articles,8.6,iOS
MM_1955,2024-09-07,2024-10-17 00:00:00,Health Articles,4.0,iOS
MM_1955,2024-09-07,2024-10-12 00:00:00,Period Tracker,9.5,Android
MM_1955,2024-09-07,2024-11-03 00:00:00,Health Articles,2.8,iOS
MM_1955,2024-09-07,2024-10-15 00:00:00,Community Forum,,Android
MM_1956,2024-08-24,2024-09-05 00:00:00,Symptom Logger,1.1,Android
MM_1957,2024-08-29,2024-09-16 00:00:00,Period Tracker,11.2,iOS
MM_1957,2024-08-29,2024-10-20 00:00:00,Period Tracker,,Android
MM_1957,2024-08-29,2024-09-09 00:00:00,Period Tracker,7.3,iOS
MM_1957,2024-08-29,2024-09-12 00:00:00,Community Forum,2.9,Android
MM_1957,2024-08-29,2024-09-14 00:00:00,Community Forum,9.8,iOS
MM_1957,2024-08-29,2024-10-09 00:00:00,Symptom Logger,13.1,Android
MM_1957,2024-08-29,2024-10-28 00:00:00,Period Tracker,8.0,iOS
MM_1957,2024-08-29,2024-10-05 00:00:00,Period Tracker,14.9,iOS
MM_1957,2024-08-29,2024-10-24 00:00:00,Period Tracker,14.2,iOS
MM_1957,2024-08-29,2024-09-28 00:00:00,Health Articles,4.6,Android
MM_1957,2024-08-29,2024-10-26 00:00:00,Community Forum,14.0,Android
MM_1958,2024-09-24,2024-09-26 00:00:00,Health Articles,2.1,Android
MM_1958,2024-09-24,2024-10-07 00:00:00,Period Tracker,11.1,Android
MM_1958,2024-09-24,2024-10-14 00:00:00,Symptom Logger,11.6,Android
MM_1958,2024-09-24,2024-09-24 00:00:00,Symptom Logger,6.3,Android
MM_1958,2024-09-24,2024-10-14 00:00:00,Health Articles,3.0,iOS
MM_1958,2024-09-24,2024-10-11 00:00:00,Symptom Logger,4.5,Android
MM_1958,2024-09-24,2024-11-18 00:00:00,Period Tracker,9.1,iOS
MM_1959,2024-10-05,2024-10-28 00:00:00,Symptom Logger,13.9,Android
MM_1960,2024-09-21,2024-09-21 00:00:00,Period Tracker,6.6,iOS
MM_1961,2024-09-15,2024-10-22 00:00:00,Symptom Logger,13.5,iOS
MM_1961,2024-09-15,2024-10-07 00:00:00,Symptom Logger,14.2,iOS
MM_1961,2024-09-15,2024-10-27 00:00:00,Symptom Logger,10.6,iOS
MM_1961,2024-09-15,2024-10-30 00:00:00,Symptom Logger,1.8,Android
MM_1961,2024-09-15,2024-09-21 00:00:00,Symptom Logger,12.1,iOS
MM_1961,2024-09-15,2024-10-09 00:00:00,Symptom Logger,10.7,iOS
MM_1962,2024-08-07,2024-10-05 00:00:00,Symptom Logger,13.0,Android
MM_1962,2024-08-07,2024-08-10 00:00:00,Period Tracker,4.1,Android
MM_1962,2024-08-07,2024-08-16 00:00:00,Period Tracker,3.6,Android
MM_1962,2024-08-07,2024-08-25 00:00:00,Period Tracker,2.0,Android
MM_1962,2024-08-07,2024-08-24 00:00:00,Period Tracker,5.1,iOS
MM_1962,2024-08-07,2024-08-28 00:00:00,Symptom Logger,7.0,Android
MM_1962,2024-08-07,2024-09-16 00:00:00,Period Tracker,2.0,iOS
MM_1962,2024-08-07,2024-08-23 00:00:00,Period Tracker,4.4,Android
MM_1962,2024-08-07,2024-08-09 00:00:00,Symptom Logger,13.8,Android
MM_1962,2024-08-07,2024-08-17 00:00:00,Period Tracker,8.2,Android
MM_1962,2024-08-07,2024-10-04 00:00:00,Period Tracker,10.4,iOS
MM_1963,2024-09-16,2024-10-28 00:00:00,Period Tracker,4.8,Android
MM_1963,2024-09-16,2024-10-28 00:00:00,Period Tracker,14.2,iOS
MM_1963,2024-09-16,2024-11-01 00:00:00,Symptom Logger,6.9,Android
MM_1963,2024-09-16,2024-10-24 00:00:00,Symptom Logger,3.4,iOS
MM_1963,2024-09-16,2024-09-28 00:00:00,Symptom Logger,8.3,Android
MM_1963,2024-09-16,2024-10-07 00:00:00,Period Tracker,2.7,Android
MM_1963,2024-09-16,2024-10-30 00:00:00,Community Forum,13.1,iOS
MM_1963,2024-09-16,2024-10-01 00:00:00,Period Tracker,7.0,iOS
MM_1963,2024-09-16,2024-09-22 00:00:00,Community Forum,1.7,iOS
MM_1963,2024-09-16,2024-09-17 00:00:00,Period Tracker,8.4,Android
MM_1964,2024-10-21,2024-11-14 00:00:00,Symptom Logger,11.5,iOS
MM_1964,2024-10-21,2024-12-02 00:00:00,Period Tracker,10.3,iOS
MM_1964,2024-10-21,2024-12-03 00:00:00,Health Articles,5.7,iOS
MM_1964,2024-10-21,2024-10-22 00:00:00,Period Tracker,3.5,Android
MM_1964,2024-10-21,2024-12-05 00:00:00,Community Forum,14.0,iOS
MM_1964,2024-10-21,2024-11-21 00:00:00,Symptom Logger,4.7,iOS
MM_1964,2024-10-21,2024-10-22 00:00:00,Symptom Logger,3.1,iOS
MM_1964,2024-10-21,2024-11-21 00:00:00,Period Tracker,3.9,iOS
MM_1964,2024-10-21,2024-12-11 00:00:00,Period Tracker,1.1,Android
MM_1964,2024-10-21,2024-11-20 00:00:00,Period Tracker,12.9,Android
MM_1964,2024-10-21,2024-12-13 00:00:00,Period Tracker,5.1,Android
MM_1964,2024-10-21,2024-11-04 00:00:00,Symptom Logger,8.1,iOS
MM_1965,2024-08-30,2024-09-08 00:00:00,Symptom Logger,9.4,iOS
MM_1966,2024-08-19,2024-10-15 00:00:00,Community Forum,13.6,Android
MM_1966,2024-08-19,2024-09-07 00:00:00,Community Forum,11.1,Android
MM_1966,2024-08-19,2024-10-13 00:00:00,Period Tracker,7.8,iOS
MM_1966,2024-08-19,2024-09-17 00:00:00,Period Tracker,14.9,iOS
MM_1966,2024-08-19,2024-09-29 00:00:00,Period Tracker,2.6,iOS
MM_1966,2024-08-19,2024-09-30 00:00:00,Period Tracker,11.3,iOS
MM_1966,2024-08-19,2024-10-11 00:00:00,Period Tracker,1.0,iOS
MM_1966,2024-08-19,2024-10-14 00:00:00,Health Articles,9.9,iOS
MM_1966,2024-08-19,2024-09-23 00:00:00,Period Tracker,12.1,Android
MM_1966,2024-08-19,2024-09-24 00:00:00,Community Forum,7.2,iOS
MM_1966,2024-08-19,2024-09-20 00:00:00,Period Tracker,1.7,iOS
MM_1966,2024-08-19,2024-09-17 00:00:00,Period Tracker,11.9,Android
MM_1967,2024-10-07,2024-11-03 00:00:00,Period Tracker,4.1,iOS
MM_1967,2024-10-07,2024-11-09 00:00:00,Community Forum,11.2,Android
MM_1967,2024-10-07,2024-10-18 00:00:00,Symptom Logger,6.4,iOS
MM_1967,2024-10-07,2024-10-29 00:00:00,Period Tracker,9.1,iOS
MM_1967,2024-10-07,2024-10-24 00:00:00,Period Tracker,7.4,Android
MM_1967,2024-10-07,2024-11-28 00:00:00,Period Tracker,7.5,Android
MM_1967,2024-10-07,2024-10-07 00:00:00,Period Tracker,9.5,iOS
MM_1967,2024-10-07,2024-12-02 00:00:00,Period Tracker,9.2,iOS
MM_1967,2024-10-07,2024-11-22 00:00:00,Period Tracker,3.1,Android
MM_1967,2024-10-07,2024-11-25 00:00:00,Period Tracker,3.6,iOS
MM_1967,2024-10-07,2024-12-01 00:00:00,Period Tracker,8.1,iOS
MM_1967,2024-10-07,2024-11-15 00:00:00,Symptom Logger,11.9,iOS
MM_1967,2024-10-07,2024-10-18 00:00:00,Symptom Logger,4.8,iOS
MM_1967,2024-10-07,2024-11-10 00:00:00,Symptom Logger,12.9,Android
MM_1967,2024-10-07,2024-11-29 00:00:00,Symptom Logger,7.7,iOS
MM_1967,2024-10-07,2024-11-16 00:00:00,Health Articles,14.3,Android
MM_1967,2024-10-07,2024-10-22 00:00:00,Community Forum,9.6,Android
MM_1968,2024-09-11,2024-11-04 00:00:00,Period Tracker,2.4,Android
MM_1968,2024-09-11,2024-11-05 00:00:00,Community Forum,7.8,Android
MM_1968,2024-09-11,2024-10-05 00:00:00,Period Tracker,12.7,Android
MM_1968,2024-09-11,2024-10-17 00:00:00,Period Tracker,3.4,Android
MM_1968,2024-09-11,2024-10-15 00:00:00,Period Tracker,14.7,iOS
MM_1968,2024-09-11,2024-10-09 00:00:00,Community Forum,1.7,iOS
MM_1968,2024-09-11,2024-10-08 00:00:00,Community Forum,1.2,Android
MM_1968,2024-09-11,2024-10-14 00:00:00,Community Forum,13.5,Android
MM_1968,2024-09-11,2024-10-18 00:00:00,Period Tracker,1.6,iOS
MM_1969,2024-09-25,2024-09-25 00:00:00,Symptom Logger,1.4,iOS
MM_1969,2024-09-25,2024-11-13 00:00:00,Period Tracker,3.9,Android
MM_1969,2024-09-25,2024-10-26 00:00:00,Health Articles,4.4,Android
MM_1969,2024-09-25,2024-10-23 00:00:00,Community Forum,3.3,Android
MM_1969,2024-09-25,2024-11-13 00:00:00,Health Articles,11.6,Android
MM_1969,2024-09-25,2024-11-17 00:00:00,Period Tracker,12.7,Android
MM_1969,2024-09-25,2024-10-01 00:00:00,Symptom Logger,3.9,Android
MM_1969,2024-09-25,2024-10-27 00:00:00,Period Tracker,11.3,Android
MM_1969,2024-09-25,2024-10-28 00:00:00,Symptom Logger,10.8,iOS
MM_1969,2024-09-25,2024-10-02 00:00:00,Symptom Logger,2.3,Android
MM_1969,2024-09-25,2024-10-11 00:00:00,Period Tracker,2.6,Android
MM_1969,2024-09-25,2024-11-04 00:00:00,Symptom Logger,2.5,iOS
MM_1970,2024-09-19,2024-10-17 00:00:00,Period Tracker,14.2,iOS
MM_1970,2024-09-19,2024-11-10 00:00:00,Period Tracker,5.2,iOS
MM_1970,2024-09-19,2024-11-14 00:00:00,Period Tracker,13.2,iOS
MM_1970,2024-09-19,2024-11-03 00:00:00,Period Tracker,11.2,iOS
MM_1970,2024-09-19,2024-10-29 00:00:00,Community Forum,9.4,Android
MM_1970,2024-09-19,2024-10-26 00:00:00,Symptom Logger,13.6,iOS
MM_1970,2024-09-19,2024-11-07 00:00:00,Community Forum,9.8,Android
MM_1970,2024-09-19,2024-09-25 00:00:00,Health Articles,12.8,iOS
MM_1970,2024-09-19,2024-10-14 00:00:00,Period Tracker,10.5,Android
MM_1970,2024-09-19,2024-10-23 00:00:00,Period Tracker,4.4,iOS
MM_1970,2024-09-19,2024-11-09 00:00:00,Symptom Logger,10.0,iOS
MM_1970,2024-09-19,2024-10-06 00:00:00,Period Tracker,13.1,Android
MM_1970,2024-09-19,2024-10-19 00:00:00,Period Tracker,8.7,iOS
MM_1970,2024-09-19,2024-10-06 00:00:00,Period Tracker,3.0,iOS
MM_1970,2024-09-19,2024-11-07 00:00:00,Period Tracker,1.6,Android
MM_1970,2024-09-19,2024-10-26 00:00:00,Community Forum,13.8,Android
MM_1971,2024-10-14,2024-10-21 00:00:00,Period Tracker,5.0,Android
MM_1971,2024-10-14,2024-12-06 00:00:00,Symptom Logger,2.0,Android
MM_1971,2024-10-14,2024-12-09 00:00:00,Health Articles,10.3,iOS
MM_1971,2024-10-14,2024-11-29 00:00:00,Period Tracker,8.5,Android
MM_1971,2024-10-14,2024-10-28 00:00:00,Period Tracker,11.2,iOS
MM_1971,2024-10-14,2024-10-30 00:00:00,Symptom Logger,8.6,iOS
MM_1971,2024-10-14,2024-12-05 00:00:00,Community Forum,7.2,Android
MM_1971,2024-10-14,2024-10-29 00:00:00,Symptom Logger,13.4,iOS
MM_1971,2024-10-14,2024-10-25 00:00:00,Period Tracker,5.2,Android
MM_1971,2024-10-14,2024-10-15 00:00:00,Period Tracker,10.2,iOS
MM_1971,2024-10-14,2024-11-25 00:00:00,Period Tracker,2.2,Android
MM_1971,2024-10-14,2024-11-12 00:00:00,Period Tracker,10.1,Android
MM_1971,2024-10-14,2024-10-31 00:00:00,Community Forum,4.5,Android
MM_1971,2024-10-14,2024-10-22 00:00:00,Period Tracker,7.2,iOS
MM_1971,2024-10-14,2024-12-02 00:00:00,Period Tracker,6.2,Android
MM_1971,2024-10-14,2024-11-24 00:00:00,Community Forum,13.5,Android
MM_1971,2024-10-14,2024-11-03 00:00:00,Symptom Logger,8.4,iOS
MM_1971,2024-10-14,2024-10-26 00:00:00,Period Tracker,8.6,Android
MM_1971,2024-10-14,2024-10-24 00:00:00,Health Articles,3.4,iOS
MM_1972,2024-09-28,2024-11-01 00:00:00,Period Tracker,8.7,iOS
MM_1973,2024-08-10,2024-10-06 00:00:00,Health Articles,13.3,iOS
MM_1973,2024-08-10,2024-08-28 00:00:00,Community Forum,11.3,iOS
MM_1974,2024-09-21,2024-11-05 00:00:00,Period Tracker,3.7,iOS
MM_1974,2024-09-21,2024-10-01 00:00:00,Period Tracker,5.6,iOS
MM_1974,2024-09-21,2024-10-06 00:00:00,Period Tracker,1.9,Android
MM_1974,2024-09-21,2024-11-20 00:00:00,Symptom Logger,10.2,iOS
MM_1974,2024-09-21,2024-11-14 00:00:00,Health Articles,7.1,iOS
MM_1974,2024-09-21,2024-10-05 00:00:00,Period Tracker,12.1,Android
MM_1974,2024-09-21,2024-10-18 00:00:00,Period Tracker,8.6,Android
MM_1974,2024-09-21,2024-10-17 00:00:00,Symptom Logger,12.6,iOS
MM_1974,2024-09-21,2024-11-18 00:00:00,Community Forum,8.6,iOS
MM_1974,2024-09-21,2024-10-24 00:00:00,Period Tracker,6.0,Android
MM_1974,2024-09-21,2024-11-04 00:00:00,Period Tracker,8.3,Android
MM_1974,2024-09-21,2024-10-26 00:00:00,Health Articles,6.0,iOS
MM_1974,2024-09-21,2024-11-05 00:00:00,Period Tracker,12.3,iOS
MM_1974,2024-09-21,2024-10-07 00:00:00,Health Articles,10.7,Android
MM_1975,2024-08-25,2024-09-08 00:00:00,Health Articles,12.9,iOS
MM_1975,2024-08-25,2024-09-05 00:00:00,Symptom Logger,12.5,iOS
MM_1976,2024-08-21,2024-09-24 00:00:00,Community Forum,3.0,iOS
MM_1976,2024-08-21,2024-09-18 00:00:00,Period Tracker,6.9,iOS
MM_1976,2024-08-21,2024-09-12 00:00:00,Period Tracker,10.4,iOS
MM_1976,2024-08-21,2024-10-13 00:00:00,Symptom Logger,12.2,iOS
MM_1976,2024-08-21,2024-09-20 00:00:00,Symptom Logger,3.4,Android
MM_1977,2024-09-12,2024-11-06 00:00:00,Period Tracker,425.0,iOS
MM_1977,2024-09-12,2024-10-23 00:00:00,Symptom Logger,8.4,Android
MM_1977,2024-09-12,2024-11-11 00:00:00,Period Tracker,12.5,iOS
MM_1977,2024-09-12,2024-10-10 00:00:00,Community Forum,2.7,iOS
MM_1977,2024-09-12,2024-10-12 00:00:00,Period Tracker,12.7,Android
MM_1977,2024-09-12,2024-10-10 00:00:00,Community Forum,10.4,iOS
MM_1977,2024-09-12,2024-10-09 00:00:00,Health Articles,3.9,Android
MM_1977,2024-09-12,2024-10-20 00:00:00,Symptom Logger,12.9,Android
MM_1977,2024-09-12,2024-09-16 00:00:00,Health Articles,7.0,Android
MM_1977,2024-09-12,2024-10-27 00:00:00,Period Tracker,12.4,Android
MM_1978,2024-09-08,2024-10-09 00:00:00,Period Tracker,13.2,Android
MM_1978,2024-09-08,2024-09-27 00:00:00,Symptom Logger,8.4,Android
MM_1979,2024-09-11,2024-10-06 00:00:00,Health Articles,9.8,Android
MM_1979,2024-09-11,2024-10-07 00:00:00,Period Tracker,14.7,iOS
MM_1979,2024-09-11,2024-09-28 00:00:00,Community Forum,2.1,iOS
MM_1980,2024-10-17,2024-11-26 00:00:00,Period Tracker,5.8,iOS
MM_1981,2024-10-01,2024-10-14 00:00:00,Symptom Logger,4.9,Android
MM_1981,2024-10-01,2024-10-11 00:00:00,Period Tracker,5.1,Android
MM_1981,2024-10-01,2024-10-12 00:00:00,Period Tracker,13.7,iOS
MM_1981,2024-10-01,2024-10-30 00:00:00,Period Tracker,1.7,Android
MM_1981,2024-10-01,2024-10-29 00:00:00,Symptom Logger,7.5,Android
MM_1981,2024-10-01,2024-11-13 00:00:00,Health Articles,7.1,Android
MM_1981,2024-10-01,2024-10-20 00:00:00,Period Tracker,8.9,Android
MM_1981,2024-10-01,2024-10-31 00:00:00,Community Forum,5.7,Android
MM_1981,2024-10-01,2024-11-26 00:00:00,Period Tracker,9.4,iOS
MM_1981,2024-10-01,2024-10-17 00:00:00,Period Tracker,7.0,iOS
MM_1981,2024-10-01,2024-10-17 00:00:00,Period Tracker,2.0,Android
MM_1982,2024-10-08,2024-11-28 00:00:00,Community Forum,1.6,Android
MM_1982,2024-10-08,2024-12-05 00:00:00,Period Tracker,7.8,iOS
MM_1982,2024-10-08,2024-11-27 00:00:00,Period Tracker,14.1,iOS
MM_1982,2024-10-08,2024-11-25 00:00:00,Symptom Logger,14.4,Android
MM_1982,2024-10-08,2024-10-26 00:00:00,Period Tracker,10.2,iOS
MM_1982,2024-10-08,2024-11-26 00:00:00,Period Tracker,10.5,iOS
MM_1982,2024-10-08,2024-11-16 00:00:00,Period Tracker,13.2,Android
MM_1982,2024-10-08,2024-11-25 00:00:00,Period Tracker,3.7,iOS
MM_1983,2024-10-12,2024-12-08 00:00:00,Period Tracker,10.4,Android
MM_1983,2024-10-12,2024-11-16 00:00:00,Period Tracker,11.5,iOS
MM_1983,2024-10-12,2024-12-11 00:00:00,Period Tracker,11.8,iOS
MM_1983,2024-10-12,2024-12-09 00:00:00,Community Forum,14.3,Android
MM_1983,2024-10-12,2024-11-21 00:00:00,Period Tracker,10.8,Android
MM_1984,2024-10-05,2024-11-17 00:00:00,Health Articles,1.9,iOS
MM_1984,2024-10-05,2024-10-11 00:00:00,Period Tracker,7.8,Android
MM_1984,2024-10-05,2024-10-23 00:00:00,Symptom Logger,5.2,Android
MM_1984,2024-10-05,2024-11-30 00:00:00,Period Tracker,12.0,iOS
MM_1984,2024-10-05,2024-11-28 00:00:00,Period Tracker,12.8,iOS
MM_1984,2024-10-05,2024-11-16 00:00:00,Period Tracker,2.7,Android
MM_1984,2024-10-05,2024-12-04 00:00:00,Symptom Logger,8.4,Android
MM_1984,2024-10-05,2024-11-18 00:00:00,Health Articles,6.4,iOS
MM_1984,2024-10-05,2024-10-31 00:00:00,Community Forum,4.8,iOS
MM_1984,2024-10-05,2024-10-08 00:00:00,Community Forum,5.8,Android
MM_1984,2024-10-05,2024-12-02 00:00:00,Period Tracker,7.4,iOS
MM_1984,2024-10-05,2024-11-30 00:00:00,Community Forum,6.5,iOS
MM_1984,2024-10-05,2024-11-17 00:00:00,Symptom Logger,7.0,iOS
MM_1984,2024-10-05,2024-10-20 00:00:00,Period Tracker,8.3,iOS
MM_1984,2024-10-05,2024-11-28 00:00:00,Period Tracker,14.9,iOS
MM_1985,2024-10-09,2024-12-06 00:00:00,Period Tracker,7.7,iOS
MM_1986,2024-10-03,2024-10-11 00:00:00,Community Forum,10.7,iOS
MM_1987,2024-10-04,2024-10-18 00:00:00,Period Tracker,6.0,iOS
MM_1988,2024-08-27,2024-09-23 00:00:00,Period Tracker,2.2,iOS
MM_1989,2024-08-01,2024-09-15 00:00:00,Period Tracker,2.7,iOS
MM_1989,2024-08-01,2024-08-21 00:00:00,Symptom Logger,7.1,iOS
MM_1989,2024-08-01,2024-09-07 00:00:00,Health Articles,7.4,iOS
MM_1990,2024-10-24,2024-12-02 00:00:00,Period Tracker,14.0,Android
MM_1990,2024-10-24,2024-11-23 00:00:00,Health Articles,,iOS
MM_1990,2024-10-24,2024-11-12 00:00:00,Health Articles,11.3,iOS
MM_1990,2024-10-24,2024-10-27 00:00:00,Period Tracker,13.7,Android
MM_1990,2024-10-24,2024-12-12 00:00:00,Symptom Logger,11.7,Android
MM_1991,2024-10-21,2024-11-08 00:00:00,Community Forum,11.0,iOS
MM_1991,2024-10-21,2024-11-29 00:00:00,Health Articles,3.1,Android
MM_1991,2024-10-21,2024-11-08 00:00:00,Community Forum,10.6,Android
MM_1992,2024-10-17,2024-12-08 00:00:00,Symptom Logger,12.8,iOS
MM_1992,2024-10-17,2024-11-11 00:00:00,Symptom Logger,7.6,iOS
MM_1993,2024-08-08,2024-08-13 00:00:00,Symptom Logger,3.4,iOS
MM_1993,2024-08-08,2024-08-15 00:00:00,Period Tracker,12.1,Android
MM_1993,2024-08-08,2024-08-16 00:00:00,Symptom Logger,11.5,iOS
MM_1993,2024-08-08,2024-08-18 00:00:00,Health Articles,3.9,iOS
MM_1993,2024-08-08,2024-09-06 00:00:00,Community Forum,14.0,iOS
MM_1993,2024-08-08,2024-08-27 00:00:00,Period Tracker,1.6,Android
MM_1993,2024-08-08,2024-10-03 00:00:00,Period Tracker,13.8,iOS
MM_1993,2024-08-08,2024-08-19 00:00:00,Symptom Logger,1.7,Android
MM_1993,2024-08-08,2024-10-01 00:00:00,Health Articles,7.5,Android
MM_1994,2024-09-14,2024-09-23 00:00:00,Period Tracker,14.8,Android
MM_1994,2024-09-14,2024-10-10 00:00:00,Period Tracker,6.5,iOS
MM_1995,2024-09-24,2024-11-12 00:00:00,Symptom Logger,12.7,iOS
MM_1995,2024-09-24,2024-11-14 00:00:00,Period Tracker,11.7,Android
MM_1995,2024-09-24,2024-10-22 00:00:00,Community Forum,7.1,Android
MM_1995,2024-09-24,2024-11-03 00:00:00,Health Articles,8.0,Android
MM_1995,2024-09-24,2024-10-19 00:00:00,Symptom Logger,14.4,iOS
MM_1995,2024-09-24,2024-11-17 00:00:00,Symptom Logger,10.4,Android
MM_1995,2024-09-24,2024-09-28 00:00:00,Period Tracker,8.3,Android
MM_1995,2024-09-24,2024-10-11 00:00:00,Period Tracker,10.5,Android
MM_1995,2024-09-24,2024-10-26 00:00:00,Period Tracker,1.4,Android
MM_1995,2024-09-24,2024-11-14 00:00:00,Community Forum,12.9,Android
MM_1995,2024-09-24,2024-10-12 00:00:00,Period Tracker,7.3,iOS
MM_1995,2024-09-24,2024-11-06 00:00:00,Period Tracker,10.9,Android
MM_1995,2024-09-24,2024-10-21 00:00:00,Period Tracker,12.6,Android
MM_1995,2024-09-24,2024-09-28 00:00:00,Period Tracker,11.8,Android
MM_1995,2024-09-24,2024-10-09 00:00:00,Health Articles,14.4,Android
MM_1995,2024-09-24,2024-11-10 00:00:00,Period Tracker,10.7,Android
MM_1995,2024-09-24,2024-11-21 00:00:00,Period Tracker,15.0,iOS
MM_1995,2024-09-24,2024-11-23 00:00:00,Community Forum,9.7,Android
MM_1996,2024-10-23,2024-11-10 00:00:00,Symptom Logger,13.8,Android
MM_1996,2024-10-23,2024-11-23 00:00:00,Health Articles,14.8,iOS
MM_1997,2024-09-01,2024-10-25 00:00:00,Period Tracker,13.1,Android
MM_1997,2024-09-01,2024-10-02 00:00:00,Symptom Logger,2.2,iOS
MM_1997,2024-09-01,2024-09-30 00:00:00,Community Forum,12.2,Android
MM_1997,2024-09-01,2024-10-20 00:00:00,Period Tracker,12.8,Android
MM_1997,2024-09-01,2024-09-12 00:00:00,Community Forum,8.4,Android
MM_1997,2024-09-01,2024-10-17 00:00:00,Period Tracker,10.4,iOS
MM_1997,2024-09-01,2024-10-26 00:00:00,Community Forum,4.9,iOS
MM_1997,2024-09-01,2024-09-30 00:00:00,Community Forum,9.8,iOS
MM_1997,2024-09-01,2024-09-02 00:00:00,Health Articles,4.1,iOS
MM_1997,2024-09-01,2024-09-24 00:00:00,Period Tracker,8.8,iOS
MM_1997,2024-09-01,2024-10-18 00:00:00,Health Articles,2.5,Android
MM_1997,2024-09-01,2024-10-15 00:00:00,Health Articles,6.5,Android
MM_1997,2024-09-01,2024-10-17 00:00:00,Period Tracker,7.5,Android
MM_1997,2024-09-01,2024-09-01 00:00:00,Community Forum,6.4,iOS
MM_1997,2024-09-01,2024-10-04 00:00:00,Period Tracker,7.2,Android
MM_1997,2024-09-01,2024-09-29 00:00:00,Period Tracker,2.2,Android
MM_1997,2024-09-01,2024-09-13 00:00:00,Health Articles,13.1,Android
MM_1997,2024-09-01,2024-09-17 00:00:00,Period Tracker,3.1,iOS
MM_1997,2024-09-01,2024-09-17 00:00:00,Symptom Logger,10.7,iOS
MM_1998,2024-09-14,2024-10-07 00:00:00,Period Tracker,7.6,iOS
MM_1998,2024-09-14,2024-10-06 00:00:00,Period Tracker,10.7,iOS
MM_1998,2024-09-14,2024-10-24 00:00:00,Period Tracker,7.4,Android
MM_1999,2024-09-17,2024-10-22 00:00:00,Community Forum,8.8,iOS
MM_1999,2024-09-17,2024-09-20 00:00:00,Period Tracker,11.8,iOS
MM_1999,2024-09-17,2024-10-10 00:00:00,Period Tracker,3.1,Android
MM_1999,2024-09-17,2024-09-29 00:00:00,Period Tracker,3.1,iOS
MM_1999,2024-09-17,2024-09-30 00:00:00,Period Tracker,10.1,iOS
MM_1999,2024-09-17,2024-10-16 00:00:00,Period Tracker,13.7,iOS
MM_1999,2024-09-17,2024-09-29 00:00:00,Community Forum,2.6,Android
MM_1999,2024-09-17,2024-11-09 00:00:00,Symptom Logger,7.9,Android
MM_1999,2024-09-17,2024-09-26 00:00:00,Health Articles,2.6,Android
MM_2000,2024-08-10,2024-08-15 00:00:00,Period Tracker,10.5,iOS
MM_2000,2024-08-10,2024-09-14 00:00:00,Symptom Logger,4.1,Android
MM_2000,2024-08-10,2024-09-26 00:00:00,Health Articles,14.3,Android
MM_2000,2024-08-10,2024-08-16 00:00:00,Period Tracker,6.8,Android
MM_2000,2024-08-10,2024-09-14 00:00:00,Period Tracker,5.4,Android
MM_2000,2024-08-10,2024-09-17 00:00:00,Period Tracker,6.0,Android
MM_2000,2024-08-10,2024-09-11 00:00:00,Period Tracker,10.0,iOS
MM_2000,2024-08-10,2024-09-12 00:00:00,Symptom Logger,8.0,iOS
MM_2001,2024-09-14,2024-11-01 00:00:00,Period Tracker,5.7,Android
MM_2001,2024-09-14,2024-09-28 00:00:00,Community Forum,14.4,Android
MM_2001,2024-09-14,2024-10-29 00:00:00,Period Tracker,11.9,Android
MM_2001,2024-09-14,2024-11-08 00:00:00,Community Forum,,iOS
MM_2001,2024-09-14,2024-09-19 00:00:00,Period Tracker,8.3,iOS
MM_2001,2024-09-14,2024-10-04 00:00:00,Community Forum,3.1,Android
MM_2001,2024-09-14,2024-10-11 00:00:00,Symptom Logger,3.2,Android
MM_2001,2024-09-14,2024-10-16 00:00:00,Period Tracker,4.4,Android
MM_2001,2024-09-14,2024-10-06 00:00:00,Community Forum,13.9,Android
MM_2001,2024-09-14,2024-10-11 00:00:00,Symptom Logger,6.6,Android
MM_2001,2024-09-14,2024-10-28 00:00:00,Period Tracker,3.3,Android
MM_2001,2024-09-14,2024-11-11 00:00:00,Period Tracker,1.5,iOS
MM_2001,2024-09-14,2024-10-22 00:00:00,Community Forum,8.8,iOS
MM_2002,2024-10-24,2024-12-08 00:00:00,Period Tracker,9.4,Android
MM_2002,2024-10-24,2024-10-31 00:00:00,Period Tracker,11.9,Android
MM_2002,2024-10-24,2024-12-08 00:00:00,Period Tracker,13.3,iOS
MM_2002,2024-10-24,2024-10-31 00:00:00,Period Tracker,13.4,Android
MM_2002,2024-10-24,2024-11-20 00:00:00,Symptom Logger,13.9,iOS
MM_2003,2024-08-20,2024-09-22 00:00:00,Period Tracker,1.8,Android
MM_2003,2024-08-20,2024-10-14 00:00:00,Period Tracker,4.7,Android
MM_2003,2024-08-20,2024-08-30 00:00:00,Period Tracker,1.6,Android
MM_2003,2024-08-20,2024-10-03 00:00:00,Community Forum,1.8,Android
MM_2003,2024-08-20,2024-09-01 00:00:00,Period Tracker,8.7,iOS
MM_2003,2024-08-20,2024-10-19 00:00:00,Period Tracker,2.6,iOS
MM_2003,2024-08-20,2024-09-06 00:00:00,Symptom Logger,10.8,Android
MM_2003,2024-08-20,2024-08-25 00:00:00,Period Tracker,8.6,Android
MM_2003,2024-08-20,2024-09-08 00:00:00,Period Tracker,5.3,Android
MM_2003,2024-08-20,2024-09-14 00:00:00,Period Tracker,12.3,Android
MM_2003,2024-08-20,2024-09-25 00:00:00,Period Tracker,2.1,iOS
MM_2003,2024-08-20,2024-09-27 00:00:00,Period Tracker,12.7,iOS
MM_2003,2024-08-20,2024-09-09 00:00:00,Period Tracker,6.9,iOS
MM_2003,2024-08-20,2024-10-01 00:00:00,Period Tracker,14.4,iOS
MM_2003,2024-08-20,2024-09-20 00:00:00,Symptom Logger,10.0,iOS
MM_2003,2024-08-20,2024-08-27 00:00:00,Period Tracker,9.5,iOS
MM_2004,2024-09-01,2024-09-22 00:00:00,Symptom Logger,10.5,iOS
MM_2005,2024-09-19,2024-10-27 00:00:00,Period Tracker,2.2,Android
MM_2005,2024-09-19,2024-11-04 00:00:00,Period Tracker,6.0,Android
MM_2005,2024-09-19,2024-10-02 00:00:00,Period Tracker,4.4,iOS
MM_2006,2024-08-09,2024-08-12 00:00:00,Period Tracker,5.2,Android
MM_2006,2024-08-09,2024-09-18 00:00:00,Period Tracker,6.0,iOS
MM_2006,2024-08-09,2024-10-08 00:00:00,Period Tracker,6.6,iOS
MM_2006,2024-08-09,2024-09-02 00:00:00,Health Articles,3.6,Android
MM_2006,2024-08-09,2024-10-05 00:00:00,Period Tracker,13.6,Android
MM_2007,2024-09-11,2024-10-23 00:00:00,Community Forum,8.6,iOS
MM_2008,2024-10-18,2024-11-22 00:00:00,Period Tracker,,iOS
MM_2008,2024-10-18,2024-10-21 00:00:00,Period Tracker,2.4,iOS
MM_2009,2024-09-20,2024-09-24 00:00:00,Health Articles,7.5,iOS
MM_2009,2024-09-20,2024-09-21 00:00:00,Symptom Logger,2.5,Android
MM_2009,2024-09-20,2024-10-31 00:00:00,Community Forum,5.2,iOS
MM_2009,2024-09-20,2024-09-26 00:00:00,Period Tracker,2.2,Android
MM_2009,2024-09-20,2024-11-07 00:00:00,Symptom Logger,1.3,Android
MM_2009,2024-09-20,2024-09-24 00:00:00,Health Articles,6.6,iOS
MM_2009,2024-09-20,2024-10-30 00:00:00,Community Forum,6.3,iOS
MM_2009,2024-09-20,2024-10-09 00:00:00,Period Tracker,14.2,iOS
MM_2009,2024-09-20,2024-10-07 00:00:00,Health Articles,8.3,Android
MM_2009,2024-09-20,2024-11-03 00:00:00,Period Tracker,14.2,Android
MM_2009,2024-09-20,2024-09-23 00:00:00,Period Tracker,10.0,iOS
MM_2009,2024-09-20,2024-10-08 00:00:00,Community Forum,6.9,Android
MM_2009,2024-09-20,2024-09-28 00:00:00,Period Tracker,7.6,Android
MM_2009,2024-09-20,2024-10-03 00:00:00,Community Forum,,iOS
MM_2009,2024-09-20,2024-11-17 00:00:00,Period Tracker,9.2,Android
MM_2009,2024-09-20,2024-11-03 00:00:00,Period Tracker,5.1,iOS
MM_2009,2024-09-20,2024-10-27 00:00:00,Symptom Logger,14.0,iOS
MM_2009,2024-09-20,2024-10-10 00:00:00,Period Tracker,6.6,Android
MM_2009,2024-09-20,2024-10-26 00:00:00,Community Forum,4.4,iOS
MM_2009,2024-09-20,2024-10-04 00:00:00,Symptom Logger,4.9,iOS
MM_2010,2024-10-05,2024-11-06 00:00:00,Period Tracker,14.8,Android
MM_2010,2024-10-05,2024-12-03 00:00:00,Period Tracker,8.5,Android
MM_2010,2024-10-05,2024-12-03 00:00:00,Period Tracker,2.5,iOS
MM_2010,2024-10-05,2024-10-27 00:00:00,Period Tracker,2.0,iOS
MM_2010,2024-10-05,2024-11-01 00:00:00,Symptom Logger,6.5,iOS
MM_2011,2024-09-01,2024-10-25 00:00:00,Symptom Logger,9.9,Android
MM_2011,2024-09-01,2024-10-18 00:00:00,Period Tracker,8.8,Android
MM_2011,2024-09-01,2024-10-10 00:00:00,Symptom Logger,7.2,iOS
MM_2011,2024-09-01,2024-09-26 00:00:00,Period Tracker,13.1,iOS
MM_2011,2024-09-01,2024-10-28 00:00:00,Community Forum,9.0,iOS
MM_2011,2024-09-01,2024-10-22 00:00:00,Period Tracker,3.2,Android
MM_2012,2024-10-19,2024-11-23 00:00:00,Period Tracker,1.5,iOS
MM_2012,2024-10-19,2024-11-20 00:00:00,Symptom Logger,10.7,Android
MM_2012,2024-10-19,2024-12-10 00:00:00,Community Forum,5.2,iOS
MM_2013,2024-09-18,2024-10-31 00:00:00,Period Tracker,13.0,iOS
MM_2013,2024-09-18,2024-11-11 00:00:00,Period Tracker,6.2,iOS
MM_2013,2024-09-18,2024-11-16 00:00:00,Health Articles,13.4,iOS
MM_2013,2024-09-18,2024-11-16 00:00:00,Period Tracker,2.7,iOS
MM_2013,2024-09-18,2024-11-08 00:00:00,Symptom Logger,10.9,iOS
MM_2013,2024-09-18,2024-09-18 00:00:00,Period Tracker,12.5,iOS
MM_2013,2024-09-18,2024-09-18 00:00:00,Period Tracker,11.6,iOS
MM_2013,2024-09-18,2024-09-22 00:00:00,Community Forum,12.8,iOS
MM_2013,2024-09-18,2024-11-13 00:00:00,Symptom Logger,9.9,Android
MM_2013,2024-09-18,2024-09-26 00:00:00,Symptom Logger,3.6,Android
MM_2013,2024-09-18,2024-09-24 00:00:00,Period Tracker,11.5,iOS
MM_2013,2024-09-18,2024-10-13 00:00:00,Period Tracker,12.2,Android
MM_2013,2024-09-18,2024-10-23 00:00:00,Health Articles,1.8,iOS
MM_2013,2024-09-18,2024-10-03 00:00:00,Symptom Logger,13.2,Android
MM_2014,2024-08-18,2024-09-08 00:00:00,Period Tracker,6.7,Android
MM_2014,2024-08-18,2024-09-16 00:00:00,Community Forum,3.0,iOS
MM_2014,2024-08-18,2024-10-15 00:00:00,Period Tracker,8.0,Android
MM_2015,2024-09-20,2024-10-13 00:00:00,Symptom Logger,7.7,Android
MM_2015,2024-09-20,2024-11-16 00:00:00,Period Tracker,3.4,Android
MM_2015,2024-09-20,2024-10-29 00:00:00,Community Forum,13.1,iOS
MM_2016,2024-09-11,2024-11-01 00:00:00,Period Tracker,6.7,Android
MM_2016,2024-09-11,2024-10-08 00:00:00,Period Tracker,3.5,iOS
MM_2016,2024-09-11,2024-10-29 00:00:00,Health Articles,11.4,Android
MM_2016,2024-09-11,2024-11-03 00:00:00,Community Forum,13.4,iOS
MM_2016,2024-09-11,2024-09-17 00:00:00,Health Articles,2.7,Android
MM_2016,2024-09-11,2024-09-18 00:00:00,Health Articles,9.9,Android
MM_2016,2024-09-11,2024-11-01 00:00:00,Period Tracker,5.5,iOS
MM_2016,2024-09-11,2024-09-17 00:00:00,Community Forum,4.1,Android
MM_2016,2024-09-11,2024-09-16 00:00:00,Period Tracker,9.6,Android
MM_2016,2024-09-11,2024-10-22 00:00:00,Period Tracker,12.8,iOS
MM_2016,2024-09-11,2024-10-26 00:00:00,Period Tracker,8.8,Android
MM_2016,2024-09-11,2024-09-29 00:00:00,Period Tracker,1.3,Android
MM_2016,2024-09-11,2024-10-03 00:00:00,Community Forum,5.3,iOS
MM_2016,2024-09-11,2024-09-18 00:00:00,Period Tracker,7.4,iOS
MM_2017,2024-09-18,2024-09-22 00:00:00,Period Tracker,11.3,Android
MM_2017,2024-09-18,2024-10-10 00:00:00,Period Tracker,9.6,Android
MM_2017,2024-09-18,2024-09-25 00:00:00,Symptom Logger,8.2,Android
MM_2017,2024-09-18,2024-11-06 00:00:00,Period Tracker,5.1,iOS
MM_2017,2024-09-18,2024-10-15 00:00:00,Period Tracker,13.5,iOS
MM_2017,2024-09-18,2024-09-27 00:00:00,Period Tracker,13.6,iOS
MM_2017,2024-09-18,2024-10-15 00:00:00,Period Tracker,12.2,Android
MM_2017,2024-09-18,2024-11-03 00:00:00,Period Tracker,6.8,Android
MM_2017,2024-09-18,2024-10-21 00:00:00,Community Forum,12.4,Android
MM_2017,2024-09-18,2024-11-02 00:00:00,Period Tracker,11.6,Android
MM_2017,2024-09-18,2024-10-21 00:00:00,Health Articles,10.8,Android
MM_2017,2024-09-18,2024-09-18 00:00:00,Period Tracker,9.6,iOS
MM_2017,2024-09-18,2024-09-27 00:00:00,Period Tracker,12.5,iOS
MM_2017,2024-09-18,2024-09-20 00:00:00,Symptom Logger,1.2,iOS
MM_2017,2024-09-18,2024-09-30 00:00:00,Period Tracker,3.5,Android
MM_2017,2024-09-18,2024-09-25 00:00:00,Period Tracker,14.5,Android
MM_2018,2024-10-01,2024-10-01 00:00:00,Symptom Logger,1.5,iOS
MM_2018,2024-10-01,2024-11-06 00:00:00,Period Tracker,2.7,Android
MM_2018,2024-10-01,2024-11-22 00:00:00,Symptom Logger,2.9,Android
MM_2018,2024-10-01,2024-11-14 00:00:00,Community Forum,6.2,iOS
MM_2018,2024-10-01,2024-11-27 00:00:00,Symptom Logger,5.5,Android
MM_2018,2024-10-01,2024-10-01 00:00:00,Period Tracker,12.7,Android
MM_2018,2024-10-01,2024-10-26 00:00:00,Symptom Logger,5.9,iOS
MM_2018,2024-10-01,2024-10-07 00:00:00,Symptom Logger,14.8,iOS
MM_2019,2024-08-31,2024-10-27 00:00:00,Health Articles,14.4,iOS
MM_2019,2024-08-31,2024-09-26 00:00:00,Symptom Logger,2.5,iOS
MM_2019,2024-08-31,2024-09-22 00:00:00,Period Tracker,14.5,Android
MM_2019,2024-08-31,2024-09-25 00:00:00,Health Articles,10.0,Android
MM_2019,2024-08-31,2024-10-10 00:00:00,Community Forum,12.6,Android
MM_2019,2024-08-31,2024-10-29 00:00:00,Period Tracker,12.9,Android
MM_2019,2024-08-31,2024-10-26 00:00:00,Period Tracker,3.6,iOS
MM_2019,2024-08-31,2024-09-22 00:00:00,Period Tracker,5.4,Android
MM_2019,2024-08-31,2024-10-26 00:00:00,Community Forum,2.6,Android
MM_2019,2024-08-31,2024-09-15 00:00:00,Health Articles,9.2,iOS
MM_2019,2024-08-31,2024-10-02 00:00:00,Community Forum,9.9,Android
MM_2020,2024-10-24,2024-11-12 00:00:00,Period Tracker,14.1,iOS
MM_2020,2024-10-24,2024-11-10 00:00:00,Period Tracker,2.7,Android
MM_2021,2024-09-25,2024-10-09 00:00:00,Symptom Logger,1.5,iOS
MM_2021,2024-09-25,2024-10-13 00:00:00,Community Forum,11.2,iOS
MM_2021,2024-09-25,2024-11-15 00:00:00,Health Articles,2.3,iOS
MM_2021,2024-09-25,2024-09-27 00:00:00,Community Forum,2.6,iOS
MM_2021,2024-09-25,2024-09-25 00:00:00,Symptom Logger,8.0,iOS
MM_2021,2024-09-25,2024-11-16 00:00:00,Period Tracker,2.3,Android
MM_2021,2024-09-25,2024-10-22 00:00:00,Health Articles,6.0,iOS
MM_2021,2024-09-25,2024-10-06 00:00:00,Health Articles,,iOS
MM_2021,2024-09-25,2024-10-22 00:00:00,Period Tracker,10.8,Android
MM_2021,2024-09-25,2024-10-02 00:00:00,Symptom Logger,7.9,iOS
MM_2022,2024-10-01,2024-11-16 00:00:00,Symptom Logger,11.8,iOS
MM_2022,2024-10-01,2024-10-18 00:00:00,Community Forum,10.2,Android
MM_2023,2024-09-23,2024-11-18 00:00:00,Community Forum,2.5,iOS
MM_2023,2024-09-23,2024-10-29 00:00:00,Period Tracker,7.6,Android
MM_2023,2024-09-23,2024-11-19 00:00:00,Period Tracker,8.3,iOS
MM_2023,2024-09-23,2024-09-28 00:00:00,Symptom Logger,1.5,Android
MM_2023,2024-09-23,2024-10-18 00:00:00,Period Tracker,9.7,iOS
MM_2023,2024-09-23,2024-11-13 00:00:00,Community Forum,2.6,iOS
MM_2023,2024-09-23,2024-11-09 00:00:00,Period Tracker,12.4,iOS
MM_2023,2024-09-23,2024-09-26 00:00:00,Period Tracker,5.7,Android
MM_2023,2024-09-23,2024-11-10 00:00:00,Period Tracker,6.6,iOS
MM_2023,2024-09-23,2024-09-30 00:00:00,Period Tracker,13.3,iOS
MM_2023,2024-09-23,2024-10-26 00:00:00,Period Tracker,3.6,Android
MM_2023,2024-09-23,2024-10-21 00:00:00,Health Articles,,iOS
MM_2023,2024-09-23,2024-11-13 00:00:00,Period Tracker,5.0,iOS
MM_2023,2024-09-23,2024-11-20 00:00:00,Community Forum,3.9,iOS
MM_2023,2024-09-23,2024-09-26 00:00:00,Period Tracker,4.8,iOS
MM_2023,2024-09-23,2024-11-21 00:00:00,Period Tracker,4.3,iOS
MM_2023,2024-09-23,2024-10-24 00:00:00,Community Forum,11.7,Android
MM_2023,2024-09-23,2024-09-29 00:00:00,Community Forum,6.8,Android
MM_2023,2024-09-23,2024-11-19 00:00:00,Period Tracker,8.4,iOS
MM_2024,2024-09-23,2024-11-04 00:00:00,Period Tracker,1.6,Android
MM_2025,2024-10-21,2024-11-15 00:00:00,Symptom Logger,1.0,iOS
MM_2025,2024-10-21,2024-11-29 00:00:00,Symptom Logger,7.8,iOS
MM_2025,2024-10-21,2024-12-02 00:00:00,Period Tracker,12.5,Android
MM_2025,2024-10-21,2024-11-18 00:00:00,Community Forum,1.2,Android
MM_2025,2024-10-21,2024-12-12 00:00:00,Period Tracker,4.5,iOS
MM_2025,2024-10-21,2024-10-24 00:00:00,Symptom Logger,7.7,Android
MM_2025,2024-10-21,2024-11-26 00:00:00,Period Tracker,2.2,Android
MM_2025,2024-10-21,2024-11-24 00:00:00,Period Tracker,3.6,iOS
MM_2025,2024-10-21,2024-12-15 00:00:00,Community Forum,3.5,iOS
MM_2025,2024-10-21,2024-11-15 00:00:00,Period Tracker,10.7,iOS
MM_2025,2024-10-21,2024-11-04 00:00:00,Period Tracker,2.6,iOS
MM_2025,2024-10-21,2024-11-24 00:00:00,Community Forum,4.2,Android
MM_2025,2024-10-21,2024-11-01 00:00:00,Symptom Logger,1.2,Android
MM_2025,2024-10-21,2024-10-24 00:00:00,Community Forum,13.2,Android
MM_2025,2024-10-21,2024-12-20 00:00:00,Symptom Logger,5.1,iOS
MM_2025,2024-10-21,2024-11-28 00:00:00,Period Tracker,11.0,Android
MM_2026,2024-08-02,2024-09-23 00:00:00,Period Tracker,10.7,iOS
MM_2026,2024-08-02,2024-09-12 00:00:00,Symptom Logger,5.6,iOS
MM_2027,2024-10-26,2024-11-24 00:00:00,Period Tracker,3.7,Android
MM_2027,2024-10-26,2024-10-30 00:00:00,Period Tracker,15.0,Android
MM_2027,2024-10-26,2024-11-04 00:00:00,Symptom Logger,12.4,Android
MM_2028,2024-08-23,2024-09-12 00:00:00,Symptom Logger,1.3,iOS
MM_2029,2024-10-18,2024-10-20 00:00:00,Period Tracker,4.8,iOS
MM_2029,2024-10-18,2024-11-29 00:00:00,Health Articles,13.1,Android
MM_2029,2024-10-18,2024-11-15 00:00:00,Health Articles,12.6,iOS
MM_2029,2024-10-18,2024-11-09 00:00:00,Health Articles,11.8,Android
MM_2029,2024-10-18,2024-11-01 00:00:00,Period Tracker,9.9,Android
MM_2029,2024-10-18,2024-12-01 00:00:00,Period Tracker,8.0,iOS
MM_2029,2024-10-18,2024-11-11 00:00:00,Period Tracker,7.6,Android
MM_2029,2024-10-18,2024-11-03 00:00:00,Period Tracker,10.9,Android
MM_2029,2024-10-18,2024-11-07 00:00:00,Community Forum,12.8,Android
MM_2029,2024-10-18,2024-11-07 00:00:00,Period Tracker,7.4,Android
MM_2029,2024-10-18,2024-11-07 00:00:00,Health Articles,5.5,Android
MM_2029,2024-10-18,2024-11-20 00:00:00,Community Forum,7.1,Android
MM_2030,2024-09-19,2024-10-28 00:00:00,Community Forum,5.0,Android
MM_2030,2024-09-19,2024-11-06 00:00:00,Period Tracker,5.9,iOS
MM_2030,2024-09-19,2024-11-13 00:00:00,Period Tracker,13.0,iOS
MM_2030,2024-09-19,2024-10-20 00:00:00,Community Forum,8.9,iOS
MM_2030,2024-09-19,2024-09-22 00:00:00,Symptom Logger,3.8,Android
MM_2030,2024-09-19,2024-10-06 00:00:00,Period Tracker,11.3,iOS
MM_2030,2024-09-19,2024-10-20 00:00:00,Community Forum,5.6,Android
MM_2030,2024-09-19,2024-11-18 00:00:00,Community Forum,4.8,iOS
MM_2030,2024-09-19,2024-10-05 00:00:00,Period Tracker,11.4,iOS
MM_2030,2024-09-19,2024-11-05 00:00:00,Period Tracker,6.1,iOS
MM_2030,2024-09-19,2024-10-22 00:00:00,Community Forum,,iOS
MM_2030,2024-09-19,2024-10-04 00:00:00,Period Tracker,6.0,iOS
MM_2030,2024-09-19,2024-10-11 00:00:00,Symptom Logger,6.9,Android
MM_2031,2024-10-16,2024-10-17 00:00:00,Health Articles,9.2,iOS
MM_2031,2024-10-16,2024-12-15 00:00:00,Symptom Logger,8.2,Android
MM_2031,2024-10-16,2024-12-01 00:00:00,Community Forum,5.4,Android
MM_2032,2024-09-16,2024-10-02 00:00:00,Period Tracker,2.9,iOS
MM_2032,2024-09-16,2024-10-25 00:00:00,Community Forum,1.7,Android
MM_2032,2024-09-16,2024-11-01 00:00:00,Period Tracker,4.8,iOS
MM_2032,2024-09-16,2024-10-05 00:00:00,Period Tracker,12.1,iOS
MM_2032,2024-09-16,2024-10-30 00:00:00,Community Forum,12.0,Android
MM_2032,2024-09-16,2024-09-28 00:00:00,Community Forum,4.7,Android
MM_2032,2024-09-16,2024-10-20 00:00:00,Health Articles,12.3,iOS
MM_2032,2024-09-16,2024-10-20 00:00:00,Period Tracker,13.5,iOS
MM_2032,2024-09-16,2024-11-08 00:00:00,Health Articles,5.5,Android
MM_2032,2024-09-16,2024-10-19 00:00:00,Period Tracker,14.4,Android
MM_2032,2024-09-16,2024-10-11 00:00:00,Community Forum,14.0,Android
MM_2032,2024-09-16,2024-10-01 00:00:00,Symptom Logger,14.6,iOS
MM_2032,2024-09-16,2024-10-14 00:00:00,Period Tracker,9.9,Android
MM_2032,2024-09-16,2024-10-02 00:00:00,Period Tracker,11.6,iOS
MM_2033,2024-10-23,2024-12-17 00:00:00,Period Tracker,3.6,Android
MM_2033,2024-10-23,2024-11-10 00:00:00,Symptom Logger,1.5,Android
MM_2034,2024-09-09,2024-10-11 00:00:00,Community Forum,4.1,iOS
MM_2034,2024-09-09,2024-09-17 00:00:00,Period Tracker,1.3,iOS
MM_2035,2024-08-08,2024-08-09 00:00:00,Period Tracker,14.0,iOS
MM_2035,2024-08-08,2024-08-14 00:00:00,Health Articles,2.5,iOS
MM_2035,2024-08-08,2024-09-17 00:00:00,Community Forum,14.2,Android
MM_2035,2024-08-08,2024-10-06 00:00:00,Community Forum,10.6,iOS
MM_2035,2024-08-08,2024-08-11 00:00:00,Period Tracker,6.4,iOS
MM_2035,2024-08-08,2024-09-25 00:00:00,Period Tracker,11.4,iOS
MM_2035,2024-08-08,2024-10-02 00:00:00,Community Forum,4.0,iOS
MM_2035,2024-08-08,2024-08-11 00:00:00,Symptom Logger,2.5,iOS
MM_2035,2024-08-08,2024-08-11 00:00:00,Symptom Logger,5.6,Android
MM_2035,2024-08-08,2024-08-31 00:00:00,Health Articles,1.6,Android
MM_2035,2024-08-08,2024-09-09 00:00:00,Symptom Logger,9.5,Android
MM_2035,2024-08-08,2024-09-15 00:00:00,Period Tracker,7.0,Android
MM_2035,2024-08-08,2024-09-04 00:00:00,Period Tracker,10.6,iOS
MM_2035,2024-08-08,2024-08-17 00:00:00,Symptom Logger,7.0,Android
MM_2035,2024-08-08,2024-08-26 00:00:00,Symptom Logger,12.6,Android
MM_2035,2024-08-08,2024-09-20 00:00:00,Community Forum,4.4,iOS
MM_2035,2024-08-08,2024-10-02 00:00:00,Period Tracker,8.4,Android
MM_2035,2024-08-08,2024-09-14 00:00:00,Period Tracker,2.6,iOS
MM_2036,2024-10-28,2024-11-10 00:00:00,Period Tracker,3.3,iOS
MM_2036,2024-10-28,2024-12-17 00:00:00,Period Tracker,7.9,Android
MM_2036,2024-10-28,2024-11-19 00:00:00,Period Tracker,13.1,Android
MM_2036,2024-10-28,2024-11-04 00:00:00,Community Forum,13.7,iOS
MM_2036,2024-10-28,2024-10-29 00:00:00,Period Tracker,13.7,Android
MM_2036,2024-10-28,2024-11-24 00:00:00,Community Forum,4.6,Android
MM_2036,2024-10-28,2024-11-02 00:00:00,Symptom Logger,2.0,iOS
MM_2036,2024-10-28,2024-11-12 00:00:00,Community Forum,14.4,iOS
MM_2036,2024-10-28,2024-11-16 00:00:00,Period Tracker,12.7,iOS
MM_2036,2024-10-28,2024-12-07 00:00:00,Symptom Logger,10.9,Android
MM_2036,2024-10-28,2024-12-18 00:00:00,Period Tracker,10.0,Android
MM_2036,2024-10-28,2024-11-18 00:00:00,Period Tracker,11.8,Android
MM_2036,2024-10-28,2024-12-15 00:00:00,Period Tracker,10.5,Android
MM_2036,2024-10-28,2024-11-26 00:00:00,Symptom Logger,12.6,Android
MM_2037,2024-09-26,2024-09-27 00:00:00,Period Tracker,11.3,iOS
MM_2038,2024-09-19,2024-10-27 00:00:00,Period Tracker,13.7,iOS
MM_2038,2024-09-19,2024-09-26 00:00:00,Period Tracker,4.6,iOS
MM_2039,2024-10-11,2024-11-13 00:00:00,Symptom Logger,9.6,iOS
MM_2039,2024-10-11,2024-11-22 00:00:00,Symptom Logger,4.8,Android
MM_2040,2024-10-22,2024-10-31 00:00:00,Symptom Logger,2.0,iOS
MM_2040,2024-10-22,2024-11-20 00:00:00,Symptom Logger,9.8,iOS
MM_2040,2024-10-22,2024-10-26 00:00:00,Community Forum,3.8,Android
MM_2040,2024-10-22,2024-11-14 00:00:00,Period Tracker,2.4,iOS
MM_2040,2024-10-22,2024-12-17 00:00:00,Community Forum,8.7,Android
MM_2041,2024-09-13,2024-10-08 00:00:00,Period Tracker,10.6,iOS
MM_2041,2024-09-13,2024-10-31 00:00:00,Period Tracker,11.5,Android
MM_2041,2024-09-13,2024-11-11 00:00:00,Period Tracker,4.5,iOS
MM_2041,2024-09-13,2024-10-18 00:00:00,Period Tracker,13.8,Android
MM_2041,2024-09-13,2024-11-04 00:00:00,Period Tracker,9.3,Android
MM_2041,2024-09-13,2024-09-23 00:00:00,Period Tracker,4.7,iOS
MM_2041,2024-09-13,2024-09-29 00:00:00,Period Tracker,14.1,iOS
MM_2041,2024-09-13,2024-09-28 00:00:00,Period Tracker,1.4,iOS
MM_2041,2024-09-13,2024-11-11 00:00:00,Period Tracker,4.2,Android
MM_2042,2024-08-10,2024-10-08 00:00:00,Period Tracker,13.6,iOS
MM_2042,2024-08-10,2024-09-26 00:00:00,Period Tracker,12.8,Android
MM_2043,2024-08-10,2024-09-10 00:00:00,Symptom Logger,5.1,iOS
MM_2043,2024-08-10,2024-09-16 00:00:00,Period Tracker,4.6,iOS
MM_2043,2024-08-10,2024-09-21 00:00:00,Period Tracker,9.2,iOS
MM_2043,2024-08-10,2024-08-12 00:00:00,Period Tracker,5.6,iOS
MM_2043,2024-08-10,2024-09-26 00:00:00,Period Tracker,11.5,iOS
MM_2043,2024-08-10,2024-09-26 00:00:00,Health Articles,9.2,iOS
MM_2043,2024-08-10,2024-10-06 00:00:00,Period Tracker,7.3,iOS
MM_2043,2024-08-10,2024-08-13 00:00:00,Period Tracker,6.5,iOS
MM_2043,2024-08-10,2024-09-23 00:00:00,Period Tracker,7.6,Android
MM_2043,2024-08-10,2024-10-07 00:00:00,Health Articles,10.0,Android
MM_2043,2024-08-10,2024-08-20 00:00:00,Period Tracker,11.3,Android
MM_2043,2024-08-10,2024-10-02 00:00:00,Health Articles,5.5,Android
MM_2043,2024-08-10,2024-09-12 00:00:00,Period Tracker,3.0,Android
MM_2043,2024-08-10,2024-09-09 00:00:00,Health Articles,11.8,iOS
MM_2043,2024-08-10,2024-08-29 00:00:00,Symptom Logger,3.9,Android
MM_2043,2024-08-10,2024-08-18 00:00:00,Period Tracker,10.9,Android
MM_2043,2024-08-10,2024-09-10 00:00:00,Symptom Logger,9.7,iOS
MM_2043,2024-08-10,2024-08-23 00:00:00,Community Forum,12.0,Android
MM_2043,2024-08-10,2024-09-08 00:00:00,Community Forum,8.6,Android
MM_2044,2024-10-25,2024-11-23 00:00:00,Period Tracker,10.7,Android
MM_2044,2024-10-25,2024-12-19 00:00:00,Symptom Logger,11.4,iOS
MM_2044,2024-10-25,2024-11-15 00:00:00,Period Tracker,9.7,Android
MM_2045,2024-08-15,2024-10-02 00:00:00,Period Tracker,3.2,Android
MM_2045,2024-08-15,2024-10-14 00:00:00,Period Tracker,13.2,iOS
MM_2045,2024-08-15,2024-09-13 00:00:00,Period Tracker,14.0,Android
MM_2045,2024-08-15,2024-08-28 00:00:00,Period Tracker,12.5,Android
MM_2045,2024-08-15,2024-09-13 00:00:00,Period Tracker,9.1,Android
MM_2045,2024-08-15,2024-08-25 00:00:00,Period Tracker,10.7,iOS
MM_2045,2024-08-15,2024-08-15 00:00:00,Symptom Logger,4.0,iOS
MM_2045,2024-08-15,2024-09-23 00:00:00,Symptom Logger,13.1,Android
MM_2045,2024-08-15,2024-08-30 00:00:00,Symptom Logger,10.1,Android
MM_2045,2024-08-15,2024-09-13 00:00:00,Symptom Logger,13.4,Android
MM_2045,2024-08-15,2024-10-14 00:00:00,Health Articles,7.9,Android
MM_2045,2024-08-15,2024-10-09 00:00:00,Health Articles,6.5,iOS
MM_2045,2024-08-15,2024-08-30 00:00:00,Period Tracker,13.0,iOS
MM_2045,2024-08-15,2024-09-11 00:00:00,Health Articles,5.5,Android
MM_2045,2024-08-15,2024-10-05 00:00:00,Symptom Logger,14.2,iOS
MM_2045,2024-08-15,2024-08-19 00:00:00,Symptom Logger,,Android
MM_2045,2024-08-15,2024-09-09 00:00:00,Symptom Logger,8.1,Android
MM_2045,2024-08-15,2024-08-25 00:00:00,Period Tracker,9.5,iOS
MM_2045,2024-08-15,2024-08-19 00:00:00,Period Tracker,4.9,iOS
MM_2046,2024-10-08,2024-10-15 00:00:00,Period Tracker,3.3,Android
MM_2046,2024-10-08,2024-11-14 00:00:00,Period Tracker,,iOS
MM_2046,2024-10-08,2024-10-23 00:00:00,Symptom Logger,10.9,Android
MM_2047,2024-08-30,2024-10-27 00:00:00,Symptom Logger,8.8,Android
MM_2048,2024-08-06,2024-08-23 00:00:00,Period Tracker,9.4,iOS
MM_2048,2024-08-06,2024-08-10 00:00:00,Community Forum,4.8,Android
MM_2048,2024-08-06,2024-09-14 00:00:00,Period Tracker,13.3,Android
MM_2048,2024-08-06,2024-09-24 00:00:00,Period Tracker,10.9,iOS
MM_2048,2024-08-06,2024-09-25 00:00:00,Symptom Logger,9.4,Android
MM_2048,2024-08-06,2024-08-15 00:00:00,Period Tracker,1.4,Android
MM_2048,2024-08-06,2024-08-10 00:00:00,Period Tracker,12.5,iOS
MM_2048,2024-08-06,2024-10-03 00:00:00,Period Tracker,7.2,iOS
MM_2048,2024-08-06,2024-09-10 00:00:00,Health Articles,6.1,iOS
MM_2048,2024-08-06,2024-09-05 00:00:00,Period Tracker,4.7,iOS
MM_2048,2024-08-06,2024-08-30 00:00:00,Period Tracker,3.5,iOS
MM_2048,2024-08-06,2024-08-31 00:00:00,Period Tracker,2.5,iOS
MM_2048,2024-08-06,2024-08-13 00:00:00,Period Tracker,3.0,iOS
MM_2048,2024-08-06,2024-09-03 00:00:00,Symptom Logger,1.3,iOS
MM_2048,2024-08-06,2024-09-19 00:00:00,Period Tracker,11.2,iOS
MM_2049,2024-10-12,2024-10-18 00:00:00,Period Tracker,6.8,Android
MM_2049,2024-10-12,2024-10-20 00:00:00,Symptom Logger,12.1,iOS
MM_2049,2024-10-12,2024-11-30 00:00:00,Period Tracker,8.6,iOS
MM_2049,2024-10-12,2024-10-31 00:00:00,Period Tracker,10.9,Android
MM_2049,2024-10-12,2024-11-03 00:00:00,Symptom Logger,13.6,Android
MM_2049,2024-10-12,2024-10-25 00:00:00,Community Forum,2.6,Android
MM_2049,2024-10-12,2024-11-13 00:00:00,Period Tracker,4.6,Android
MM_2049,2024-10-12,2024-10-15 00:00:00,Period Tracker,4.3,iOS
MM_2049,2024-10-12,2024-10-16 00:00:00,Symptom Logger,7.5,iOS
MM_2049,2024-10-12,2024-11-12 00:00:00,Period Tracker,8.7,Android
MM_2049,2024-10-12,2024-10-15 00:00:00,Period Tracker,9.1,iOS
MM_2049,2024-10-12,2024-10-29 00:00:00,Symptom Logger,6.5,iOS
MM_2049,2024-10-12,2024-10-17 00:00:00,Health Articles,12.4,iOS
MM_2049,2024-10-12,2024-12-09 00:00:00,Period Tracker,5.2,iOS
MM_2049,2024-10-12,2024-11-26 00:00:00,Period Tracker,10.4,iOS
MM_2049,2024-10-12,2024-12-01 00:00:00,Symptom Logger,11.0,iOS
MM_2049,2024-10-12,2024-11-07 00:00:00,Symptom Logger,9.8,Android
MM_2049,2024-10-12,2024-10-13 00:00:00,Community Forum,12.9,iOS
MM_2050,2024-09-27,2024-10-29 00:00:00,Period Tracker,3.6,iOS
MM_2051,2024-09-18,2024-11-12 00:00:00,Health Articles,3.2,Android
MM_2051,2024-09-18,2024-11-06 00:00:00,Community Forum,10.6,iOS
MM_2051,2024-09-18,2024-10-07 00:00:00,Period Tracker,5.8,iOS
MM_2051,2024-09-18,2024-10-25 00:00:00,Symptom Logger,2.0,Android
MM_2051,2024-09-18,2024-10-10 00:00:00,Symptom Logger,3.5,Android
MM_2051,2024-09-18,2024-10-21 00:00:00,Symptom Logger,14.2,iOS
MM_2051,2024-09-18,2024-10-13 00:00:00,Symptom Logger,6.5,Android
MM_2051,2024-09-18,2024-10-07 00:00:00,Community Forum,,iOS
MM_2051,2024-09-18,2024-10-28 00:00:00,Symptom Logger,2.7,Android
MM_2051,2024-09-18,2024-10-26 00:00:00,Symptom Logger,12.8,Android
MM_2051,2024-09-18,2024-10-08 00:00:00,Period Tracker,12.7,iOS
MM_2051,2024-09-18,2024-11-17 00:00:00,Symptom Logger,4.3,iOS
MM_2051,2024-09-18,2024-10-18 00:00:00,Period Tracker,8.8,Android
MM_2051,2024-09-18,2024-10-10 00:00:00,Period Tracker,4.0,iOS
MM_2051,2024-09-18,2024-11-06 00:00:00,Period Tracker,13.0,Android
MM_2051,2024-09-18,2024-09-20 00:00:00,Period Tracker,6.0,Android
MM_2051,2024-09-18,2024-10-25 00:00:00,Period Tracker,2.0,Android
MM_2052,2024-09-17,2024-10-24 00:00:00,Period Tracker,10.7,Android
MM_2052,2024-09-17,2024-11-15 00:00:00,Community Forum,12.7,Android
MM_2052,2024-09-17,2024-10-07 00:00:00,Period Tracker,8.0,iOS
MM_2052,2024-09-17,2024-11-11 00:00:00,Community Forum,7.3,iOS
MM_2052,2024-09-17,2024-10-11 00:00:00,Period Tracker,4.4,Android
MM_2052,2024-09-17,2024-11-04 00:00:00,Period Tracker,13.7,iOS
MM_2052,2024-09-17,2024-10-16 00:00:00,Symptom Logger,12.5,iOS
MM_2052,2024-09-17,2024-10-11 00:00:00,Period Tracker,3.1,iOS
MM_2052,2024-09-17,2024-10-23 00:00:00,Period Tracker,5.4,iOS
MM_2053,2024-09-06,2024-09-30 00:00:00,Period Tracker,9.5,iOS
MM_2053,2024-09-06,2024-10-01 00:00:00,Period Tracker,7.7,Android
MM_2053,2024-09-06,2024-10-20 00:00:00,Period Tracker,425.0,iOS
MM_2053,2024-09-06,2024-09-11 00:00:00,Symptom Logger,6.1,Android
MM_2053,2024-09-06,2024-10-28 00:00:00,Health Articles,12.6,iOS
MM_2053,2024-09-06,2024-09-19 00:00:00,Symptom Logger,6.2,Android
MM_2053,2024-09-06,2024-10-28 00:00:00,Period Tracker,7.8,Android
MM_2053,2024-09-06,2024-10-03 00:00:00,Period Tracker,14.6,Android
MM_2053,2024-09-06,2024-10-25 00:00:00,Community Forum,5.2,Android
MM_2053,2024-09-06,2024-09-10 00:00:00,Health Articles,9.1,iOS
MM_2053,2024-09-06,2024-10-31 00:00:00,Period Tracker,11.2,iOS
MM_2054,2024-08-07,2024-08-15 00:00:00,Period Tracker,12.6,Android
MM_2054,2024-08-07,2024-08-21 00:00:00,Period Tracker,8.9,Android
MM_2054,2024-08-07,2024-09-27 00:00:00,Health Articles,14.4,Android
MM_2054,2024-08-07,2024-09-25 00:00:00,Period Tracker,2.6,iOS
MM_2054,2024-08-07,2024-09-21 00:00:00,Period Tracker,12.3,iOS
MM_2054,2024-08-07,2024-09-03 00:00:00,Period Tracker,7.5,Android
MM_2054,2024-08-07,2024-08-16 00:00:00,Period Tracker,4.8,iOS
MM_2054,2024-08-07,2024-09-01 00:00:00,Health Articles,6.9,iOS
MM_2054,2024-08-07,2024-09-23 00:00:00,Symptom Logger,,iOS
MM_2054,2024-08-07,2024-08-11 00:00:00,Health Articles,14.0,Android
MM_2054,2024-08-07,2024-09-10 00:00:00,Health Articles,6.0,Android
MM_2054,2024-08-07,2024-09-05 00:00:00,Period Tracker,3.5,iOS
MM_2054,2024-08-07,2024-09-30 00:00:00,Period Tracker,2.8,Android
MM_2054,2024-08-07,2024-09-28 00:00:00,Community Forum,9.8,Android
MM_2054,2024-08-07,2024-09-10 00:00:00,Health Articles,7.8,iOS
MM_2054,2024-08-07,2024-08-27 00:00:00,Period Tracker,6.0,iOS
MM_2054,2024-08-07,2024-09-17 00:00:00,Symptom Logger,14.2,iOS
MM_2054,2024-08-07,2024-08-17 00:00:00,Period Tracker,8.4,iOS
MM_2054,2024-08-07,2024-09-27 00:00:00,Community Forum,3.2,iOS
MM_2054,2024-08-07,2024-09-19 00:00:00,Community Forum,13.5,iOS
MM_2055,2024-08-23,2024-09-19 00:00:00,Community Forum,5.0,iOS
MM_2055,2024-08-23,2024-09-17 00:00:00,Symptom Logger,8.4,Android
MM_2055,2024-08-23,2024-09-28 00:00:00,Community Forum,8.4,Android
MM_2055,2024-08-23,2024-08-25 00:00:00,Community Forum,11.9,iOS
MM_2055,2024-08-23,2024-10-20 00:00:00,Health Articles,8.7,iOS
MM_2055,2024-08-23,2024-09-06 00:00:00,Health Articles,9.4,Android
MM_2056,2024-10-02,2024-10-22 00:00:00,Symptom Logger,1.4,iOS
MM_2056,2024-10-02,2024-10-22 00:00:00,Period Tracker,8.0,iOS
MM_2057,2024-08-06,2024-09-13 00:00:00,Period Tracker,5.4,Android
MM_2057,2024-08-06,2024-09-07 00:00:00,Period Tracker,4.6,Android
MM_2058,2024-10-23,2024-12-19 00:00:00,Community Forum,8.0,Android
MM_2058,2024-10-23,2024-12-05 00:00:00,Period Tracker,9.8,iOS
MM_2058,2024-10-23,2024-11-07 00:00:00,Period Tracker,9.5,iOS
MM_2058,2024-10-23,2024-12-02 00:00:00,Period Tracker,6.7,Android
MM_2058,2024-10-23,2024-11-18 00:00:00,Health Articles,1.8,Android
MM_2058,2024-10-23,2024-11-04 00:00:00,Period Tracker,8.1,Android
MM_2058,2024-10-23,2024-11-12 00:00:00,Period Tracker,13.9,iOS
MM_2058,2024-10-23,2024-12-13 00:00:00,Health Articles,10.6,iOS
MM_2058,2024-10-23,2024-11-06 00:00:00,Symptom Logger,7.6,iOS
MM_2058,2024-10-23,2024-12-08 00:00:00,Symptom Logger,7.0,Android
MM_2058,2024-10-23,2024-11-04 00:00:00,Period Tracker,13.2,iOS
MM_2058,2024-10-23,2024-12-01 00:00:00,Period Tracker,15.0,Android
MM_2058,2024-10-23,2024-11-14 00:00:00,Health Articles,2.2,Android
MM_2058,2024-10-23,2024-12-21 00:00:00,Period Tracker,10.4,iOS
MM_2058,2024-10-23,2024-10-27 00:00:00,Health Articles,9.7,iOS
MM_2058,2024-10-23,2024-11-28 00:00:00,Community Forum,12.6,Android
MM_2059,2024-09-21,2024-10-18 00:00:00,Symptom Logger,1.2,Android
MM_2059,2024-09-21,2024-09-28 00:00:00,Community Forum,2.3,Android
MM_2059,2024-09-21,2024-10-01 00:00:00,Health Articles,9.7,Android
MM_2060,2024-10-09,2024-11-08 00:00:00,Period Tracker,13.0,Android
MM_2060,2024-10-09,2024-11-05 00:00:00,Period Tracker,4.3,Android
MM_2060,2024-10-09,2024-10-14 00:00:00,Symptom Logger,,Android
MM_2060,2024-10-09,2024-11-02 00:00:00,Period Tracker,2.4,iOS
MM_2060,2024-10-09,2024-10-15 00:00:00,Period Tracker,2.6,Android
MM_2060,2024-10-09,2024-10-23 00:00:00,Community Forum,13.5,iOS
MM_2060,2024-10-09,2024-11-21 00:00:00,Period Tracker,7.3,Android
MM_2060,2024-10-09,2024-11-23 00:00:00,Symptom Logger,9.9,Android
MM_2060,2024-10-09,2024-11-08 00:00:00,Period Tracker,4.9,iOS
MM_2060,2024-10-09,2024-10-21 00:00:00,Period Tracker,5.6,Android
MM_2060,2024-10-09,2024-12-08 00:00:00,Period Tracker,2.4,iOS
MM_2060,2024-10-09,2024-11-18 00:00:00,Period Tracker,2.0,iOS
MM_2060,2024-10-09,2024-11-02 00:00:00,Community Forum,7.7,Android
MM_2060,2024-10-09,2024-11-26 00:00:00,Period Tracker,10.7,Android
MM_2060,2024-10-09,2024-10-12 00:00:00,Period Tracker,7.6,Android
MM_2061,2024-08-22,2024-10-15 00:00:00,Period Tracker,3.1,Android
MM_2061,2024-08-22,2024-09-16 00:00:00,Period Tracker,14.6,Android
MM_2061,2024-08-22,2024-09-06 00:00:00,Period Tracker,6.3,iOS
MM_2061,2024-08-22,2024-08-28 00:00:00,Symptom Logger,13.4,iOS
MM_2061,2024-08-22,2024-10-01 00:00:00,Period Tracker,2.3,iOS
MM_2061,2024-08-22,2024-09-30 00:00:00,Period Tracker,4.8,Android
MM_2061,2024-08-22,2024-10-03 00:00:00,Period Tracker,9.6,iOS
MM_2061,2024-08-22,2024-09-02 00:00:00,Period Tracker,4.1,Android
MM_2061,2024-08-22,2024-09-28 00:00:00,Period Tracker,10.4,iOS
MM_2061,2024-08-22,2024-09-29 00:00:00,Period Tracker,11.0,Android
MM_2061,2024-08-22,2024-10-02 00:00:00,Period Tracker,2.1,iOS
MM_2061,2024-08-22,2024-08-24 00:00:00,Health Articles,11.4,iOS
MM_2061,2024-08-22,2024-09-26 00:00:00,Period Tracker,1.3,iOS
MM_2061,2024-08-22,2024-10-11 00:00:00,Symptom Logger,6.2,iOS
MM_2061,2024-08-22,2024-09-15 00:00:00,Period Tracker,6.8,iOS
MM_2061,2024-08-22,2024-09-24 00:00:00,Period Tracker,6.9,iOS
MM_2061,2024-08-22,2024-08-25 00:00:00,Period Tracker,8.9,iOS
MM_2061,2024-08-22,2024-10-06 00:00:00,Period Tracker,9.4,iOS
MM_2061,2024-08-22,2024-09-01 00:00:00,Period Tracker,10.8,iOS
MM_2062,2024-10-14,2024-12-10 00:00:00,Period Tracker,14.4,iOS
MM_2062,2024-10-14,2024-10-16 00:00:00,Community Forum,3.6,Android
MM_2062,2024-10-14,2024-10-18 00:00:00,Period Tracker,7.8,Android
MM_2063,2024-10-11,2024-10-12 00:00:00,Period Tracker,12.6,Android
MM_2063,2024-10-11,2024-11-01 00:00:00,Health Articles,8.4,Android
MM_2063,2024-10-11,2024-10-11 00:00:00,Period Tracker,14.9,iOS
MM_2063,2024-10-11,2024-10-27 00:00:00,Health Articles,3.4,iOS
MM_2063,2024-10-11,2024-12-01 00:00:00,Period Tracker,4.0,Android
MM_2063,2024-10-11,2024-10-28 00:00:00,Period Tracker,13.7,Android
MM_2063,2024-10-11,2024-11-08 00:00:00,Period Tracker,3.2,Android
MM_2063,2024-10-11,2024-11-29 00:00:00,Symptom Logger,1.8,iOS
MM_2063,2024-10-11,2024-10-12 00:00:00,Period Tracker,12.1,Android
MM_2063,2024-10-11,2024-12-03 00:00:00,Period Tracker,3.9,iOS
MM_2063,2024-10-11,2024-10-24 00:00:00,Period Tracker,9.0,iOS
MM_2063,2024-10-11,2024-11-06 00:00:00,Period Tracker,8.0,Android
MM_2063,2024-10-11,2024-11-21 00:00:00,Health Articles,12.5,iOS
MM_2063,2024-10-11,2024-11-29 00:00:00,Period Tracker,12.8,Android
MM_2063,2024-10-11,2024-10-16 00:00:00,Symptom Logger,6.1,iOS
MM_2063,2024-10-11,2024-12-08 00:00:00,Period Tracker,10.7,iOS
MM_2063,2024-10-11,2024-11-21 00:00:00,Symptom Logger,12.4,Android
MM_2063,2024-10-11,2024-12-04 00:00:00,Period Tracker,13.9,iOS
MM_2063,2024-10-11,2024-10-24 00:00:00,Period Tracker,7.8,Android
MM_2064,2024-09-21,2024-10-10 00:00:00,Period Tracker,7.3,iOS
MM_2064,2024-09-21,2024-11-03 00:00:00,Period Tracker,9.5,Android
MM_2065,2024-10-25,2024-12-24 00:00:00,Period Tracker,3.3,Android
MM_2065,2024-10-25,2024-11-10 00:00:00,Period Tracker,11.7,Android
MM_2065,2024-10-25,2024-11-26 00:00:00,Period Tracker,5.5,iOS
MM_2065,2024-10-25,2024-12-17 00:00:00,Community Forum,12.5,iOS
MM_2065,2024-10-25,2024-12-01 00:00:00,Health Articles,13.9,iOS
MM_2065,2024-10-25,2024-12-09 00:00:00,Period Tracker,2.2,iOS
MM_2066,2024-08-31,2024-09-20 00:00:00,Symptom Logger,4.2,Android
MM_2066,2024-08-31,2024-09-09 00:00:00,Symptom Logger,3.7,Android
MM_2066,2024-08-31,2024-10-03 00:00:00,Period Tracker,11.7,iOS
MM_2067,2024-09-12,2024-10-05 00:00:00,Period Tracker,6.5,Android
MM_2067,2024-09-12,2024-11-05 00:00:00,Period Tracker,12.8,iOS
MM_2067,2024-09-12,2024-11-01 00:00:00,Community Forum,10.5,Android
MM_2067,2024-09-12,2024-10-12 00:00:00,Symptom Logger,8.5,iOS
MM_2067,2024-09-12,2024-11-10 00:00:00,Period Tracker,12.3,Android
MM_2067,2024-09-12,2024-10-14 00:00:00,Community Forum,6.1,Android
MM_2067,2024-09-12,2024-11-04 00:00:00,Community Forum,12.4,iOS
MM_2067,2024-09-12,2024-11-04 00:00:00,Community Forum,7.1,Android
MM_2067,2024-09-12,2024-10-04 00:00:00,Period Tracker,7.3,iOS
MM_2067,2024-09-12,2024-10-27 00:00:00,Period Tracker,10.1,Android
MM_2067,2024-09-12,2024-09-25 00:00:00,Symptom Logger,13.6,iOS
MM_2067,2024-09-12,2024-10-31 00:00:00,Period Tracker,8.9,Android
MM_2067,2024-09-12,2024-10-13 00:00:00,Symptom Logger,1.6,iOS
MM_2067,2024-09-12,2024-10-24 00:00:00,Symptom Logger,7.8,Android
MM_2067,2024-09-12,2024-10-31 00:00:00,Period Tracker,3.1,Android
MM_2068,2024-08-26,2024-09-10 00:00:00,Period Tracker,4.4,Android
MM_2068,2024-08-26,2024-10-11 00:00:00,Period Tracker,3.4,iOS
MM_2069,2024-10-22,2024-12-21 00:00:00,Period Tracker,7.6,Android
MM_2069,2024-10-22,2024-11-08 00:00:00,Symptom Logger,5.9,Android
MM_2069,2024-10-22,2024-11-24 00:00:00,Period Tracker,14.6,Android
MM_2069,2024-10-22,2024-11-21 00:00:00,Period Tracker,1.3,iOS
MM_2069,2024-10-22,2024-12-01 00:00:00,Health Articles,3.5,iOS
MM_2069,2024-10-22,2024-11-24 00:00:00,Period Tracker,11.0,iOS
MM_2069,2024-10-22,2024-12-07 00:00:00,Period Tracker,2.6,iOS
MM_2069,2024-10-22,2024-10-28 00:00:00,Health Articles,13.8,Android
MM_2069,2024-10-22,2024-12-04 00:00:00,Period Tracker,5.3,iOS
MM_2069,2024-10-22,2024-11-16 00:00:00,Symptom Logger,6.1,Android
MM_2069,2024-10-22,2024-11-14 00:00:00,Period Tracker,7.1,Android
MM_2070,2024-10-24,2024-11-05 00:00:00,Period Tracker,11.9,iOS
MM_2070,2024-10-24,2024-11-17 00:00:00,Period Tracker,13.8,iOS
MM_2070,2024-10-24,2024-11-18 00:00:00,Period Tracker,5.4,iOS
MM_2070,2024-10-24,2024-12-13 00:00:00,Health Articles,11.3,Android
MM_2070,2024-10-24,2024-10-30 00:00:00,Symptom Logger,6.0,iOS
MM_2070,2024-10-24,2024-12-09 00:00:00,Period Tracker,7.0,Android
MM_2070,2024-10-24,2024-12-01 00:00:00,Community Forum,12.4,iOS
MM_2070,2024-10-24,2024-12-22 00:00:00,Period Tracker,8.9,Android
MM_2070,2024-10-24,2024-11-23 00:00:00,Period Tracker,8.7,Android
MM_2070,2024-10-24,2024-11-30 00:00:00,Period Tracker,10.3,iOS
MM_2070,2024-10-24,2024-11-25 00:00:00,Symptom Logger,11.4,iOS
MM_2070,2024-10-24,2024-11-13 00:00:00,Symptom Logger,3.8,iOS
MM_2070,2024-10-24,2024-10-25 00:00:00,Symptom Logger,9.7,iOS
MM_2070,2024-10-24,2024-11-14 00:00:00,Period Tracker,5.4,iOS
MM_2070,2024-10-24,2024-10-29 00:00:00,Period Tracker,7.3,iOS
MM_2070,2024-10-24,2024-11-03 00:00:00,Health Articles,2.0,iOS
MM_2070,2024-10-24,2024-12-08 00:00:00,Period Tracker,,iOS
MM_2071,2024-08-11,2024-09-11 00:00:00,Period Tracker,5.0,Android
MM_2071,2024-08-11,2024-08-24 00:00:00,Period Tracker,,Android
MM_2071,2024-08-11,2024-09-07 00:00:00,Period Tracker,15.0,iOS
MM_2071,2024-08-11,2024-09-27 00:00:00,Community Forum,5.5,Android
MM_2071,2024-08-11,2024-10-08 00:00:00,Period Tracker,8.8,Android
MM_2071,2024-08-11,2024-08-13 00:00:00,Community Forum,4.3,Android
MM_2071,2024-08-11,2024-09-17 00:00:00,Symptom Logger,6.4,Android
MM_2071,2024-08-11,2024-09-03 00:00:00,Period Tracker,7.6,iOS
MM_2071,2024-08-11,2024-09-12 00:00:00,Period Tracker,13.7,Android
MM_2071,2024-08-11,2024-09-24 00:00:00,Period Tracker,4.1,iOS
MM_2072,2024-10-08,2024-10-26 00:00:00,Health Articles,6.4,iOS
MM_2072,2024-10-08,2024-11-15 00:00:00,Symptom Logger,10.0,iOS
MM_2072,2024-10-08,2024-11-11 00:00:00,Period Tracker,11.4,Android
MM_2072,2024-10-08,2024-11-13 00:00:00,Period Tracker,12.4,iOS
MM_2072,2024-10-08,2024-10-10 00:00:00,Symptom Logger,11.4,Android
MM_2072,2024-10-08,2024-11-27 00:00:00,Symptom Logger,7.5,Android
MM_2072,2024-10-08,2024-10-20 00:00:00,Symptom Logger,5.5,iOS
MM_2072,2024-10-08,2024-10-31 00:00:00,Period Tracker,4.9,iOS
MM_2072,2024-10-08,2024-12-02 00:00:00,Health Articles,7.4,Android
MM_2072,2024-10-08,2024-11-18 00:00:00,Symptom Logger,12.0,iOS
MM_2072,2024-10-08,2024-11-01 00:00:00,Period Tracker,8.1,iOS
MM_2072,2024-10-08,2024-11-18 00:00:00,Symptom Logger,3.6,iOS
MM_2072,2024-10-08,2024-10-18 00:00:00,Community Forum,2.4,iOS
MM_2072,2024-10-08,2024-12-05 00:00:00,Health Articles,3.0,Android
MM_2073,2024-10-20,2024-12-07 00:00:00,Period Tracker,12.7,Android
MM_2073,2024-10-20,2024-11-23 00:00:00,Symptom Logger,7.6,Android
MM_2073,2024-10-20,2024-12-06 00:00:00,Period Tracker,7.0,iOS
MM_2074,2024-08-07,2024-08-17 00:00:00,Period Tracker,1.1,iOS
MM_2074,2024-08-07,2024-09-23 00:00:00,Period Tracker,2.9,iOS
MM_2074,2024-08-07,2024-08-11 00:00:00,Period Tracker,9.9,iOS
MM_2074,2024-08-07,2024-09-12 00:00:00,Community Forum,3.9,Android
MM_2074,2024-08-07,2024-08-09 00:00:00,Period Tracker,3.2,Android
MM_2074,2024-08-07,2024-09-28 00:00:00,Period Tracker,11.0,iOS
MM_2074,2024-08-07,2024-09-21 00:00:00,Period Tracker,2.0,Android
MM_2075,2024-10-03,2024-11-04 00:00:00,Symptom Logger,8.4,iOS
MM_2075,2024-10-03,2024-11-14 00:00:00,Period Tracker,10.0,Android
MM_2075,2024-10-03,2024-11-09 00:00:00,Community Forum,4.8,Android
MM_2075,2024-10-03,2024-10-29 00:00:00,Community Forum,1.9,Android
MM_2075,2024-10-03,2024-11-20 00:00:00,Period Tracker,7.0,Android
MM_2075,2024-10-03,2024-11-06 00:00:00,Community Forum,5.3,iOS
MM_2075,2024-10-03,2024-10-27 00:00:00,Period Tracker,9.6,Android
MM_2075,2024-10-03,2024-11-17 00:00:00,Period Tracker,5.5,Android
MM_2075,2024-10-03,2024-10-14 00:00:00,Period Tracker,13.3,Android
MM_2075,2024-10-03,2024-11-07 00:00:00,Community Forum,14.1,Android
MM_2075,2024-10-03,2024-10-09 00:00:00,Symptom Logger,8.5,Android
MM_2075,2024-10-03,2024-10-13 00:00:00,Period Tracker,4.8,Android
MM_2075,2024-10-03,2024-11-26 00:00:00,Symptom Logger,8.4,Android
MM_2075,2024-10-03,2024-10-16 00:00:00,Period Tracker,8.7,Android
MM_2075,2024-10-03,2024-10-23 00:00:00,Period Tracker,12.5,iOS
MM_2076,2024-08-17,2024-08-21 00:00:00,Period Tracker,4.8,Android
MM_2076,2024-08-17,2024-09-02 00:00:00,Period Tracker,10.3,iOS
MM_2077,2024-10-13,2024-10-29 00:00:00,Period Tracker,12.2,iOS
MM_2077,2024-10-13,2024-11-16 00:00:00,Health Articles,2.5,iOS
MM_2078,2024-09-19,2024-10-02 00:00:00,Community Forum,9.8,iOS
MM_2078,2024-09-19,2024-10-22 00:00:00,Symptom Logger,1.3,Android
MM_2078,2024-09-19,2024-10-09 00:00:00,Community Forum,1.0,Android
MM_2078,2024-09-19,2024-10-16 00:00:00,Health Articles,10.1,Android
MM_2078,2024-09-19,2024-11-14 00:00:00,Period Tracker,7.4,iOS
MM_2078,2024-09-19,2024-10-23 00:00:00,Period Tracker,12.2,iOS
MM_2078,2024-09-19,2024-10-19 00:00:00,Period Tracker,8.8,iOS
MM_2078,2024-09-19,2024-11-11 00:00:00,Period Tracker,13.0,Android
MM_2078,2024-09-19,2024-09-24 00:00:00,Community Forum,,iOS
MM_2078,2024-09-19,2024-10-31 00:00:00,Period Tracker,14.1,iOS
MM_2078,2024-09-19,2024-10-19 00:00:00,Period Tracker,12.6,Android
MM_2078,2024-09-19,2024-10-01 00:00:00,Symptom Logger,6.7,Android
MM_2078,2024-09-19,2024-10-19 00:00:00,Period Tracker,14.9,iOS
MM_2078,2024-09-19,2024-10-01 00:00:00,Symptom Logger,3.8,Android
MM_2078,2024-09-19,2024-10-17 00:00:00,Period Tracker,11.4,Android
MM_2078,2024-09-19,2024-10-26 00:00:00,Community Forum,3.7,iOS
MM_2079,2024-08-11,2024-10-01 00:00:00,Period Tracker,3.5,iOS
MM_2079,2024-08-11,2024-09-10 00:00:00,Period Tracker,4.3,Android
MM_2079,2024-08-11,2024-09-06 00:00:00,Symptom Logger,7.8,Android
MM_2079,2024-08-11,2024-09-24 00:00:00,Community Forum,11.9,Android
MM_2079,2024-08-11,2024-08-25 00:00:00,Health Articles,,Android
MM_2079,2024-08-11,2024-10-03 00:00:00,Period Tracker,10.4,iOS
MM_2079,2024-08-11,2024-08-13 00:00:00,Community Forum,10.2,iOS
MM_2079,2024-08-11,2024-08-13 00:00:00,Period Tracker,1.0,iOS
MM_2079,2024-08-11,2024-09-05 00:00:00,Symptom Logger,2.7,iOS
MM_2079,2024-08-11,2024-09-22 00:00:00,Community Forum,9.6,Android
MM_2079,2024-08-11,2024-09-14 00:00:00,Community Forum,13.6,iOS
MM_2079,2024-08-11,2024-08-16 00:00:00,Health Articles,8.0,iOS
MM_2080,2024-09-15,2024-11-10 00:00:00,Symptom Logger,6.9,iOS
MM_2080,2024-09-15,2024-09-18 00:00:00,Period Tracker,13.1,iOS
MM_2080,2024-09-15,2024-09-18 00:00:00,Period Tracker,6.5,Android
MM_2081,2024-10-06,2024-11-10 00:00:00,Period Tracker,2.8,Android
MM_2081,2024-10-06,2024-10-08 00:00:00,Period Tracker,13.5,iOS
MM_2082,2024-10-03,2024-10-12 00:00:00,Period Tracker,10.1,Android
MM_2082,2024-10-03,2024-12-01 00:00:00,Symptom Logger,14.3,iOS
MM_2083,2024-10-29,2024-11-23 00:00:00,Health Articles,8.0,iOS
MM_2083,2024-10-29,2024-11-08 00:00:00,Period Tracker,10.3,iOS
MM_2083,2024-10-29,2024-11-23 00:00:00,Period Tracker,11.0,iOS
MM_2083,2024-10-29,2024-12-21 00:00:00,Symptom Logger,10.8,Android
MM_2083,2024-10-29,2024-12-21 00:00:00,Community Forum,14.9,iOS
MM_2083,2024-10-29,2024-12-09 00:00:00,Period Tracker,5.1,Android
MM_2083,2024-10-29,2024-11-20 00:00:00,Symptom Logger,3.4,Android
MM_2083,2024-10-29,2024-11-15 00:00:00,Period Tracker,8.2,Android
MM_2083,2024-10-29,2024-12-24 00:00:00,Period Tracker,8.4,Android
MM_2083,2024-10-29,2024-12-13 00:00:00,Health Articles,8.0,Android
MM_2083,2024-10-29,2024-11-17 00:00:00,Period Tracker,10.2,Android
MM_2083,2024-10-29,2024-11-09 00:00:00,Health Articles,5.4,Android
MM_2084,2024-08-12,2024-08-15 00:00:00,Community Forum,8.0,Android
MM_2084,2024-08-12,2024-10-09 00:00:00,Community Forum,3.8,Android
MM_2084,2024-08-12,2024-10-07 00:00:00,Symptom Logger,14.4,iOS
MM_2084,2024-08-12,2024-09-24 00:00:00,Period Tracker,8.8,iOS
MM_2084,2024-08-12,2024-08-24 00:00:00,Period Tracker,10.3,Android
MM_2084,2024-08-12,2024-09-05 00:00:00,Period Tracker,5.4,Android
MM_2084,2024-08-12,2024-08-15 00:00:00,Community Forum,7.4,Android
MM_2084,2024-08-12,2024-09-07 00:00:00,Community Forum,3.7,iOS
MM_2084,2024-08-12,2024-10-10 00:00:00,Period Tracker,8.0,Android
MM_2084,2024-08-12,2024-08-22 00:00:00,Period Tracker,3.9,iOS
MM_2084,2024-08-12,2024-08-15 00:00:00,Period Tracker,6.1,iOS
MM_2084,2024-08-12,2024-10-06 00:00:00,Period Tracker,5.2,Android
MM_2084,2024-08-12,2024-09-28 00:00:00,Period Tracker,12.0,Android
MM_2085,2024-08-29,2024-10-04 00:00:00,Period Tracker,2.0,iOS
MM_2085,2024-08-29,2024-10-20 00:00:00,Period Tracker,9.4,iOS
MM_2086,2024-08-14,2024-08-28 00:00:00,Period Tracker,5.9,Android
MM_2086,2024-08-14,2024-09-21 00:00:00,Symptom Logger,7.9,Android
MM_2086,2024-08-14,2024-08-27 00:00:00,Period Tracker,13.7,iOS
MM_2086,2024-08-14,2024-09-23 00:00:00,Period Tracker,1.8,Android
MM_2086,2024-08-14,2024-08-17 00:00:00,Period Tracker,10.1,iOS
MM_2086,2024-08-14,2024-09-30 00:00:00,Period Tracker,6.6,iOS
MM_2086,2024-08-14,2024-08-21 00:00:00,Period Tracker,2.3,iOS
MM_2086,2024-08-14,2024-10-04 00:00:00,Period Tracker,12.5,Android
MM_2086,2024-08-14,2024-08-24 00:00:00,Period Tracker,5.8,iOS
MM_2087,2024-08-26,2024-10-17 00:00:00,Community Forum,2.3,Android
MM_2087,2024-08-26,2024-08-28 00:00:00,Symptom Logger,14.7,iOS
MM_2087,2024-08-26,2024-10-14 00:00:00,Community Forum,7.8,Android
MM_2088,2024-08-08,2024-08-21 00:00:00,Period Tracker,3.2,iOS
MM_2088,2024-08-08,2024-10-03 00:00:00,Health Articles,3.2,Android
MM_2088,2024-08-08,2024-08-17 00:00:00,Community Forum,10.2,iOS
MM_2089,2024-09-29,2024-11-05 00:00:00,Period Tracker,3.3,iOS
MM_2089,2024-09-29,2024-11-21 00:00:00,Period Tracker,8.0,iOS
MM_2090,2024-10-04,2024-11-10 00:00:00,Community Forum,9.0,iOS
MM_2090,2024-10-04,2024-11-27 00:00:00,Health Articles,6.9,Android
MM_2091,2024-10-20,2024-11-06 00:00:00,Period Tracker,10.2,iOS
MM_2091,2024-10-20,2024-11-08 00:00:00,Community Forum,5.3,iOS
MM_2092,2024-09-13,2024-10-04 00:00:00,Period Tracker,7.3,Android
MM_2093,2024-09-29,2024-11-09 00:00:00,Period Tracker,12.7,Android
MM_2093,2024-09-29,2024-11-20 00:00:00,Period Tracker,1.3,iOS
MM_2094,2024-08-04,2024-08-23 00:00:00,Community Forum,1.2,iOS
MM_2094,2024-08-04,2024-08-28 00:00:00,Period Tracker,5.2,iOS
MM_2094,2024-08-04,2024-09-01 00:00:00,Symptom Logger,12.8,iOS
MM_2094,2024-08-04,2024-09-24 00:00:00,Period Tracker,12.3,Android
MM_2094,2024-08-04,2024-08-25 00:00:00,Community Forum,4.8,iOS
MM_2094,2024-08-04,2024-08-23 00:00:00,Period Tracker,4.2,Android
MM_2094,2024-08-04,2024-08-25 00:00:00,Health Articles,12.3,Android
MM_2095,2024-08-20,2024-09-11 00:00:00,Symptom Logger,13.9,Android
MM_2096,2024-09-23,2024-11-09 00:00:00,Health Articles,12.4,iOS
MM_2096,2024-09-23,2024-10-26 00:00:00,Period Tracker,10.3,Android
MM_2096,2024-09-23,2024-10-10 00:00:00,Period Tracker,8.5,iOS
MM_2096,2024-09-23,2024-10-18 00:00:00,Community Forum,5.9,iOS
MM_2096,2024-09-23,2024-09-28 00:00:00,Period Tracker,12.7,iOS
MM_2096,2024-09-23,2024-11-06 00:00:00,Period Tracker,2.9,iOS
MM_2096,2024-09-23,2024-10-17 00:00:00,Period Tracker,11.2,Android
MM_2097,2024-08-29,2024-09-23 00:00:00,Period Tracker,2.4,Android
MM_2097,2024-08-29,2024-10-13 00:00:00,Period Tracker,14.4,iOS
MM_2097,2024-08-29,2024-10-14 00:00:00,Period Tracker,1.9,Android
MM_2097,2024-08-29,2024-09-08 00:00:00,Period Tracker,10.3,Android
MM_2097,2024-08-29,2024-10-07 00:00:00,Symptom Logger,4.7,iOS
MM_2097,2024-08-29,2024-09-05 00:00:00,Period Tracker,6.2,Android
MM_2097,2024-08-29,2024-09-09 00:00:00,Health Articles,4.7,iOS
MM_2097,2024-08-29,2024-10-26 00:00:00,Period Tracker,6.1,iOS
MM_2097,2024-08-29,2024-10-27 00:00:00,Symptom Logger,12.6,iOS
MM_2097,2024-08-29,2024-10-25 00:00:00,Symptom Logger,11.3,iOS
MM_2097,2024-08-29,2024-09-17 00:00:00,Period Tracker,4.6,iOS
MM_2097,2024-08-29,2024-09-28 00:00:00,Period Tracker,2.2,iOS
MM_2097,2024-08-29,2024-10-13 00:00:00,Community Forum,2.3,iOS
MM_2097,2024-08-29,2024-10-19 00:00:00,Symptom Logger,3.6,Android
MM_2097,2024-08-29,2024-10-20 00:00:00,Period Tracker,14.5,Android
MM_2098,2024-10-20,2024-10-30 00:00:00,Symptom Logger,1.1,Android
MM_2098,2024-10-20,2024-10-24 00:00:00,Symptom Logger,5.9,iOS
MM_2098,2024-10-20,2024-12-13 00:00:00,Period Tracker,12.5,iOS
MM_2098,2024-10-20,2024-12-10 00:00:00,Period Tracker,9.1,Android
MM_2098,2024-10-20,2024-11-06 00:00:00,Period Tracker,8.5,iOS
MM_2099,2024-10-11,2024-11-11 00:00:00,Symptom Logger,6.2,iOS
MM_2099,2024-10-11,2024-11-11 00:00:00,Community Forum,1.9,Android
MM_2099,2024-10-11,2024-10-20 00:00:00,Period Tracker,14.4,iOS
MM_2100,2024-08-21,2024-09-30 00:00:00,Period Tracker,,iOS
MM_2100,2024-08-21,2024-08-24 00:00:00,Period Tracker,2.3,Android
MM_2101,2024-09-03,2024-10-29 00:00:00,Health Articles,11.5,Android
MM_2101,2024-09-03,2024-09-18 00:00:00,Symptom Logger,3.1,iOS
MM_2101,2024-09-03,2024-09-03 00:00:00,Symptom Logger,11.4,Android
MM_2101,2024-09-03,2024-09-21 00:00:00,Period Tracker,2.7,iOS
MM_2101,2024-09-03,2024-09-16 00:00:00,Period Tracker,9.9,iOS
MM_2101,2024-09-03,2024-09-10 00:00:00,Period Tracker,9.5,Android
MM_2101,2024-09-03,2024-09-10 00:00:00,Period Tracker,9.6,iOS
MM_2101,2024-09-03,2024-10-11 00:00:00,Period Tracker,13.9,Android
MM_2101,2024-09-03,2024-10-06 00:00:00,Symptom Logger,13.7,Android
MM_2101,2024-09-03,2024-09-30 00:00:00,Period Tracker,7.3,iOS
MM_2101,2024-09-03,2024-09-06 00:00:00,Period Tracker,8.5,Android
MM_2101,2024-09-03,2024-09-28 00:00:00,Symptom Logger,3.7,iOS
MM_2101,2024-09-03,2024-09-10 00:00:00,Period Tracker,7.5,Android
MM_2101,2024-09-03,2024-09-20 00:00:00,Period Tracker,7.2,Android
MM_2101,2024-09-03,2024-09-12 00:00:00,Period Tracker,9.5,Android
MM_2101,2024-09-03,2024-09-06 00:00:00,Symptom Logger,6.5,iOS
MM_2101,2024-09-03,2024-10-08 00:00:00,Symptom Logger,7.1,Android
MM_2102,2024-08-07,2024-10-01 00:00:00,Period Tracker,5.1,iOS
MM_2102,2024-08-07,2024-09-24 00:00:00,Community Forum,8.0,Android
MM_2102,2024-08-07,2024-08-29 00:00:00,Period Tracker,5.4,Android
MM_2102,2024-08-07,2024-09-29 00:00:00,Symptom Logger,8.2,Android
MM_2102,2024-08-07,2024-08-21 00:00:00,Period Tracker,11.4,iOS
MM_2102,2024-08-07,2024-08-21 00:00:00,Period Tracker,11.0,Android
MM_2102,2024-08-07,2024-08-25 00:00:00,Period Tracker,,Android
MM_2102,2024-08-07,2024-09-02 00:00:00,Period Tracker,1.6,iOS
MM_2102,2024-08-07,2024-08-07 00:00:00,Period Tracker,13.7,iOS
MM_2102,2024-08-07,2024-09-27 00:00:00,Community Forum,2.7,Android
MM_2102,2024-08-07,2024-08-09 00:00:00,Community Forum,9.2,Android
MM_2102,2024-08-07,2024-09-30 00:00:00,Period Tracker,7.8,iOS
MM_2102,2024-08-07,2024-08-28 00:00:00,Period Tracker,5.5,Android
MM_2102,2024-08-07,2024-09-11 00:00:00,Period Tracker,12.3,Android
MM_2103,2024-08-28,2024-09-28 00:00:00,Health Articles,3.5,Android
MM_2104,2024-09-18,2024-11-01 00:00:00,Community Forum,8.0,Android
MM_2104,2024-09-18,2024-09-20 00:00:00,Symptom Logger,,Android
MM_2104,2024-09-18,2024-11-02 00:00:00,Period Tracker,5.8,Android
MM_2105,2024-10-21,2024-11-06 00:00:00,Symptom Logger,4.0,Android
MM_2106,2024-10-16,2024-11-16 00:00:00,Period Tracker,8.2,iOS
MM_2106,2024-10-16,2024-12-03 00:00:00,Period Tracker,7.2,iOS
MM_2106,2024-10-16,2024-12-04 00:00:00,Symptom Logger,10.1,Android
MM_2106,2024-10-16,2024-10-17 00:00:00,Period Tracker,8.7,Android
MM_2106,2024-10-16,2024-11-04 00:00:00,Community Forum,6.8,Android
MM_2106,2024-10-16,2024-11-07 00:00:00,Symptom Logger,4.0,Android
MM_2106,2024-10-16,2024-11-06 00:00:00,Period Tracker,1.5,iOS
MM_2106,2024-10-16,2024-12-11 00:00:00,Community Forum,11.3,Android
MM_2106,2024-10-16,2024-11-08 00:00:00,Community Forum,10.8,Android
MM_2106,2024-10-16,2024-11-05 00:00:00,Period Tracker,9.2,Android
MM_2106,2024-10-16,2024-10-19 00:00:00,Period Tracker,8.3,Android
MM_2107,2024-10-20,2024-11-23 00:00:00,Community Forum,13.1,iOS
MM_2107,2024-10-20,2024-11-15 00:00:00,Period Tracker,7.3,Android
MM_2107,2024-10-20,2024-10-24 00:00:00,Health Articles,9.1,iOS
MM_2107,2024-10-20,2024-10-23 00:00:00,Period Tracker,3.0,iOS
MM_2107,2024-10-20,2024-12-19 00:00:00,Community Forum,9.3,Android
MM_2107,2024-10-20,2024-12-13 00:00:00,Health Articles,4.4,iOS
MM_2107,2024-10-20,2024-11-01 00:00:00,Symptom Logger,3.3,Android
MM_2107,2024-10-20,2024-11-03 00:00:00,Community Forum,5.6,Android
MM_2107,2024-10-20,2024-11-21 00:00:00,Symptom Logger,6.9,iOS
MM_2107,2024-10-20,2024-10-27 00:00:00,Period Tracker,14.2,Android
MM_2107,2024-10-20,2024-11-13 00:00:00,Symptom Logger,5.9,Android
MM_2107,2024-10-20,2024-11-09 00:00:00,Period Tracker,12.2,Android
MM_2107,2024-10-20,2024-11-24 00:00:00,Period Tracker,14.6,iOS
MM_2108,2024-08-19,2024-09-30 00:00:00,Period Tracker,14.8,Android
MM_2108,2024-08-19,2024-10-12 00:00:00,Period Tracker,4.0,iOS
MM_2108,2024-08-19,2024-08-30 00:00:00,Period Tracker,11.9,Android
MM_2108,2024-08-19,2024-10-05 00:00:00,Symptom Logger,9.1,Android
MM_2108,2024-08-19,2024-09-18 00:00:00,Period Tracker,4.2,iOS
MM_2108,2024-08-19,2024-09-19 00:00:00,Period Tracker,2.3,iOS
MM_2108,2024-08-19,2024-09-12 00:00:00,Period Tracker,1.5,iOS
MM_2108,2024-08-19,2024-09-28 00:00:00,Period Tracker,8.0,iOS
MM_2108,2024-08-19,2024-09-20 00:00:00,Community Forum,13.4,iOS
MM_2108,2024-08-19,2024-10-07 00:00:00,Period Tracker,14.6,Android
MM_2108,2024-08-19,2024-09-21 00:00:00,Period Tracker,11.2,iOS
MM_2108,2024-08-19,2024-09-11 00:00:00,Period Tracker,12.4,iOS
MM_2108,2024-08-19,2024-09-04 00:00:00,Period Tracker,10.0,Android
MM_2108,2024-08-19,2024-09-04 00:00:00,Period Tracker,10.5,Android
MM_2108,2024-08-19,2024-08-29 00:00:00,Symptom Logger,1.5,iOS
MM_2108,2024-08-19,2024-10-13 00:00:00,Period Tracker,5.8,Android
MM_2108,2024-08-19,2024-09-24 00:00:00,Period Tracker,2.9,Android
MM_2108,2024-08-19,2024-08-19 00:00:00,Health Articles,12.7,iOS
MM_2108,2024-08-19,2024-09-09 00:00:00,Period Tracker,2.9,iOS
MM_2109,2024-09-06,2024-10-25 00:00:00,Period Tracker,2.1,Android
MM_2109,2024-09-06,2024-10-31 00:00:00,Period Tracker,14.6,iOS
MM_2109,2024-09-06,2024-09-19 00:00:00,Community Forum,6.0,Android
MM_2109,2024-09-06,2024-09-26 00:00:00,Health Articles,9.8,Android
MM_2109,2024-09-06,2024-09-08 00:00:00,Health Articles,2.1,Android
MM_2110,2024-09-04,2024-10-22 00:00:00,Period Tracker,5.5,Android
MM_2110,2024-09-04,2024-10-25 00:00:00,Period Tracker,12.7,iOS
MM_2111,2024-10-13,2024-10-15 00:00:00,Period Tracker,1.3,Android
MM_2111,2024-10-13,2024-11-30 00:00:00,Symptom Logger,11.5,iOS
MM_2111,2024-10-13,2024-11-15 00:00:00,Symptom Logger,12.9,iOS
MM_2111,2024-10-13,2024-11-22 00:00:00,Period Tracker,1.0,Android
MM_2111,2024-10-13,2024-11-01 00:00:00,Period Tracker,4.2,Android
MM_2111,2024-10-13,2024-11-28 00:00:00,Period Tracker,7.2,iOS
MM_2111,2024-10-13,2024-11-06 00:00:00,Community Forum,3.1,iOS
MM_2111,2024-10-13,2024-11-30 00:00:00,Symptom Logger,1.5,Android
MM_2111,2024-10-13,2024-11-15 00:00:00,Health Articles,8.0,iOS
MM_2111,2024-10-13,2024-11-13 00:00:00,Health Articles,4.3,Android
MM_2111,2024-10-13,2024-10-26 00:00:00,Period Tracker,14.3,Android
MM_2111,2024-10-13,2024-11-17 00:00:00,Period Tracker,14.8,Android
MM_2111,2024-10-13,2024-11-26 00:00:00,Period Tracker,13.6,Android
MM_2111,2024-10-13,2024-10-26 00:00:00,Period Tracker,1.2,iOS
MM_2111,2024-10-13,2024-10-20 00:00:00,Health Articles,7.2,iOS
MM_2111,2024-10-13,2024-10-27 00:00:00,Period Tracker,5.6,Android
MM_2111,2024-10-13,2024-11-22 00:00:00,Period Tracker,15.0,iOS
MM_2111,2024-10-13,2024-12-06 00:00:00,Period Tracker,10.3,iOS
MM_2111,2024-10-13,2024-10-31 00:00:00,Period Tracker,7.8,Android
MM_2111,2024-10-13,2024-10-24 00:00:00,Symptom Logger,6.3,iOS
MM_2112,2024-08-10,2024-09-13 00:00:00,Health Articles,11.0,Android
MM_2112,2024-08-10,2024-10-04 00:00:00,Period Tracker,4.3,iOS
MM_2112,2024-08-10,2024-08-19 00:00:00,Period Tracker,2.0,iOS
MM_2112,2024-08-10,2024-08-13 00:00:00,Period Tracker,6.9,iOS
MM_2112,2024-08-10,2024-09-03 00:00:00,Period Tracker,11.1,iOS
MM_2112,2024-08-10,2024-09-15 00:00:00,Period Tracker,2.5,iOS
MM_2112,2024-08-10,2024-08-22 00:00:00,Community Forum,6.6,iOS
MM_2112,2024-08-10,2024-09-27 00:00:00,Community Forum,5.4,iOS
MM_2112,2024-08-10,2024-10-09 00:00:00,Period Tracker,6.7,iOS
MM_2112,2024-08-10,2024-09-05 00:00:00,Health Articles,5.9,Android
MM_2112,2024-08-10,2024-09-14 00:00:00,Health Articles,13.3,iOS
MM_2112,2024-08-10,2024-09-02 00:00:00,Community Forum,11.9,Android
MM_2112,2024-08-10,2024-09-17 00:00:00,Period Tracker,4.5,iOS
MM_2112,2024-08-10,2024-09-19 00:00:00,Health Articles,14.1,iOS
MM_2112,2024-08-10,2024-09-10 00:00:00,Period Tracker,6.3,iOS
MM_2112,2024-08-10,2024-09-29 00:00:00,Community Forum,6.6,Android
MM_2112,2024-08-10,2024-08-15 00:00:00,Health Articles,3.3,Android
MM_2112,2024-08-10,2024-09-12 00:00:00,Symptom Logger,3.2,Android
MM_2113,2024-08-28,2024-10-19 00:00:00,Health Articles,14.2,Android
MM_2113,2024-08-28,2024-10-25 00:00:00,Symptom Logger,10.9,Android
MM_2113,2024-08-28,2024-09-04 00:00:00,Period Tracker,11.1,Android
MM_2113,2024-08-28,2024-10-11 00:00:00,Period Tracker,10.0,Android
MM_2113,2024-08-28,2024-10-03 00:00:00,Period Tracker,4.0,iOS
MM_2114,2024-08-01,2024-09-16 00:00:00,Community Forum,8.5,Android
MM_2114,2024-08-01,2024-09-15 00:00:00,Period Tracker,4.0,iOS
MM_2114,2024-08-01,2024-08-30 00:00:00,Symptom Logger,12.1,Android
MM_2114,2024-08-01,2024-08-30 00:00:00,Community Forum,6.7,iOS
MM_2114,2024-08-01,2024-09-27 00:00:00,Symptom Logger,1.2,Android
MM_2114,2024-08-01,2024-08-28 00:00:00,Symptom Logger,6.1,iOS
MM_2114,2024-08-01,2024-09-04 00:00:00,Period Tracker,5.2,Android
MM_2114,2024-08-01,2024-08-04 00:00:00,Symptom Logger,13.8,iOS
MM_2114,2024-08-01,2024-09-10 00:00:00,Community Forum,2.0,Android
MM_2114,2024-08-01,2024-08-05 00:00:00,Symptom Logger,11.9,iOS
MM_2114,2024-08-01,2024-09-17 00:00:00,Period Tracker,9.6,iOS
MM_2114,2024-08-01,2024-08-03 00:00:00,Period Tracker,12.3,Android
MM_2115,2024-10-06,2024-11-19 00:00:00,Period Tracker,13.7,iOS
MM_2115,2024-10-06,2024-10-21 00:00:00,Period Tracker,7.8,iOS
MM_2115,2024-10-06,2024-11-18 00:00:00,Period Tracker,,iOS
MM_2115,2024-10-06,2024-11-09 00:00:00,Period Tracker,1.8,iOS
MM_2115,2024-10-06,2024-11-26 00:00:00,Community Forum,10.9,iOS
MM_2115,2024-10-06,2024-10-26 00:00:00,Period Tracker,11.9,iOS
MM_2115,2024-10-06,2024-12-03 00:00:00,Period Tracker,13.3,iOS
MM_2115,2024-10-06,2024-11-30 00:00:00,Period Tracker,11.0,iOS
MM_2115,2024-10-06,2024-11-07 00:00:00,Period Tracker,13.9,iOS
MM_2115,2024-10-06,2024-10-12 00:00:00,Period Tracker,1.7,Android
MM_2115,2024-10-06,2024-10-17 00:00:00,Period Tracker,3.3,Android
MM_2115,2024-10-06,2024-10-27 00:00:00,Period Tracker,10.8,iOS
MM_2115,2024-10-06,2024-11-23 00:00:00,Period Tracker,2.5,iOS
MM_2115,2024-10-06,2024-11-21 00:00:00,Period Tracker,8.1,iOS
MM_2115,2024-10-06,2024-12-01 00:00:00,Community Forum,7.1,Android
MM_2115,2024-10-06,2024-10-21 00:00:00,Symptom Logger,10.8,iOS
MM_2115,2024-10-06,2024-10-26 00:00:00,Symptom Logger,5.8,Android
MM_2115,2024-10-06,2024-11-11 00:00:00,Period Tracker,3.4,iOS
MM_2115,2024-10-06,2024-11-01 00:00:00,Symptom Logger,11.0,iOS
MM_2115,2024-10-06,2024-11-27 00:00:00,Health Articles,5.7,Android
MM_2116,2024-08-30,2024-10-21 00:00:00,Community Forum,7.1,Android
MM_2116,2024-08-30,2024-09-14 00:00:00,Symptom Logger,4.7,Android
MM_2116,2024-08-30,2024-09-05 00:00:00,Period Tracker,11.6,Android
MM_2116,2024-08-30,2024-09-02 00:00:00,Community Forum,3.0,Android
MM_2116,2024-08-30,2024-09-13 00:00:00,Community Forum,12.7,Android
MM_2116,2024-08-30,2024-10-24 00:00:00,Period Tracker,11.1,Android
MM_2117,2024-09-29,2024-10-14 00:00:00,Period Tracker,7.1,iOS
MM_2117,2024-09-29,2024-11-21 00:00:00,Symptom Logger,2.3,iOS
MM_2117,2024-09-29,2024-10-12 00:00:00,Period Tracker,1.3,Android
MM_2118,2024-10-24,2024-12-12 00:00:00,Community Forum,6.9,Android
MM_2118,2024-10-24,2024-12-07 00:00:00,Period Tracker,9.2,iOS
MM_2118,2024-10-24,2024-10-26 00:00:00,Community Forum,2.2,iOS
MM_2118,2024-10-24,2024-11-08 00:00:00,Symptom Logger,6.9,Android
MM_2118,2024-10-24,2024-11-27 00:00:00,Period Tracker,11.8,iOS
MM_2118,2024-10-24,2024-10-27 00:00:00,Period Tracker,14.9,Android
MM_2118,2024-10-24,2024-11-04 00:00:00,Symptom Logger,12.8,Android
MM_2118,2024-10-24,2024-11-15 00:00:00,Community Forum,,Android
MM_2118,2024-10-24,2024-11-19 00:00:00,Period Tracker,11.8,iOS
MM_2118,2024-10-24,2024-12-01 00:00:00,Community Forum,1.3,iOS
MM_2118,2024-10-24,2024-11-23 00:00:00,Period Tracker,1.6,iOS
MM_2118,2024-10-24,2024-12-11 00:00:00,Period Tracker,8.3,iOS
MM_2119,2024-10-27,2024-12-21 00:00:00,Community Forum,3.2,Android
MM_2119,2024-10-27,2024-12-08 00:00:00,Community Forum,8.8,iOS
MM_2119,2024-10-27,2024-12-16 00:00:00,Community Forum,1.0,iOS
MM_2119,2024-10-27,2024-11-30 00:00:00,Period Tracker,8.6,iOS
MM_2119,2024-10-27,2024-12-14 00:00:00,Period Tracker,14.2,Android
MM_2119,2024-10-27,2024-11-11 00:00:00,Symptom Logger,3.1,iOS
MM_2119,2024-10-27,2024-11-02 00:00:00,Period Tracker,2.0,iOS
MM_2119,2024-10-27,2024-11-01 00:00:00,Health Articles,2.7,Android
MM_2119,2024-10-27,2024-12-19 00:00:00,Period Tracker,14.7,iOS
MM_2119,2024-10-27,2024-12-23 00:00:00,Symptom Logger,11.5,Android
MM_2119,2024-10-27,2024-12-21 00:00:00,Period Tracker,14.4,Android
MM_2119,2024-10-27,2024-11-24 00:00:00,Period Tracker,,Android
MM_2119,2024-10-27,2024-11-10 00:00:00,Symptom Logger,7.7,Android
MM_2119,2024-10-27,2024-12-18 00:00:00,Period Tracker,11.4,Android
MM_2119,2024-10-27,2024-11-07 00:00:00,Community Forum,1.8,Android
MM_2120,2024-08-17,2024-08-17 00:00:00,Period Tracker,5.4,Android
MM_2120,2024-08-17,2024-09-15 00:00:00,Period Tracker,1.9,Android
MM_2120,2024-08-17,2024-09-26 00:00:00,Community Forum,4.7,Android
MM_2120,2024-08-17,2024-10-08 00:00:00,Symptom Logger,11.5,Android
MM_2120,2024-08-17,2024-08-20 00:00:00,Period Tracker,13.5,iOS
MM_2120,2024-08-17,2024-09-24 00:00:00,Period Tracker,9.4,Android
MM_2120,2024-08-17,2024-09-22 00:00:00,Period Tracker,3.8,Android
MM_2120,2024-08-17,2024-09-22 00:00:00,Symptom Logger,6.8,Android
MM_2120,2024-08-17,2024-09-21 00:00:00,Period Tracker,9.1,iOS
MM_2120,2024-08-17,2024-08-19 00:00:00,Period Tracker,7.2,iOS
MM_2120,2024-08-17,2024-10-11 00:00:00,Period Tracker,14.7,iOS
MM_2121,2024-09-14,2024-10-01 00:00:00,Health Articles,8.8,Android
MM_2121,2024-09-14,2024-10-17 00:00:00,Symptom Logger,7.7,Android
MM_2121,2024-09-14,2024-10-30 00:00:00,Health Articles,10.8,Android
MM_2121,2024-09-14,2024-10-08 00:00:00,Period Tracker,1.5,Android
MM_2121,2024-09-14,2024-10-07 00:00:00,Period Tracker,12.2,Android
MM_2121,2024-09-14,2024-10-23 00:00:00,Community Forum,3.6,Android
MM_2121,2024-09-14,2024-11-12 00:00:00,Community Forum,5.7,iOS
MM_2121,2024-09-14,2024-10-01 00:00:00,Community Forum,8.7,iOS
MM_2121,2024-09-14,2024-10-26 00:00:00,Symptom Logger,2.5,iOS
MM_2121,2024-09-14,2024-09-27 00:00:00,Community Forum,,iOS
MM_2121,2024-09-14,2024-09-24 00:00:00,Health Articles,9.9,Android
MM_2121,2024-09-14,2024-11-01 00:00:00,Period Tracker,10.4,iOS
MM_2121,2024-09-14,2024-10-07 00:00:00,Period Tracker,12.7,iOS
MM_2121,2024-09-14,2024-11-06 00:00:00,Health Articles,6.2,Android
MM_2121,2024-09-14,2024-09-30 00:00:00,Symptom Logger,4.2,iOS
MM_2121,2024-09-14,2024-10-27 00:00:00,Period Tracker,5.6,Android
MM_2121,2024-09-14,2024-09-14 00:00:00,Period Tracker,7.7,iOS
MM_2122,2024-09-11,2024-10-12 00:00:00,Symptom Logger,2.0,iOS
MM_2122,2024-09-11,2024-10-29 00:00:00,Period Tracker,6.9,iOS
MM_2122,2024-09-11,2024-10-26 00:00:00,Period Tracker,3.9,Android
MM_2122,2024-09-11,2024-09-26 00:00:00,Period Tracker,8.7,Android
MM_2122,2024-09-11,2024-10-03 00:00:00,Period Tracker,1.3,Android
MM_2122,2024-09-11,2024-09-20 00:00:00,Period Tracker,14.6,iOS
MM_2122,2024-09-11,2024-09-25 00:00:00,Period Tracker,14.5,Android
MM_2122,2024-09-11,2024-09-30 00:00:00,Community Forum,5.2,iOS
MM_2122,2024-09-11,2024-09-12 00:00:00,Period Tracker,9.0,iOS
MM_2122,2024-09-11,2024-10-05 00:00:00,Period Tracker,2.7,Android
MM_2122,2024-09-11,2024-09-24 00:00:00,Symptom Logger,3.1,Android
MM_2122,2024-09-11,2024-09-17 00:00:00,Period Tracker,4.8,iOS
MM_2122,2024-09-11,2024-10-02 00:00:00,Period Tracker,14.2,Android
MM_2122,2024-09-11,2024-10-06 00:00:00,Period Tracker,11.5,Android
MM_2122,2024-09-11,2024-10-17 00:00:00,Period Tracker,12.7,Android
MM_2122,2024-09-11,2024-10-17 00:00:00,Symptom Logger,7.8,iOS
MM_2123,2024-08-10,2024-09-16 00:00:00,Period Tracker,3.4,iOS
MM_2123,2024-08-10,2024-08-12 00:00:00,Community Forum,3.2,Android
MM_2124,2024-09-05,2024-09-28 00:00:00,Symptom Logger,6.9,iOS
MM_2124,2024-09-05,2024-09-23 00:00:00,Health Articles,4.3,iOS
MM_2124,2024-09-05,2024-10-29 00:00:00,Period Tracker,11.7,iOS
MM_2124,2024-09-05,2024-10-24 00:00:00,Period Tracker,13.0,iOS
MM_2124,2024-09-05,2024-10-27 00:00:00,Period Tracker,10.5,Android
MM_2125,2024-10-22,2024-10-22 00:00:00,Period Tracker,11.8,iOS
MM_2125,2024-10-22,2024-10-28 00:00:00,Period Tracker,2.2,iOS
MM_2125,2024-10-22,2024-11-22 00:00:00,Period Tracker,3.2,Android
MM_2125,2024-10-22,2024-10-25 00:00:00,Period Tracker,2.6,iOS
MM_2125,2024-10-22,2024-11-15 00:00:00,Symptom Logger,12.4,Android
MM_2125,2024-10-22,2024-11-12 00:00:00,Period Tracker,2.7,iOS
MM_2125,2024-10-22,2024-12-02 00:00:00,Community Forum,14.6,Android
MM_2125,2024-10-22,2024-12-18 00:00:00,Period Tracker,12.8,iOS
MM_2125,2024-10-22,2024-11-15 00:00:00,Period Tracker,2.9,Android
MM_2125,2024-10-22,2024-11-12 00:00:00,Period Tracker,9.9,Android
MM_2126,2024-10-05,2024-11-03 00:00:00,Period Tracker,4.9,iOS
MM_2126,2024-10-05,2024-11-14 00:00:00,Symptom Logger,14.1,Android
MM_2126,2024-10-05,2024-10-25 00:00:00,Period Tracker,12.4,iOS
MM_2126,2024-10-05,2024-12-01 00:00:00,Symptom Logger,2.0,Android
MM_2126,2024-10-05,2024-10-08 00:00:00,Period Tracker,10.1,Android
MM_2126,2024-10-05,2024-10-27 00:00:00,Health Articles,10.3,Android
MM_2126,2024-10-05,2024-11-10 00:00:00,Period Tracker,7.9,iOS
MM_2126,2024-10-05,2024-10-16 00:00:00,Period Tracker,10.6,Android
MM_2126,2024-10-05,2024-10-19 00:00:00,Period Tracker,7.0,iOS
MM_2126,2024-10-05,2024-11-11 00:00:00,Period Tracker,,Android
MM_2127,2024-08-27,2024-09-29 00:00:00,Period Tracker,7.7,Android
MM_2127,2024-08-27,2024-09-08 00:00:00,Period Tracker,10.3,iOS
MM_2127,2024-08-27,2024-09-04 00:00:00,Period Tracker,3.6,Android
MM_2127,2024-08-27,2024-10-06 00:00:00,Period Tracker,8.1,Android
MM_2127,2024-08-27,2024-09-25 00:00:00,Symptom Logger,12.5,iOS
MM_2128,2024-09-24,2024-10-30 00:00:00,Period Tracker,4.9,Android
MM_2128,2024-09-24,2024-10-13 00:00:00,Period Tracker,10.6,Android
MM_2128,2024-09-24,2024-09-30 00:00:00,Symptom Logger,5.8,iOS
MM_2128,2024-09-24,2024-10-09 00:00:00,Period Tracker,,iOS
MM_2128,2024-09-24,2024-10-25 00:00:00,Period Tracker,6.0,Android
MM_2128,2024-09-24,2024-10-26 00:00:00,Period Tracker,6.1,iOS
MM_2128,2024-09-24,2024-10-08 00:00:00,Health Articles,1.6,iOS
MM_2128,2024-09-24,2024-09-29 00:00:00,Period Tracker,1.2,iOS
MM_2128,2024-09-24,2024-11-02 00:00:00,Period Tracker,9.6,Android
MM_2128,2024-09-24,2024-10-10 00:00:00,Symptom Logger,10.4,Android
MM_2128,2024-09-24,2024-11-02 00:00:00,Period Tracker,10.2,iOS
MM_2128,2024-09-24,2024-10-12 00:00:00,Period Tracker,6.7,iOS
MM_2128,2024-09-24,2024-10-29 00:00:00,Health Articles,1.5,Android
MM_2128,2024-09-24,2024-11-05 00:00:00,Symptom Logger,2.5,Android
MM_2128,2024-09-24,2024-11-19 00:00:00,Period Tracker,8.0,Android
MM_2128,2024-09-24,2024-09-25 00:00:00,Period Tracker,11.6,iOS
MM_2129,2024-08-28,2024-10-26 00:00:00,Symptom Logger,14.4,Android
MM_2130,2024-09-19,2024-11-03 00:00:00,Community Forum,10.7,Android
MM_2131,2024-08-12,2024-08-22 00:00:00,Health Articles,5.3,Android
MM_2131,2024-08-12,2024-09-24 00:00:00,Symptom Logger,14.8,Android
MM_2131,2024-08-12,2024-09-24 00:00:00,Period Tracker,10.0,Android
MM_2131,2024-08-12,2024-08-18 00:00:00,Period Tracker,5.6,iOS
MM_2131,2024-08-12,2024-09-22 00:00:00,Symptom Logger,6.6,iOS
MM_2132,2024-08-19,2024-09-07 00:00:00,Period Tracker,14.7,iOS
MM_2133,2024-10-22,2024-10-25 00:00:00,Symptom Logger,3.9,iOS
MM_2133,2024-10-22,2024-11-16 00:00:00,Period Tracker,2.7,iOS
MM_2133,2024-10-22,2024-11-09 00:00:00,Community Forum,13.1,Android
MM_2133,2024-10-22,2024-12-10 00:00:00,Community Forum,4.7,iOS
MM_2133,2024-10-22,2024-11-22 00:00:00,Period Tracker,13.8,Android
MM_2133,2024-10-22,2024-12-10 00:00:00,Period Tracker,3.0,Android
MM_2133,2024-10-22,2024-11-09 00:00:00,Period Tracker,,Android
MM_2133,2024-10-22,2024-11-13 00:00:00,Period Tracker,,iOS
MM_2133,2024-10-22,2024-10-23 00:00:00,Symptom Logger,2.5,iOS
MM_2133,2024-10-22,2024-10-24 00:00:00,Period Tracker,7.7,iOS
MM_2134,2024-10-05,2024-11-25 00:00:00,Health Articles,4.0,Android
MM_2134,2024-10-05,2024-11-15 00:00:00,Symptom Logger,2.6,Android
MM_2134,2024-10-05,2024-10-23 00:00:00,Period Tracker,3.0,Android
MM_2134,2024-10-05,2024-11-24 00:00:00,Period Tracker,13.8,Android
MM_2134,2024-10-05,2024-11-07 00:00:00,Period Tracker,2.0,Android
MM_2134,2024-10-05,2024-10-09 00:00:00,Period Tracker,11.2,iOS
MM_2134,2024-10-05,2024-12-04 00:00:00,Health Articles,8.3,Android
MM_2134,2024-10-05,2024-10-05 00:00:00,Period Tracker,3.2,iOS
MM_2134,2024-10-05,2024-12-04 00:00:00,Health Articles,11.6,Android
MM_2135,2024-10-05,2024-11-29 00:00:00,Community Forum,8.6,Android
MM_2135,2024-10-05,2024-10-17 00:00:00,Symptom Logger,10.0,Android
MM_2135,2024-10-05,2024-11-28 00:00:00,Health Articles,7.9,Android
MM_2136,2024-10-28,2024-12-18 00:00:00,Period Tracker,9.9,Android
MM_2136,2024-10-28,2024-12-26 00:00:00,Community Forum,1.6,Android
MM_2136,2024-10-28,2024-12-03 00:00:00,Period Tracker,12.1,Android
MM_2137,2024-10-22,2024-11-05 00:00:00,Community Forum,3.9,Android
MM_2137,2024-10-22,2024-12-21 00:00:00,Community Forum,2.0,Android
MM_2137,2024-10-22,2024-11-14 00:00:00,Period Tracker,11.4,Android
MM_2137,2024-10-22,2024-11-04 00:00:00,Period Tracker,13.2,iOS
MM_2137,2024-10-22,2024-11-11 00:00:00,Symptom Logger,2.4,iOS
MM_2137,2024-10-22,2024-11-06 00:00:00,Period Tracker,8.8,iOS
MM_2137,2024-10-22,2024-11-29 00:00:00,Period Tracker,1.7,Android
MM_2137,2024-10-22,2024-11-27 00:00:00,Symptom Logger,7.6,Android
MM_2137,2024-10-22,2024-11-22 00:00:00,Symptom Logger,6.1,iOS
MM_2137,2024-10-22,2024-10-22 00:00:00,Period Tracker,7.0,iOS
MM_2137,2024-10-22,2024-10-29 00:00:00,Community Forum,2.5,Android
MM_2137,2024-10-22,2024-11-23 00:00:00,Period Tracker,9.6,Android
MM_2137,2024-10-22,2024-10-25 00:00:00,Health Articles,5.2,iOS
MM_2137,2024-10-22,2024-12-05 00:00:00,Symptom Logger,8.4,Android
MM_2137,2024-10-22,2024-11-05 00:00:00,Period Tracker,13.8,Android
MM_2137,2024-10-22,2024-12-15 00:00:00,Community Forum,3.7,Android
MM_2138,2024-10-07,2024-10-24 00:00:00,Health Articles,9.7,Android
MM_2138,2024-10-07,2024-11-19 00:00:00,Period Tracker,11.8,Android
MM_2138,2024-10-07,2024-12-01 00:00:00,Period Tracker,7.9,iOS
MM_2138,2024-10-07,2024-10-08 00:00:00,Period Tracker,11.5,Android
MM_2138,2024-10-07,2024-11-07 00:00:00,Period Tracker,9.7,iOS
MM_2138,2024-10-07,2024-11-07 00:00:00,Symptom Logger,5.6,Android
MM_2138,2024-10-07,2024-10-28 00:00:00,Period Tracker,10.1,iOS
MM_2138,2024-10-07,2024-11-18 00:00:00,Community Forum,4.1,iOS
MM_2138,2024-10-07,2024-11-19 00:00:00,Period Tracker,13.9,iOS
MM_2138,2024-10-07,2024-11-25 00:00:00,Symptom Logger,3.7,iOS
MM_2138,2024-10-07,2024-10-21 00:00:00,Period Tracker,9.7,iOS
MM_2138,2024-10-07,2024-10-11 00:00:00,Symptom Logger,14.9,iOS
MM_2138,2024-10-07,2024-12-05 00:00:00,Period Tracker,10.0,Android
MM_2138,2024-10-07,2024-10-18 00:00:00,Period Tracker,,iOS
MM_2138,2024-10-07,2024-10-09 00:00:00,Period Tracker,11.1,Android
MM_2138,2024-10-07,2024-12-04 00:00:00,Symptom Logger,5.5,Android
MM_2138,2024-10-07,2024-11-02 00:00:00,Community Forum,3.1,iOS
MM_2138,2024-10-07,2024-10-17 00:00:00,Period Tracker,1.7,iOS
MM_2139,2024-08-09,2024-09-06 00:00:00,Health Articles,12.8,Android
MM_2139,2024-08-09,2024-10-02 00:00:00,Period Tracker,5.5,Android
MM_2139,2024-08-09,2024-10-06 00:00:00,Period Tracker,14.4,iOS
MM_2139,2024-08-09,2024-09-03 00:00:00,Community Forum,14.8,iOS
MM_2139,2024-08-09,2024-10-03 00:00:00,Period Tracker,4.2,iOS
MM_2139,2024-08-09,2024-08-29 00:00:00,Period Tracker,7.1,Android
MM_2139,2024-08-09,2024-09-21 00:00:00,Symptom Logger,4.7,iOS
MM_2139,2024-08-09,2024-09-07 00:00:00,Symptom Logger,14.3,Android
MM_2139,2024-08-09,2024-09-18 00:00:00,Period Tracker,3.1,Android
MM_2139,2024-08-09,2024-09-02 00:00:00,Period Tracker,9.6,Android
MM_2140,2024-08-27,2024-09-28 00:00:00,Period Tracker,6.6,Android
MM_2140,2024-08-27,2024-09-09 00:00:00,Period Tracker,4.1,iOS
MM_2141,2024-08-18,2024-10-07 00:00:00,Health Articles,2.2,iOS
MM_2141,2024-08-18,2024-09-11 00:00:00,Period Tracker,,iOS
MM_2141,2024-08-18,2024-09-06 00:00:00,Symptom Logger,12.2,iOS
MM_2141,2024-08-18,2024-08-31 00:00:00,Health Articles,5.4,Android
MM_2141,2024-08-18,2024-09-30 00:00:00,Symptom Logger,2.6,Android
MM_2141,2024-08-18,2024-09-06 00:00:00,Period Tracker,14.1,iOS
MM_2141,2024-08-18,2024-09-26 00:00:00,Period Tracker,7.3,Android
MM_2141,2024-08-18,2024-08-22 00:00:00,Period Tracker,13.4,iOS
MM_2141,2024-08-18,2024-08-25 00:00:00,Period Tracker,13.8,Android
MM_2141,2024-08-18,2024-08-29 00:00:00,Community Forum,14.1,iOS
MM_2141,2024-08-18,2024-09-20 00:00:00,Symptom Logger,13.6,iOS
MM_2141,2024-08-18,2024-09-23 00:00:00,Period Tracker,12.3,iOS
MM_2141,2024-08-18,2024-09-10 00:00:00,Period Tracker,9.3,iOS
MM_2141,2024-08-18,2024-08-21 00:00:00,Community Forum,9.9,Android
MM_2141,2024-08-18,2024-09-24 00:00:00,Community Forum,12.5,iOS
MM_2141,2024-08-18,2024-08-24 00:00:00,Symptom Logger,8.5,Android
MM_2141,2024-08-18,2024-09-09 00:00:00,Period Tracker,12.8,Android
MM_2141,2024-08-18,2024-09-02 00:00:00,Period Tracker,10.5,iOS
MM_2141,2024-08-18,2024-08-26 00:00:00,Period Tracker,9.9,iOS
MM_2141,2024-08-18,2024-10-02 00:00:00,Period Tracker,2.0,iOS
MM_2142,2024-08-24,2024-09-28 00:00:00,Period Tracker,3.8,Android
MM_2142,2024-08-24,2024-09-23 00:00:00,Period Tracker,7.6,iOS
MM_2142,2024-08-24,2024-09-20 00:00:00,Period Tracker,6.8,iOS
MM_2142,2024-08-24,2024-10-23 00:00:00,Symptom Logger,9.6,Android
MM_2142,2024-08-24,2024-09-12 00:00:00,Period Tracker,5.3,iOS
MM_2142,2024-08-24,2024-09-23 00:00:00,Period Tracker,14.9,Android
MM_2142,2024-08-24,2024-09-05 00:00:00,Period Tracker,13.6,iOS
MM_2142,2024-08-24,2024-09-22 00:00:00,Period Tracker,6.0,Android
MM_2142,2024-08-24,2024-09-11 00:00:00,Period Tracker,5.3,Android
MM_2142,2024-08-24,2024-09-29 00:00:00,Period Tracker,3.8,Android
MM_2142,2024-08-24,2024-10-20 00:00:00,Symptom Logger,9.5,Android
MM_2142,2024-08-24,2024-10-09 00:00:00,Period Tracker,12.2,iOS
MM_2142,2024-08-24,2024-10-14 00:00:00,Community Forum,3.9,iOS
MM_2142,2024-08-24,2024-10-21 00:00:00,Period Tracker,3.4,iOS
MM_2142,2024-08-24,2024-10-12 00:00:00,Community Forum,2.7,Android
MM_2142,2024-08-24,2024-10-23 00:00:00,Community Forum,6.7,Android
MM_2142,2024-08-24,2024-09-17 00:00:00,Period Tracker,9.6,Android
MM_2143,2024-10-28,2024-12-14 00:00:00,Symptom Logger,4.0,Android
MM_2143,2024-10-28,2024-11-19 00:00:00,Period Tracker,14.6,Android
MM_2143,2024-10-28,2024-12-22 00:00:00,Period Tracker,11.1,iOS
MM_2143,2024-10-28,2024-11-21 00:00:00,Period Tracker,4.2,iOS
MM_2143,2024-10-28,2024-11-10 00:00:00,Community Forum,12.1,Android
MM_2143,2024-10-28,2024-12-03 00:00:00,Period Tracker,6.1,Android
MM_2143,2024-10-28,2024-12-22 00:00:00,Health Articles,7.5,iOS
MM_2143,2024-10-28,2024-11-15 00:00:00,Period Tracker,1.2,iOS
MM_2143,2024-10-28,2024-11-23 00:00:00,Symptom Logger,8.4,Android
MM_2144,2024-09-12,2024-09-17 00:00:00,Symptom Logger,10.0,iOS
MM_2144,2024-09-12,2024-10-26 00:00:00,Community Forum,4.2,Android
MM_2145,2024-10-22,2024-12-06 00:00:00,Symptom Logger,4.3,iOS
MM_2145,2024-10-22,2024-11-07 00:00:00,Period Tracker,2.3,iOS
MM_2145,2024-10-22,2024-11-14 00:00:00,Period Tracker,4.0,Android
MM_2146,2024-10-06,2024-10-18 00:00:00,Period Tracker,5.0,iOS
MM_2146,2024-10-06,2024-11-12 00:00:00,Community Forum,8.7,iOS
MM_2146,2024-10-06,2024-10-06 00:00:00,Period Tracker,7.0,Android
MM_2146,2024-10-06,2024-11-30 00:00:00,Health Articles,11.4,Android
MM_2146,2024-10-06,2024-10-21 00:00:00,Period Tracker,7.0,iOS
MM_2146,2024-10-06,2024-11-25 00:00:00,Period Tracker,13.7,iOS
MM_2146,2024-10-06,2024-10-06 00:00:00,Community Forum,14.4,iOS
MM_2146,2024-10-06,2024-11-11 00:00:00,Period Tracker,14.1,iOS
MM_2146,2024-10-06,2024-10-22 00:00:00,Period Tracker,2.2,Android
MM_2146,2024-10-06,2024-11-10 00:00:00,Period Tracker,12.4,iOS
MM_2146,2024-10-06,2024-12-03 00:00:00,Symptom Logger,1.1,iOS
MM_2146,2024-10-06,2024-11-12 00:00:00,Period Tracker,3.5,iOS
MM_2146,2024-10-06,2024-10-06 00:00:00,Symptom Logger,1.6,iOS
MM_2147,2024-08-03,2024-09-11 00:00:00,Community Forum,10.8,iOS
MM_2147,2024-08-03,2024-08-29 00:00:00,Health Articles,13.6,iOS
MM_2147,2024-08-03,2024-09-13 00:00:00,Period Tracker,9.7,iOS
MM_2147,2024-08-03,2024-09-19 00:00:00,Community Forum,5.1,Android
MM_2147,2024-08-03,2024-09-22 00:00:00,Symptom Logger,9.8,iOS
MM_2147,2024-08-03,2024-08-22 00:00:00,Period Tracker,6.2,Android
MM_2147,2024-08-03,2024-09-25 00:00:00,Period Tracker,6.6,Android
MM_2147,2024-08-03,2024-09-08 00:00:00,Period Tracker,14.3,Android
MM_2147,2024-08-03,2024-09-28 00:00:00,Health Articles,4.6,Android
MM_2148,2024-10-04,2024-10-24 00:00:00,Period Tracker,7.0,Android
MM_2148,2024-10-04,2024-11-01 00:00:00,Community Forum,13.9,Android
MM_2148,2024-10-04,2024-11-07 00:00:00,Period Tracker,4.4,Android
MM_2148,2024-10-04,2024-11-18 00:00:00,Period Tracker,5.2,Android
MM_2148,2024-10-04,2024-11-08 00:00:00,Period Tracker,6.9,Android
MM_2148,2024-10-04,2024-10-11 00:00:00,Period Tracker,3.4,Android
MM_2148,2024-10-04,2024-10-18 00:00:00,Symptom Logger,14.0,iOS
MM_2148,2024-10-04,2024-10-18 00:00:00,Period Tracker,12.7,Android
MM_2148,2024-10-04,2024-11-11 00:00:00,Period Tracker,11.9,Android
MM_2148,2024-10-04,2024-11-14 00:00:00,Period Tracker,7.2,iOS
MM_2149,2024-10-20,2024-10-25 00:00:00,Period Tracker,1.6,Android
MM_2149,2024-10-20,2024-11-20 00:00:00,Community Forum,6.6,iOS
MM_2149,2024-10-20,2024-11-17 00:00:00,Period Tracker,8.1,iOS
MM_2149,2024-10-20,2024-11-15 00:00:00,Period Tracker,14.0,Android
MM_2149,2024-10-20,2024-11-03 00:00:00,Health Articles,10.5,iOS
MM_2149,2024-10-20,2024-10-27 00:00:00,Period Tracker,10.3,Android
MM_2150,2024-10-11,2024-11-14 00:00:00,Health Articles,7.8,Android
MM_2151,2024-09-11,2024-09-16 00:00:00,Period Tracker,,iOS
MM_2151,2024-09-11,2024-10-11 00:00:00,Symptom Logger,6.4,Android
MM_2151,2024-09-11,2024-09-25 00:00:00,Period Tracker,4.3,Android
MM_2152,2024-10-10,2024-10-27 00:00:00,Period Tracker,1.6,Android
MM_2152,2024-10-10,2024-11-16 00:00:00,Period Tracker,2.9,Android
MM_2152,2024-10-10,2024-10-12 00:00:00,Period Tracker,6.7,iOS
MM_2152,2024-10-10,2024-10-20 00:00:00,Symptom Logger,14.2,Android
MM_2152,2024-10-10,2024-12-03 00:00:00,Period Tracker,14.5,Android
MM_2152,2024-10-10,2024-11-15 00:00:00,Period Tracker,5.4,iOS
MM_2152,2024-10-10,2024-10-29 00:00:00,Symptom Logger,8.7,Android
MM_2152,2024-10-10,2024-11-06 00:00:00,Health Articles,2.5,Android
MM_2152,2024-10-10,2024-11-27 00:00:00,Period Tracker,9.3,iOS
MM_2152,2024-10-10,2024-12-08 00:00:00,Symptom Logger,9.8,iOS
MM_2152,2024-10-10,2024-11-18 00:00:00,Period Tracker,12.0,iOS
MM_2152,2024-10-10,2024-12-03 00:00:00,Symptom Logger,8.1,iOS
MM_2152,2024-10-10,2024-10-16 00:00:00,Period Tracker,9.8,iOS
MM_2152,2024-10-10,2024-11-10 00:00:00,Symptom Logger,13.7,iOS
MM_2152,2024-10-10,2024-11-29 00:00:00,Symptom Logger,5.9,iOS
MM_2152,2024-10-10,2024-10-12 00:00:00,Community Forum,10.1,Android
MM_2152,2024-10-10,2024-10-15 00:00:00,Period Tracker,3.0,iOS
MM_2152,2024-10-10,2024-11-27 00:00:00,Period Tracker,3.2,Android
MM_2152,2024-10-10,2024-11-14 00:00:00,Period Tracker,8.1,Android
MM_2152,2024-10-10,2024-11-15 00:00:00,Symptom Logger,9.1,iOS
MM_2153,2024-09-22,2024-10-31 00:00:00,Health Articles,,iOS
MM_2154,2024-09-02,2024-10-22 00:00:00,Symptom Logger,6.4,Android
MM_2155,2024-08-27,2024-09-06 00:00:00,Period Tracker,5.1,iOS
MM_2156,2024-09-26,2024-10-17 00:00:00,Period Tracker,14.2,Android
MM_2157,2024-08-15,2024-09-29 00:00:00,Period Tracker,6.9,Android
MM_2157,2024-08-15,2024-09-11 00:00:00,Period Tracker,2.4,Android
MM_2157,2024-08-15,2024-09-08 00:00:00,Period Tracker,9.5,iOS
MM_2158,2024-08-16,2024-08-24 00:00:00,Symptom Logger,13.2,iOS
MM_2158,2024-08-16,2024-10-15 00:00:00,Symptom Logger,14.1,iOS
MM_2159,2024-08-26,2024-10-11 00:00:00,Community Forum,9.0,Android
MM_2159,2024-08-26,2024-09-06 00:00:00,Period Tracker,2.0,iOS
MM_2159,2024-08-26,2024-08-29 00:00:00,Period Tracker,8.5,iOS
MM_2159,2024-08-26,2024-09-22 00:00:00,Period Tracker,13.1,Android
MM_2159,2024-08-26,2024-10-08 00:00:00,Period Tracker,9.4,iOS
MM_2159,2024-08-26,2024-09-04 00:00:00,Community Forum,13.6,Android
MM_2159,2024-08-26,2024-08-29 00:00:00,Community Forum,4.2,iOS
MM_2159,2024-08-26,2024-10-09 00:00:00,Period Tracker,13.2,iOS
MM_2159,2024-08-26,2024-09-13 00:00:00,Period Tracker,6.2,Android
MM_2159,2024-08-26,2024-09-12 00:00:00,Symptom Logger,11.4,Android
MM_2159,2024-08-26,2024-10-19 00:00:00,Symptom Logger,12.2,Android
MM_2159,2024-08-26,2024-10-07 00:00:00,Period Tracker,14.0,iOS
MM_2159,2024-08-26,2024-10-03 00:00:00,Period Tracker,,Android
MM_2159,2024-08-26,2024-09-03 00:00:00,Period Tracker,10.3,iOS
MM_2159,2024-08-26,2024-09-11 00:00:00,Symptom Logger,1.9,Android
MM_2159,2024-08-26,2024-09-05 00:00:00,Period Tracker,14.4,iOS
MM_2159,2024-08-26,2024-10-13 00:00:00,Period Tracker,8.5,iOS
MM_2160,2024-10-26,2024-11-04 00:00:00,Period Tracker,14.8,iOS
MM_2160,2024-10-26,2024-11-01 00:00:00,Period Tracker,4.2,Android
MM_2160,2024-10-26,2024-12-13 00:00:00,Period Tracker,14.8,Android
MM_2160,2024-10-26,2024-11-22 00:00:00,Symptom Logger,10.1,iOS
MM_2160,2024-10-26,2024-12-04 00:00:00,Symptom Logger,8.9,Android
MM_2160,2024-10-26,2024-12-08 00:00:00,Period Tracker,7.6,iOS
MM_2160,2024-10-26,2024-11-24 00:00:00,Symptom Logger,12.2,iOS
MM_2160,2024-10-26,2024-12-09 00:00:00,Symptom Logger,2.3,iOS
MM_2160,2024-10-26,2024-12-07 00:00:00,Period Tracker,9.7,Android
MM_2161,2024-09-05,2024-09-07 00:00:00,Symptom Logger,14.6,Android
MM_2161,2024-09-05,2024-10-03 00:00:00,Period Tracker,6.8,iOS
MM_2161,2024-09-05,2024-10-18 00:00:00,Health Articles,3.6,iOS
MM_2161,2024-09-05,2024-10-21 00:00:00,Symptom Logger,12.1,Android
MM_2161,2024-09-05,2024-10-01 00:00:00,Health Articles,6.5,Android
MM_2161,2024-09-05,2024-10-16 00:00:00,Period Tracker,3.5,Android
MM_2161,2024-09-05,2024-10-26 00:00:00,Period Tracker,1.7,iOS
MM_2161,2024-09-05,2024-10-29 00:00:00,Period Tracker,5.4,Android
MM_2161,2024-09-05,2024-09-23 00:00:00,Period Tracker,6.5,iOS
MM_2161,2024-09-05,2024-09-15 00:00:00,Symptom Logger,2.6,iOS
MM_2161,2024-09-05,2024-09-29 00:00:00,Community Forum,11.9,iOS
MM_2161,2024-09-05,2024-10-31 00:00:00,Period Tracker,9.8,Android
MM_2161,2024-09-05,2024-10-10 00:00:00,Period Tracker,2.8,Android
MM_2161,2024-09-05,2024-10-26 00:00:00,Period Tracker,3.7,Android
MM_2161,2024-09-05,2024-09-29 00:00:00,Period Tracker,5.5,Android
MM_2161,2024-09-05,2024-10-08 00:00:00,Period Tracker,9.0,iOS
MM_2161,2024-09-05,2024-09-27 00:00:00,Health Articles,4.9,iOS
MM_2161,2024-09-05,2024-11-02 00:00:00,Symptom Logger,3.4,iOS
MM_2161,2024-09-05,2024-09-19 00:00:00,Symptom Logger,6.4,iOS
MM_2162,2024-09-06,2024-10-29 00:00:00,Symptom Logger,9.5,Android
MM_2162,2024-09-06,2024-10-13 00:00:00,Health Articles,11.6,Android
MM_2163,2024-10-07,2024-12-05 00:00:00,Period Tracker,11.0,Android
MM_2163,2024-10-07,2024-11-22 00:00:00,Period Tracker,2.6,iOS
MM_2163,2024-10-07,2024-10-14 00:00:00,Period Tracker,5.1,iOS
MM_2163,2024-10-07,2024-11-22 00:00:00,Health Articles,13.0,Android
MM_2163,2024-10-07,2024-11-16 00:00:00,Symptom Logger,12.1,iOS
MM_2163,2024-10-07,2024-11-17 00:00:00,Period Tracker,13.0,Android
MM_2163,2024-10-07,2024-10-21 00:00:00,Symptom Logger,6.0,iOS
MM_2163,2024-10-07,2024-12-05 00:00:00,Period Tracker,6.4,iOS
MM_2163,2024-10-07,2024-11-12 00:00:00,Community Forum,7.3,iOS
MM_2163,2024-10-07,2024-11-17 00:00:00,Symptom Logger,7.1,Android
MM_2163,2024-10-07,2024-10-15 00:00:00,Period Tracker,8.2,iOS
MM_2163,2024-10-07,2024-11-01 00:00:00,Symptom Logger,5.6,Android
MM_2163,2024-10-07,2024-10-09 00:00:00,Period Tracker,8.3,Android
MM_2163,2024-10-07,2024-11-01 00:00:00,Period Tracker,12.1,Android
MM_2163,2024-10-07,2024-10-22 00:00:00,Health Articles,14.4,Android
MM_2163,2024-10-07,2024-12-02 00:00:00,Period Tracker,9.4,iOS
MM_2163,2024-10-07,2024-11-15 00:00:00,Symptom Logger,10.3,iOS
MM_2164,2024-08-03,2024-09-29 00:00:00,Period Tracker,13.7,Android
MM_2164,2024-08-03,2024-08-14 00:00:00,Symptom Logger,3.3,Android
MM_2164,2024-08-03,2024-08-15 00:00:00,Period Tracker,11.5,iOS
MM_2164,2024-08-03,2024-10-02 00:00:00,Period Tracker,13.0,Android
MM_2164,2024-08-03,2024-08-10 00:00:00,Community Forum,6.5,iOS
MM_2164,2024-08-03,2024-09-05 00:00:00,Period Tracker,13.1,iOS
MM_2164,2024-08-03,2024-08-06 00:00:00,Period Tracker,5.3,Android
MM_2164,2024-08-03,2024-08-05 00:00:00,Period Tracker,10.3,Android
MM_2164,2024-08-03,2024-09-03 00:00:00,Period Tracker,11.6,iOS
MM_2164,2024-08-03,2024-08-28 00:00:00,Symptom Logger,5.0,Android
MM_2164,2024-08-03,2024-08-28 00:00:00,Community Forum,11.5,iOS
MM_2164,2024-08-03,2024-08-13 00:00:00,Period Tracker,14.4,iOS
MM_2164,2024-08-03,2024-09-02 00:00:00,Community Forum,8.1,iOS
MM_2164,2024-08-03,2024-09-14 00:00:00,Period Tracker,8.1,iOS
MM_2164,2024-08-03,2024-09-28 00:00:00,Period Tracker,6.3,iOS
MM_2164,2024-08-03,2024-09-21 00:00:00,Period Tracker,4.0,iOS
MM_2164,2024-08-03,2024-08-18 00:00:00,Symptom Logger,13.1,Android
MM_2164,2024-08-03,2024-09-20 00:00:00,Period Tracker,12.5,Android
MM_2164,2024-08-03,2024-10-01 00:00:00,Community Forum,12.8,iOS
MM_2164,2024-08-03,2024-09-22 00:00:00,Symptom Logger,1.9,Android
MM_2165,2024-09-22,2024-10-25 00:00:00,Period Tracker,6.9,iOS
MM_2165,2024-09-22,2024-10-31 00:00:00,Symptom Logger,6.2,Android
MM_2165,2024-09-22,2024-09-26 00:00:00,Community Forum,13.7,iOS
MM_2165,2024-09-22,2024-10-31 00:00:00,Symptom Logger,10.4,iOS
MM_2165,2024-09-22,2024-10-09 00:00:00,Health Articles,2.4,iOS
MM_2165,2024-09-22,2024-11-11 00:00:00,Symptom Logger,10.2,Android
MM_2165,2024-09-22,2024-10-29 00:00:00,Period Tracker,10.6,Android
MM_2165,2024-09-22,2024-10-09 00:00:00,Symptom Logger,12.2,Android
MM_2165,2024-09-22,2024-11-09 00:00:00,Community Forum,10.9,iOS
MM_2165,2024-09-22,2024-10-07 00:00:00,Period Tracker,6.0,Android
MM_2165,2024-09-22,2024-10-24 00:00:00,Symptom Logger,13.5,Android
MM_2165,2024-09-22,2024-11-16 00:00:00,Health Articles,2.6,Android
MM_2165,2024-09-22,2024-10-27 00:00:00,Symptom Logger,13.9,iOS
MM_2165,2024-09-22,2024-10-14 00:00:00,Community Forum,13.0,Android
MM_2165,2024-09-22,2024-10-03 00:00:00,Period Tracker,14.4,iOS
MM_2165,2024-09-22,2024-10-18 00:00:00,Period Tracker,8.0,Android
MM_2165,2024-09-22,2024-10-31 00:00:00,Period Tracker,8.1,iOS
MM_2165,2024-09-22,2024-11-01 00:00:00,Period Tracker,5.7,Android
MM_2166,2024-10-15,2024-10-27 00:00:00,Community Forum,13.9,Android
MM_2166,2024-10-15,2024-11-20 00:00:00,Community Forum,13.9,iOS
MM_2166,2024-10-15,2024-11-16 00:00:00,Symptom Logger,8.5,Android
MM_2166,2024-10-15,2024-12-04 00:00:00,Period Tracker,2.6,Android
MM_2166,2024-10-15,2024-11-16 00:00:00,Symptom Logger,12.6,iOS
MM_2166,2024-10-15,2024-11-18 00:00:00,Period Tracker,11.0,Android
MM_2166,2024-10-15,2024-12-03 00:00:00,Period Tracker,8.8,iOS
MM_2167,2024-09-19,2024-10-09 00:00:00,Period Tracker,8.6,Android
MM_2167,2024-09-19,2024-10-25 00:00:00,Symptom Logger,4.1,iOS
MM_2167,2024-09-19,2024-10-27 00:00:00,Symptom Logger,10.8,iOS
MM_2167,2024-09-19,2024-11-16 00:00:00,Period Tracker,4.2,Android
MM_2167,2024-09-19,2024-10-10 00:00:00,Community Forum,7.7,Android
MM_2167,2024-09-19,2024-10-16 00:00:00,Period Tracker,14.2,Android
MM_2167,2024-09-19,2024-10-20 00:00:00,Symptom Logger,10.1,iOS
MM_2167,2024-09-19,2024-10-19 00:00:00,Community Forum,7.1,Android
MM_2168,2024-09-30,2024-10-02 00:00:00,Period Tracker,3.6,Android
MM_2169,2024-08-03,2024-09-09 00:00:00,Period Tracker,13.1,Android
MM_2170,2024-08-08,2024-09-15 00:00:00,Period Tracker,2.7,iOS
MM_2171,2024-09-12,2024-10-05 00:00:00,Health Articles,12.8,Android
MM_2172,2024-08-12,2024-09-07 00:00:00,Health Articles,3.2,Android
MM_2172,2024-08-12,2024-08-30 00:00:00,Symptom Logger,12.5,Android
MM_2173,2024-10-17,2024-10-25 00:00:00,Symptom Logger,2.6,Android
MM_2173,2024-10-17,2024-10-26 00:00:00,Period Tracker,14.9,iOS
MM_2173,2024-10-17,2024-10-29 00:00:00,Health Articles,14.8,iOS
MM_2174,2024-09-13,2024-10-08 00:00:00,Period Tracker,10.1,Android
MM_2174,2024-09-13,2024-10-08 00:00:00,Community Forum,5.3,Android
MM_2174,2024-09-13,2024-11-12 00:00:00,Period Tracker,11.4,Android
MM_2175,2024-08-29,2024-10-11 00:00:00,Period Tracker,2.5,Android
MM_2175,2024-08-29,2024-10-08 00:00:00,Period Tracker,10.9,Android
MM_2175,2024-08-29,2024-09-25 00:00:00,Symptom Logger,4.7,iOS
MM_2176,2024-09-03,2024-09-05 00:00:00,Symptom Logger,8.2,Android
MM_2176,2024-09-03,2024-11-01 00:00:00,Period Tracker,8.6,iOS
MM_2176,2024-09-03,2024-10-18 00:00:00,Period Tracker,5.7,iOS
MM_2176,2024-09-03,2024-09-21 00:00:00,Symptom Logger,14.3,iOS
MM_2176,2024-09-03,2024-09-22 00:00:00,Community Forum,14.9,Android
MM_2176,2024-09-03,2024-10-22 00:00:00,Period Tracker,4.0,iOS
MM_2176,2024-09-03,2024-09-10 00:00:00,Period Tracker,3.0,Android
MM_2176,2024-09-03,2024-09-24 00:00:00,Period Tracker,7.2,Android
MM_2176,2024-09-03,2024-09-18 00:00:00,Health Articles,12.9,iOS
MM_2176,2024-09-03,2024-10-09 00:00:00,Health Articles,10.7,Android
MM_2176,2024-09-03,2024-11-02 00:00:00,Symptom Logger,1.9,iOS
MM_2176,2024-09-03,2024-10-18 00:00:00,Period Tracker,6.6,Android
MM_2176,2024-09-03,2024-10-06 00:00:00,Period Tracker,3.2,Android
MM_2176,2024-09-03,2024-11-02 00:00:00,Period Tracker,1.5,iOS
MM_2176,2024-09-03,2024-09-09 00:00:00,Community Forum,4.9,Android
MM_2176,2024-09-03,2024-10-25 00:00:00,Community Forum,10.8,Android
MM_2176,2024-09-03,2024-10-12 00:00:00,Period Tracker,12.5,Android
MM_2176,2024-09-03,2024-10-12 00:00:00,Symptom Logger,3.9,Android
MM_2176,2024-09-03,2024-09-10 00:00:00,Community Forum,6.5,iOS
MM_2176,2024-09-03,2024-10-26 00:00:00,Community Forum,3.0,iOS
MM_2177,2024-10-11,2024-11-08 00:00:00,Period Tracker,6.5,iOS
MM_2177,2024-10-11,2024-10-14 00:00:00,Period Tracker,4.7,Android
MM_2178,2024-08-24,2024-08-24 00:00:00,Period Tracker,5.8,iOS
MM_2179,2024-10-09,2024-11-17 00:00:00,Period Tracker,10.4,Android
MM_2179,2024-10-09,2024-10-26 00:00:00,Symptom Logger,,iOS
MM_2179,2024-10-09,2024-11-17 00:00:00,Symptom Logger,13.6,Android
MM_2179,2024-10-09,2024-10-20 00:00:00,Period Tracker,12.1,Android
MM_2179,2024-10-09,2024-12-05 00:00:00,Community Forum,7.9,Android
MM_2179,2024-10-09,2024-11-07 00:00:00,Period Tracker,8.7,iOS
MM_2179,2024-10-09,2024-11-26 00:00:00,Health Articles,12.8,Android
MM_2179,2024-10-09,2024-10-27 00:00:00,Period Tracker,14.5,Android
MM_2179,2024-10-09,2024-12-05 00:00:00,Period Tracker,8.8,iOS
MM_2180,2024-08-13,2024-10-09 00:00:00,Period Tracker,11.1,iOS
MM_2180,2024-08-13,2024-10-10 00:00:00,Period Tracker,11.1,iOS
MM_2180,2024-08-13,2024-09-18 00:00:00,Health Articles,1.8,iOS
MM_2180,2024-08-13,2024-08-13 00:00:00,Period Tracker,11.6,iOS
MM_2180,2024-08-13,2024-10-08 00:00:00,Period Tracker,6.2,iOS
MM_2180,2024-08-13,2024-09-24 00:00:00,Period Tracker,4.0,Android
MM_2180,2024-08-13,2024-09-18 00:00:00,Period Tracker,10.7,Android
MM_2180,2024-08-13,2024-08-16 00:00:00,Health Articles,13.6,Android
MM_2180,2024-08-13,2024-09-05 00:00:00,Symptom Logger,4.9,iOS
MM_2180,2024-08-13,2024-09-30 00:00:00,Symptom Logger,7.0,Android
MM_2180,2024-08-13,2024-09-11 00:00:00,Symptom Logger,7.5,iOS
MM_2180,2024-08-13,2024-09-28 00:00:00,Period Tracker,10.5,iOS
MM_2180,2024-08-13,2024-09-25 00:00:00,Period Tracker,12.3,Android
MM_2181,2024-09-08,2024-10-23 00:00:00,Health Articles,12.7,iOS
MM_2181,2024-09-08,2024-09-18 00:00:00,Community Forum,9.6,Android
MM_2181,2024-09-08,2024-09-13 00:00:00,Period Tracker,11.1,Android
MM_2181,2024-09-08,2024-10-12 00:00:00,Period Tracker,2.9,Android
MM_2181,2024-09-08,2024-09-18 00:00:00,Symptom Logger,,Android
MM_2181,2024-09-08,2024-10-25 00:00:00,Period Tracker,13.1,iOS
MM_2182,2024-09-07,2024-10-09 00:00:00,Health Articles,3.1,Android
MM_2182,2024-09-07,2024-09-07 00:00:00,Period Tracker,1.3,Android
MM_2183,2024-09-13,2024-09-24 00:00:00,Symptom Logger,10.9,Android
MM_2183,2024-09-13,2024-10-05 00:00:00,Period Tracker,10.1,Android
MM_2183,2024-09-13,2024-10-21 00:00:00,Period Tracker,1.5,iOS
MM_2183,2024-09-13,2024-10-25 00:00:00,Period Tracker,3.5,iOS
MM_2183,2024-09-13,2024-09-17 00:00:00,Period Tracker,8.3,iOS
MM_2183,2024-09-13,2024-10-05 00:00:00,Period Tracker,9.6,iOS
MM_2183,2024-09-13,2024-10-13 00:00:00,Period Tracker,4.7,iOS
MM_2183,2024-09-13,2024-10-27 00:00:00,Symptom Logger,4.7,Android
MM_2183,2024-09-13,2024-11-06 00:00:00,Health Articles,10.2,iOS
MM_2183,2024-09-13,2024-10-03 00:00:00,Symptom Logger,2.5,Android
MM_2183,2024-09-13,2024-10-04 00:00:00,Community Forum,9.9,Android
MM_2183,2024-09-13,2024-10-30 00:00:00,Community Forum,8.9,Android
MM_2184,2024-10-06,2024-11-07 00:00:00,Period Tracker,8.8,iOS
MM_2184,2024-10-06,2024-11-23 00:00:00,Period Tracker,3.1,Android
MM_2184,2024-10-06,2024-10-30 00:00:00,Period Tracker,2.4,iOS
MM_2184,2024-10-06,2024-11-12 00:00:00,Period Tracker,4.7,iOS
MM_2184,2024-10-06,2024-11-05 00:00:00,Period Tracker,14.5,iOS
MM_2184,2024-10-06,2024-11-02 00:00:00,Period Tracker,6.5,iOS
MM_2184,2024-10-06,2024-11-24 00:00:00,Period Tracker,6.1,iOS
MM_2184,2024-10-06,2024-10-26 00:00:00,Symptom Logger,11.6,iOS
MM_2184,2024-10-06,2024-10-09 00:00:00,Period Tracker,11.2,Android
MM_2184,2024-10-06,2024-11-12 00:00:00,Period Tracker,2.0,Android
MM_2184,2024-10-06,2024-11-29 00:00:00,Period Tracker,11.4,Android
MM_2184,2024-10-06,2024-11-07 00:00:00,Symptom Logger,3.5,Android
MM_2184,2024-10-06,2024-12-05 00:00:00,Community Forum,8.8,Android
MM_2184,2024-10-06,2024-11-03 00:00:00,Period Tracker,1.8,iOS
MM_2184,2024-10-06,2024-11-01 00:00:00,Symptom Logger,9.9,iOS
MM_2184,2024-10-06,2024-11-26 00:00:00,Symptom Logger,1.2,iOS
MM_2184,2024-10-06,2024-11-03 00:00:00,Period Tracker,2.6,iOS
MM_2184,2024-10-06,2024-12-04 00:00:00,Community Forum,9.6,iOS
MM_2184,2024-10-06,2024-10-14 00:00:00,Period Tracker,13.9,iOS
MM_2185,2024-08-02,2024-08-15 00:00:00,Community Forum,2.6,Android
MM_2186,2024-10-27,2024-12-14 00:00:00,Period Tracker,6.2,Android
MM_2186,2024-10-27,2024-11-06 00:00:00,Period Tracker,9.3,Android
MM_2186,2024-10-27,2024-12-18 00:00:00,Health Articles,13.3,iOS
MM_2186,2024-10-27,2024-12-11 00:00:00,Period Tracker,13.0,Android
MM_2186,2024-10-27,2024-11-25 00:00:00,Health Articles,1.9,iOS
MM_2186,2024-10-27,2024-12-11 00:00:00,Period Tracker,11.0,iOS
MM_2187,2024-09-18,2024-09-26 00:00:00,Period Tracker,4.6,iOS
MM_2187,2024-09-18,2024-10-26 00:00:00,Period Tracker,9.5,iOS
MM_2188,2024-10-20,2024-11-28 00:00:00,Period Tracker,1.7,Android
MM_2188,2024-10-20,2024-11-15 00:00:00,Period Tracker,1.4,Android
MM_2189,2024-08-27,2024-10-12 00:00:00,Period Tracker,5.8,iOS
MM_2189,2024-08-27,2024-09-29 00:00:00,Health Articles,9.7,Android
MM_2189,2024-08-27,2024-10-06 00:00:00,Period Tracker,14.4,Android
MM_2189,2024-08-27,2024-10-25 00:00:00,Symptom Logger,12.6,iOS
MM_2189,2024-08-27,2024-10-24 00:00:00,Health Articles,10.8,iOS
MM_2189,2024-08-27,2024-09-05 00:00:00,Symptom Logger,4.5,Android
MM_2189,2024-08-27,2024-09-06 00:00:00,Period Tracker,13.1,Android
MM_2189,2024-08-27,2024-09-28 00:00:00,Period Tracker,6.3,iOS
MM_2189,2024-08-27,2024-10-18 00:00:00,Community Forum,5.2,iOS
MM_2189,2024-08-27,2024-08-30 00:00:00,Community Forum,3.6,Android
MM_2189,2024-08-27,2024-09-23 00:00:00,Period Tracker,10.6,iOS
MM_2189,2024-08-27,2024-10-24 00:00:00,Period Tracker,12.9,Android
MM_2189,2024-08-27,2024-09-28 00:00:00,Period Tracker,13.0,iOS
MM_2190,2024-08-20,2024-09-10 00:00:00,Period Tracker,7.1,iOS
MM_2190,2024-08-20,2024-09-16 00:00:00,Symptom Logger,3.8,iOS
MM_2190,2024-08-20,2024-09-09 00:00:00,Period Tracker,8.9,iOS
MM_2191,2024-08-05,2024-08-29 00:00:00,Period Tracker,2.6,Android
MM_2191,2024-08-05,2024-08-23 00:00:00,Symptom Logger,12.6,iOS
MM_2191,2024-08-05,2024-08-29 00:00:00,Period Tracker,8.4,iOS
MM_2191,2024-08-05,2024-08-29 00:00:00,Period Tracker,1.6,iOS
MM_2191,2024-08-05,2024-09-29 00:00:00,Community Forum,2.6,iOS
MM_2191,2024-08-05,2024-08-09 00:00:00,Period Tracker,4.8,iOS
MM_2191,2024-08-05,2024-08-10 00:00:00,Period Tracker,5.8,Android
MM_2192,2024-10-07,2024-11-14 00:00:00,Period Tracker,3.0,Android
MM_2192,2024-10-07,2024-10-23 00:00:00,Period Tracker,9.7,Android
MM_2192,2024-10-07,2024-11-05 00:00:00,Symptom Logger,7.7,Android
MM_2192,2024-10-07,2024-11-29 00:00:00,Period Tracker,14.5,iOS
MM_2192,2024-10-07,2024-10-29 00:00:00,Period Tracker,11.7,iOS
MM_2192,2024-10-07,2024-10-12 00:00:00,Community Forum,8.8,iOS
MM_2192,2024-10-07,2024-11-25 00:00:00,Community Forum,3.9,iOS
MM_2192,2024-10-07,2024-11-07 00:00:00,Health Articles,3.8,Android
MM_2192,2024-10-07,2024-12-02 00:00:00,Period Tracker,425.0,iOS
MM_2192,2024-10-07,2024-10-13 00:00:00,Period Tracker,8.0,Android
MM_2193,2024-10-10,2024-11-16 00:00:00,Period Tracker,2.4,iOS
MM_2194,2024-08-17,2024-09-05 00:00:00,Period Tracker,3.1,iOS
MM_2194,2024-08-17,2024-09-04 00:00:00,Period Tracker,11.0,iOS
MM_2194,2024-08-17,2024-08-27 00:00:00,Health Articles,8.1,Android
MM_2194,2024-08-17,2024-08-24 00:00:00,Period Tracker,8.0,Android
MM_2194,2024-08-17,2024-10-12 00:00:00,Symptom Logger,10.3,iOS
MM_2194,2024-08-17,2024-10-07 00:00:00,Community Forum,2.8,Android
MM_2194,2024-08-17,2024-09-26 00:00:00,Community Forum,10.7,iOS
MM_2194,2024-08-17,2024-09-04 00:00:00,Period Tracker,6.0,iOS
MM_2194,2024-08-17,2024-08-26 00:00:00,Community Forum,14.0,Android
MM_2194,2024-08-17,2024-10-14 00:00:00,Symptom Logger,11.3,iOS
MM_2194,2024-08-17,2024-10-08 00:00:00,Symptom Logger,9.1,Android
MM_2194,2024-08-17,2024-10-03 00:00:00,Period Tracker,12.1,iOS
MM_2194,2024-08-17,2024-08-26 00:00:00,Period Tracker,1.1,iOS
MM_2194,2024-08-17,2024-08-30 00:00:00,Period Tracker,14.7,iOS
MM_2194,2024-08-17,2024-10-07 00:00:00,Period Tracker,7.1,iOS
MM_2195,2024-08-18,2024-10-02 00:00:00,Community Forum,4.2,iOS
MM_2195,2024-08-18,2024-10-11 00:00:00,Period Tracker,6.8,Android
MM_2195,2024-08-18,2024-10-08 00:00:00,Symptom Logger,10.1,iOS
MM_2196,2024-08-05,2024-08-20 00:00:00,Health Articles,8.6,iOS
MM_2196,2024-08-05,2024-08-30 00:00:00,Period Tracker,10.2,Android
MM_2197,2024-09-23,2024-10-25 00:00:00,Period Tracker,9.0,iOS
MM_2197,2024-09-23,2024-10-06 00:00:00,Period Tracker,1.2,iOS
MM_2197,2024-09-23,2024-11-21 00:00:00,Symptom Logger,5.7,iOS
MM_2197,2024-09-23,2024-10-16 00:00:00,Health Articles,3.7,iOS
MM_2197,2024-09-23,2024-10-23 00:00:00,Community Forum,13.0,iOS
MM_2197,2024-09-23,2024-10-03 00:00:00,Period Tracker,3.6,iOS
MM_2197,2024-09-23,2024-11-02 00:00:00,Period Tracker,7.8,iOS
MM_2197,2024-09-23,2024-11-18 00:00:00,Period Tracker,4.6,iOS
MM_2197,2024-09-23,2024-11-18 00:00:00,Period Tracker,7.8,Android
MM_2197,2024-09-23,2024-11-06 00:00:00,Period Tracker,12.7,Android
MM_2197,2024-09-23,2024-11-21 00:00:00,Period Tracker,1.2,Android
MM_2197,2024-09-23,2024-10-24 00:00:00,Symptom Logger,3.6,Android
MM_2197,2024-09-23,2024-11-10 00:00:00,Period Tracker,5.1,iOS
MM_2197,2024-09-23,2024-11-10 00:00:00,Community Forum,6.5,Android
MM_2198,2024-10-30,2024-11-29 00:00:00,Symptom Logger,11.7,Android
MM_2198,2024-10-30,2024-12-12 00:00:00,Symptom Logger,10.5,Android
MM_2198,2024-10-30,2024-11-22 00:00:00,Community Forum,10.0,Android
MM_2198,2024-10-30,2024-12-17 00:00:00,Community Forum,7.6,Android
MM_2198,2024-10-30,2024-11-01 00:00:00,Period Tracker,12.9,Android
MM_2198,2024-10-30,2024-12-26 00:00:00,Period Tracker,4.1,Android
MM_2198,2024-10-30,2024-12-09 00:00:00,Symptom Logger,8.6,Android
MM_2198,2024-10-30,2024-11-07 00:00:00,Health Articles,11.4,iOS
MM_2198,2024-10-30,2024-12-13 00:00:00,Health Articles,10.0,iOS
MM_2198,2024-10-30,2024-12-22 00:00:00,Symptom Logger,9.0,Android
MM_2198,2024-10-30,2024-12-01 00:00:00,Period Tracker,6.0,Android
MM_2198,2024-10-30,2024-11-15 00:00:00,Health Articles,12.7,Android
MM_2198,2024-10-30,2024-12-07 00:00:00,Period Tracker,10.6,iOS
MM_2198,2024-10-30,2024-11-17 00:00:00,Period Tracker,11.4,iOS
MM_2198,2024-10-30,2024-12-08 00:00:00,Health Articles,14.3,iOS
MM_2198,2024-10-30,2024-11-23 00:00:00,Health Articles,7.2,Android
MM_2198,2024-10-30,2024-12-24 00:00:00,Community Forum,12.4,Android
MM_2198,2024-10-30,2024-11-11 00:00:00,Health Articles,11.9,iOS
MM_2198,2024-10-30,2024-12-04 00:00:00,Community Forum,5.6,Android
MM_2198,2024-10-30,2024-12-02 00:00:00,Period Tracker,3.8,Android
MM_2199,2024-08-18,2024-10-05 00:00:00,Symptom Logger,6.4,Android
MM_2199,2024-08-18,2024-09-05 00:00:00,Health Articles,3.9,Android
MM_2199,2024-08-18,2024-08-23 00:00:00,Period Tracker,13.2,iOS
MM_2199,2024-08-18,2024-09-16 00:00:00,Community Forum,14.6,iOS
MM_2199,2024-08-18,2024-09-01 00:00:00,Period Tracker,4.1,iOS
MM_2199,2024-08-18,2024-10-03 00:00:00,Period Tracker,12.0,iOS
MM_2199,2024-08-18,2024-08-23 00:00:00,Symptom Logger,9.3,iOS
MM_2199,2024-08-18,2024-09-21 00:00:00,Period Tracker,9.8,Android
MM_2199,2024-08-18,2024-08-21 00:00:00,Period Tracker,1.6,iOS
MM_2200,2024-08-04,2024-08-18 00:00:00,Symptom Logger,8.4,iOS
MM_2200,2024-08-04,2024-08-20 00:00:00,Community Forum,3.7,Android
MM_2201,2024-10-03,2024-10-25 00:00:00,Period Tracker,7.0,iOS
MM_2201,2024-10-03,2024-12-01 00:00:00,Health Articles,10.5,iOS
MM_2201,2024-10-03,2024-11-01 00:00:00,Period Tracker,2.3,Android
MM_2201,2024-10-03,2024-11-23 00:00:00,Period Tracker,,Android
MM_2201,2024-10-03,2024-11-29 00:00:00,Period Tracker,4.9,Android
MM_2201,2024-10-03,2024-10-04 00:00:00,Symptom Logger,8.2,iOS
MM_2202,2024-10-10,2024-11-12 00:00:00,Symptom Logger,7.0,iOS
MM_2202,2024-10-10,2024-10-22 00:00:00,Health Articles,12.1,iOS
MM_2202,2024-10-10,2024-11-24 00:00:00,Period Tracker,12.9,iOS
MM_2202,2024-10-10,2024-11-05 00:00:00,Symptom Logger,6.6,iOS
MM_2202,2024-10-10,2024-11-30 00:00:00,Period Tracker,11.6,Android
MM_2202,2024-10-10,2024-10-11 00:00:00,Community Forum,4.4,iOS
MM_2202,2024-10-10,2024-11-20 00:00:00,Period Tracker,11.3,iOS
MM_2202,2024-10-10,2024-10-17 00:00:00,Period Tracker,7.8,iOS
MM_2202,2024-10-10,2024-11-29 00:00:00,Symptom Logger,12.5,iOS
MM_2202,2024-10-10,2024-11-22 00:00:00,Period Tracker,6.2,Android
MM_2202,2024-10-10,2024-10-17 00:00:00,Symptom Logger,13.5,Android
MM_2203,2024-08-30,2024-09-09 00:00:00,Period Tracker,6.7,iOS
MM_2203,2024-08-30,2024-10-07 00:00:00,Health Articles,3.7,iOS
MM_2204,2024-08-11,2024-10-10 00:00:00,Period Tracker,13.2,iOS
MM_2204,2024-08-11,2024-09-02 00:00:00,Period Tracker,5.5,iOS
MM_2204,2024-08-11,2024-08-15 00:00:00,Community Forum,1.4,iOS
MM_2204,2024-08-11,2024-09-08 00:00:00,Symptom Logger,4.4,Android
MM_2204,2024-08-11,2024-10-08 00:00:00,Period Tracker,3.5,iOS
MM_2204,2024-08-11,2024-09-17 00:00:00,Health Articles,3.8,iOS
MM_2204,2024-08-11,2024-08-30 00:00:00,Health Articles,4.6,iOS
MM_2204,2024-08-11,2024-10-10 00:00:00,Symptom Logger,6.5,iOS
MM_2204,2024-08-11,2024-09-22 00:00:00,Period Tracker,11.0,Android
MM_2204,2024-08-11,2024-08-17 00:00:00,Period Tracker,8.4,Android
MM_2204,2024-08-11,2024-08-17 00:00:00,Symptom Logger,3.7,iOS
MM_2204,2024-08-11,2024-08-27 00:00:00,Period Tracker,12.8,iOS
MM_2204,2024-08-11,2024-09-07 00:00:00,Period Tracker,7.2,Android
MM_2204,2024-08-11,2024-10-09 00:00:00,Period Tracker,11.8,iOS
MM_2204,2024-08-11,2024-10-10 00:00:00,Period Tracker,13.5,iOS
MM_2204,2024-08-11,2024-08-22 00:00:00,Period Tracker,5.6,iOS
MM_2204,2024-08-11,2024-08-31 00:00:00,Period Tracker,9.3,Android
MM_2205,2024-08-19,2024-09-30 00:00:00,Period Tracker,2.0,Android
MM_2206,2024-08-06,2024-10-05 00:00:00,Health Articles,5.4,iOS
MM_2206,2024-08-06,2024-08-31 00:00:00,Community Forum,4.7,Android
MM_2206,2024-08-06,2024-08-14 00:00:00,Period Tracker,13.1,Android
MM_2206,2024-08-06,2024-08-11 00:00:00,Period Tracker,5.0,iOS
MM_2206,2024-08-06,2024-08-29 00:00:00,Period Tracker,9.9,iOS
MM_2206,2024-08-06,2024-09-07 00:00:00,Symptom Logger,8.0,iOS
MM_2206,2024-08-06,2024-09-20 00:00:00,Period Tracker,13.0,iOS
MM_2207,2024-10-13,2024-12-03 00:00:00,Period Tracker,12.6,iOS
MM_2208,2024-10-26,2024-12-22 00:00:00,Period Tracker,9.9,Android
MM_2208,2024-10-26,2024-12-01 00:00:00,Period Tracker,1.4,iOS
MM_2208,2024-10-26,2024-12-09 00:00:00,Period Tracker,15.0,Android
MM_2208,2024-10-26,2024-12-14 00:00:00,Community Forum,2.9,Android
MM_2208,2024-10-26,2024-12-22 00:00:00,Community Forum,13.0,iOS
MM_2208,2024-10-26,2024-11-05 00:00:00,Period Tracker,6.9,Android
MM_2208,2024-10-26,2024-11-09 00:00:00,Period Tracker,7.4,iOS
MM_2208,2024-10-26,2024-12-24 00:00:00,Period Tracker,8.6,Android
MM_2208,2024-10-26,2024-11-03 00:00:00,Community Forum,1.1,iOS
MM_2208,2024-10-26,2024-11-23 00:00:00,Symptom Logger,3.2,iOS
MM_2208,2024-10-26,2024-12-02 00:00:00,Period Tracker,4.6,iOS
MM_2208,2024-10-26,2024-12-01 00:00:00,Period Tracker,4.3,iOS
MM_2208,2024-10-26,2024-12-21 00:00:00,Symptom Logger,8.4,iOS
MM_2208,2024-10-26,2024-12-19 00:00:00,Period Tracker,12.1,Android
MM_2208,2024-10-26,2024-12-06 00:00:00,Symptom Logger,14.0,iOS
MM_2208,2024-10-26,2024-10-30 00:00:00,Period Tracker,11.0,Android
MM_2208,2024-10-26,2024-11-09 00:00:00,Health Articles,2.7,Android
MM_2208,2024-10-26,2024-11-05 00:00:00,Community Forum,10.2,Android
MM_2208,2024-10-26,2024-11-16 00:00:00,Community Forum,11.0,iOS
MM_2209,2024-09-23,2024-10-12 00:00:00,Community Forum,5.8,iOS
MM_2209,2024-09-23,2024-11-19 00:00:00,Symptom Logger,14.7,Android
MM_2209,2024-09-23,2024-09-23 00:00:00,Community Forum,14.8,iOS
MM_2209,2024-09-23,2024-10-14 00:00:00,Health Articles,4.3,iOS
MM_2209,2024-09-23,2024-10-20 00:00:00,Period Tracker,10.5,iOS
MM_2209,2024-09-23,2024-10-27 00:00:00,Health Articles,12.0,iOS
MM_2209,2024-09-23,2024-10-13 00:00:00,Community Forum,2.1,iOS
MM_2209,2024-09-23,2024-11-08 00:00:00,Health Articles,2.0,Android
MM_2209,2024-09-23,2024-10-26 00:00:00,Period Tracker,5.4,iOS
MM_2210,2024-10-24,2024-12-18 00:00:00,Period Tracker,11.0,iOS
MM_2211,2024-10-04,2024-11-04 00:00:00,Community Forum,8.8,iOS
MM_2211,2024-10-04,2024-10-24 00:00:00,Period Tracker,3.2,Android
MM_2211,2024-10-04,2024-10-15 00:00:00,Period Tracker,11.8,iOS
MM_2211,2024-10-04,2024-10-30 00:00:00,Symptom Logger,2.4,Android
MM_2211,2024-10-04,2024-12-01 00:00:00,Community Forum,6.3,iOS
MM_2212,2024-09-30,2024-10-21 00:00:00,Period Tracker,12.6,Android
MM_2212,2024-09-30,2024-11-10 00:00:00,Period Tracker,10.2,iOS
MM_2212,2024-09-30,2024-10-21 00:00:00,Symptom Logger,11.7,Android
MM_2212,2024-09-30,2024-10-14 00:00:00,Period Tracker,14.1,iOS
MM_2212,2024-09-30,2024-10-31 00:00:00,Community Forum,4.9,Android
MM_2213,2024-10-23,2024-11-03 00:00:00,Community Forum,2.4,iOS
MM_2213,2024-10-23,2024-12-01 00:00:00,Period Tracker,5.4,Android
MM_2213,2024-10-23,2024-11-01 00:00:00,Community Forum,7.6,iOS
MM_2213,2024-10-23,2024-11-15 00:00:00,Period Tracker,7.5,Android
MM_2213,2024-10-23,2024-11-02 00:00:00,Period Tracker,7.3,iOS
MM_2213,2024-10-23,2024-11-23 00:00:00,Period Tracker,5.2,iOS
MM_2213,2024-10-23,2024-10-26 00:00:00,Period Tracker,5.7,iOS
MM_2213,2024-10-23,2024-10-29 00:00:00,Community Forum,7.3,Android
MM_2213,2024-10-23,2024-12-17 00:00:00,Period Tracker,9.9,iOS
MM_2213,2024-10-23,2024-12-10 00:00:00,Period Tracker,5.2,iOS
MM_2213,2024-10-23,2024-12-19 00:00:00,Community Forum,9.7,iOS
MM_2213,2024-10-23,2024-11-01 00:00:00,Community Forum,9.6,iOS
MM_2213,2024-10-23,2024-11-08 00:00:00,Period Tracker,8.0,Android
MM_2213,2024-10-23,2024-11-05 00:00:00,Period Tracker,2.5,iOS
MM_2214,2024-09-19,2024-11-06 00:00:00,Symptom Logger,6.0,Android
MM_2215,2024-09-04,2024-10-06 00:00:00,Symptom Logger,10.6,Android
MM_2215,2024-09-04,2024-09-22 00:00:00,Symptom Logger,6.2,iOS
MM_2215,2024-09-04,2024-09-16 00:00:00,Health Articles,5.7,iOS
MM_2215,2024-09-04,2024-10-18 00:00:00,Period Tracker,5.1,iOS
MM_2215,2024-09-04,2024-10-28 00:00:00,Period Tracker,10.8,iOS
MM_2215,2024-09-04,2024-10-12 00:00:00,Period Tracker,5.4,Android
MM_2215,2024-09-04,2024-10-09 00:00:00,Symptom Logger,5.5,iOS
MM_2215,2024-09-04,2024-10-31 00:00:00,Symptom Logger,13.9,Android
MM_2215,2024-09-04,2024-09-25 00:00:00,Symptom Logger,7.0,Android
MM_2215,2024-09-04,2024-09-10 00:00:00,Community Forum,12.8,Android
MM_2215,2024-09-04,2024-10-24 00:00:00,Period Tracker,4.3,iOS
MM_2215,2024-09-04,2024-10-06 00:00:00,Period Tracker,10.1,Android
MM_2215,2024-09-04,2024-10-24 00:00:00,Period Tracker,2.4,iOS
MM_2216,2024-09-06,2024-09-11 00:00:00,Symptom Logger,7.8,iOS
MM_2216,2024-09-06,2024-10-06 00:00:00,Health Articles,8.8,iOS
MM_2217,2024-10-08,2024-10-24 00:00:00,Symptom Logger,13.6,Android
MM_2217,2024-10-08,2024-10-29 00:00:00,Period Tracker,12.1,Android
MM_2217,2024-10-08,2024-12-02 00:00:00,Period Tracker,3.3,Android
MM_2217,2024-10-08,2024-11-13 00:00:00,Symptom Logger,6.8,Android
MM_2217,2024-10-08,2024-10-28 00:00:00,Period Tracker,10.1,Android
MM_2217,2024-10-08,2024-10-13 00:00:00,Period Tracker,3.4,Android
MM_2217,2024-10-08,2024-11-21 00:00:00,Community Forum,3.3,iOS
MM_2217,2024-10-08,2024-11-16 00:00:00,Community Forum,7.0,Android
MM_2217,2024-10-08,2024-12-06 00:00:00,Period Tracker,9.9,Android
MM_2217,2024-10-08,2024-11-11 00:00:00,Period Tracker,6.2,iOS
MM_2217,2024-10-08,2024-12-06 00:00:00,Period Tracker,11.2,Android
MM_2217,2024-10-08,2024-10-17 00:00:00,Community Forum,8.6,iOS
MM_2217,2024-10-08,2024-11-09 00:00:00,Period Tracker,6.2,Android
MM_2217,2024-10-08,2024-11-23 00:00:00,Period Tracker,12.6,iOS
MM_2217,2024-10-08,2024-10-28 00:00:00,Period Tracker,2.1,iOS
MM_2217,2024-10-08,2024-10-10 00:00:00,Period Tracker,3.9,Android
MM_2217,2024-10-08,2024-11-29 00:00:00,Period Tracker,8.9,Android
MM_2217,2024-10-08,2024-11-07 00:00:00,Period Tracker,2.5,iOS
MM_2218,2024-08-22,2024-10-15 00:00:00,Period Tracker,7.9,Android
MM_2218,2024-08-22,2024-09-03 00:00:00,Symptom Logger,11.1,Android
MM_2218,2024-08-22,2024-10-06 00:00:00,Health Articles,1.9,iOS
MM_2218,2024-08-22,2024-09-14 00:00:00,Period Tracker,5.8,iOS
MM_2218,2024-08-22,2024-10-19 00:00:00,Symptom Logger,4.7,iOS
MM_2218,2024-08-22,2024-09-13 00:00:00,Period Tracker,2.8,Android
MM_2218,2024-08-22,2024-09-27 00:00:00,Period Tracker,10.7,Android
MM_2218,2024-08-22,2024-09-02 00:00:00,Health Articles,3.9,iOS
MM_2218,2024-08-22,2024-10-15 00:00:00,Period Tracker,12.6,iOS
MM_2218,2024-08-22,2024-09-03 00:00:00,Symptom Logger,11.0,iOS
MM_2218,2024-08-22,2024-09-15 00:00:00,Symptom Logger,5.0,Android
MM_2219,2024-08-03,2024-08-27 00:00:00,Symptom Logger,13.3,Android
MM_2219,2024-08-03,2024-08-25 00:00:00,Symptom Logger,3.3,Android
MM_2219,2024-08-03,2024-08-18 00:00:00,Period Tracker,1.2,Android
MM_2220,2024-10-04,2024-11-28 00:00:00,Period Tracker,5.5,Android
MM_2220,2024-10-04,2024-11-24 00:00:00,Period Tracker,6.9,Android
MM_2220,2024-10-04,2024-11-12 00:00:00,Period Tracker,,iOS
MM_2220,2024-10-04,2024-11-01 00:00:00,Community Forum,7.6,iOS
MM_2220,2024-10-04,2024-11-14 00:00:00,Symptom Logger,2.8,iOS
MM_2220,2024-10-04,2024-10-26 00:00:00,Symptom Logger,13.3,Android
MM_2220,2024-10-04,2024-11-19 00:00:00,Period Tracker,2.6,Android
MM_2220,2024-10-04,2024-11-11 00:00:00,Period Tracker,12.1,iOS
MM_2220,2024-10-04,2024-11-12 00:00:00,Community Forum,8.3,iOS
MM_2220,2024-10-04,2024-11-10 00:00:00,Period Tracker,8.1,Android
MM_2220,2024-10-04,2024-10-16 00:00:00,Health Articles,9.6,iOS
MM_2220,2024-10-04,2024-11-16 00:00:00,Period Tracker,6.3,Android
MM_2220,2024-10-04,2024-12-03 00:00:00,Period Tracker,13.1,iOS
MM_2220,2024-10-04,2024-11-06 00:00:00,Health Articles,4.0,iOS
MM_2220,2024-10-04,2024-10-19 00:00:00,Period Tracker,5.3,Android
MM_2220,2024-10-04,2024-10-05 00:00:00,Period Tracker,4.2,iOS
MM_2221,2024-10-10,2024-11-12 00:00:00,Period Tracker,12.2,iOS
MM_2221,2024-10-10,2024-10-27 00:00:00,Community Forum,2.8,iOS
MM_2221,2024-10-10,2024-11-27 00:00:00,Period Tracker,2.8,Android
MM_2221,2024-10-10,2024-10-10 00:00:00,Period Tracker,7.4,Android
MM_2221,2024-10-10,2024-10-23 00:00:00,Symptom Logger,12.0,iOS
MM_2221,2024-10-10,2024-11-15 00:00:00,Period Tracker,13.0,Android
MM_2221,2024-10-10,2024-11-01 00:00:00,Symptom Logger,12.3,iOS
MM_2221,2024-10-10,2024-10-11 00:00:00,Health Articles,5.5,iOS
MM_2221,2024-10-10,2024-11-27 00:00:00,Period Tracker,13.7,iOS
MM_2221,2024-10-10,2024-11-26 00:00:00,Symptom Logger,13.8,iOS
MM_2221,2024-10-10,2024-11-02 00:00:00,Period Tracker,9.4,Android
MM_2221,2024-10-10,2024-12-04 00:00:00,Community Forum,13.3,Android
MM_2221,2024-10-10,2024-10-16 00:00:00,Period Tracker,11.2,Android
MM_2221,2024-10-10,2024-10-26 00:00:00,Health Articles,11.5,iOS
MM_2221,2024-10-10,2024-10-16 00:00:00,Symptom Logger,12.9,Android
MM_2222,2024-08-20,2024-10-10 00:00:00,Period Tracker,14.6,iOS
MM_2222,2024-08-20,2024-09-19 00:00:00,Community Forum,1.2,iOS
MM_2222,2024-08-20,2024-09-26 00:00:00,Period Tracker,7.8,Android
MM_2222,2024-08-20,2024-09-28 00:00:00,Period Tracker,11.9,Android
MM_2222,2024-08-20,2024-09-29 00:00:00,Community Forum,7.7,iOS
MM_2222,2024-08-20,2024-08-26 00:00:00,Period Tracker,14.8,Android
MM_2222,2024-08-20,2024-10-01 00:00:00,Period Tracker,8.7,Android
MM_2222,2024-08-20,2024-10-08 00:00:00,Health Articles,10.8,iOS
MM_2222,2024-08-20,2024-10-04 00:00:00,Period Tracker,5.2,Android
MM_2222,2024-08-20,2024-09-23 00:00:00,Symptom Logger,12.3,iOS
MM_2222,2024-08-20,2024-08-27 00:00:00,Symptom Logger,1.0,iOS
MM_2222,2024-08-20,2024-10-13 00:00:00,Period Tracker,10.4,iOS
MM_2222,2024-08-20,2024-08-20 00:00:00,Period Tracker,9.2,Android
MM_2222,2024-08-20,2024-10-01 00:00:00,Period Tracker,5.1,iOS
MM_2222,2024-08-20,2024-09-18 00:00:00,Period Tracker,14.3,Android
MM_2222,2024-08-20,2024-09-18 00:00:00,Period Tracker,10.7,iOS
MM_2222,2024-08-20,2024-10-04 00:00:00,Period Tracker,12.2,Android
MM_2222,2024-08-20,2024-09-17 00:00:00,Health Articles,1.7,Android
MM_2222,2024-08-20,2024-09-06 00:00:00,Period Tracker,11.1,iOS
MM_2222,2024-08-20,2024-09-15 00:00:00,Health Articles,2.6,iOS
MM_2223,2024-09-05,2024-10-14 00:00:00,Health Articles,8.1,iOS
MM_2224,2024-08-30,2024-09-22 00:00:00,Period Tracker,,iOS
MM_2224,2024-08-30,2024-10-14 00:00:00,Community Forum,8.8,iOS
MM_2224,2024-08-30,2024-09-04 00:00:00,Community Forum,8.5,iOS
MM_2224,2024-08-30,2024-09-05 00:00:00,Community Forum,1.9,iOS
MM_2224,2024-08-30,2024-09-25 00:00:00,Symptom Logger,6.3,iOS
MM_2224,2024-08-30,2024-09-17 00:00:00,Period Tracker,9.5,Android
MM_2224,2024-08-30,2024-10-04 00:00:00,Symptom Logger,7.2,Android
MM_2225,2024-08-21,2024-08-24 00:00:00,Period Tracker,5.6,Android
MM_2225,2024-08-21,2024-10-13 00:00:00,Period Tracker,5.0,Android
MM_2226,2024-08-21,2024-09-20 00:00:00,Period Tracker,6.6,Android
MM_2226,2024-08-21,2024-09-16 00:00:00,Period Tracker,6.0,Android
MM_2226,2024-08-21,2024-09-19 00:00:00,Period Tracker,,Android
MM_2226,2024-08-21,2024-09-26 00:00:00,Period Tracker,11.1,Android
MM_2226,2024-08-21,2024-10-05 00:00:00,Period Tracker,11.0,iOS
MM_2226,2024-08-21,2024-09-26 00:00:00,Symptom Logger,7.6,Android
MM_2226,2024-08-21,2024-09-08 00:00:00,Period Tracker,1.9,Android
MM_2226,2024-08-21,2024-09-27 00:00:00,Period Tracker,3.5,iOS
MM_2226,2024-08-21,2024-09-01 00:00:00,Period Tracker,3.8,Android
MM_2226,2024-08-21,2024-10-07 00:00:00,Period Tracker,7.5,iOS
MM_2226,2024-08-21,2024-10-06 00:00:00,Community Forum,2.7,iOS
MM_2226,2024-08-21,2024-10-15 00:00:00,Period Tracker,7.0,Android
MM_2226,2024-08-21,2024-10-06 00:00:00,Period Tracker,13.4,iOS
MM_2227,2024-08-21,2024-10-16 00:00:00,Symptom Logger,14.8,Android
MM_2227,2024-08-21,2024-09-06 00:00:00,Period Tracker,7.7,iOS
MM_2227,2024-08-21,2024-10-13 00:00:00,Period Tracker,12.9,Android
MM_2228,2024-10-21,2024-12-20 00:00:00,Period Tracker,6.6,iOS
MM_2229,2024-10-27,2024-10-27 00:00:00,Symptom Logger,4.2,Android
MM_2229,2024-10-27,2024-12-26 00:00:00,Community Forum,6.3,Android
MM_2230,2024-08-24,2024-10-14 00:00:00,Community Forum,7.9,Android
MM_2230,2024-08-24,2024-09-01 00:00:00,Health Articles,2.2,iOS
MM_2230,2024-08-24,2024-08-24 00:00:00,Symptom Logger,6.9,Android
MM_2230,2024-08-24,2024-09-14 00:00:00,Period Tracker,11.8,iOS
MM_2230,2024-08-24,2024-10-18 00:00:00,Community Forum,14.8,iOS
MM_2230,2024-08-24,2024-08-26 00:00:00,Period Tracker,6.6,iOS
MM_2230,2024-08-24,2024-08-28 00:00:00,Period Tracker,2.6,iOS
MM_2230,2024-08-24,2024-10-09 00:00:00,Health Articles,13.1,Android
MM_2230,2024-08-24,2024-09-13 00:00:00,Period Tracker,9.4,iOS
MM_2230,2024-08-24,2024-09-17 00:00:00,Symptom Logger,4.4,iOS
MM_2231,2024-08-29,2024-09-25 00:00:00,Period Tracker,1.3,iOS
MM_2231,2024-08-29,2024-10-08 00:00:00,Period Tracker,7.4,iOS
MM_2231,2024-08-29,2024-09-03 00:00:00,Period Tracker,12.9,Android
MM_2232,2024-10-28,2024-11-21 00:00:00,Symptom Logger,1.1,Android
MM_2232,2024-10-28,2024-11-06 00:00:00,Symptom Logger,2.8,Android
MM_2232,2024-10-28,2024-12-22 00:00:00,Period Tracker,13.0,iOS
MM_2233,2024-08-28,2024-09-10 00:00:00,Period Tracker,12.2,Android
MM_2233,2024-08-28,2024-08-31 00:00:00,Symptom Logger,2.0,Android
MM_2233,2024-08-28,2024-10-22 00:00:00,Health Articles,3.3,Android
MM_2233,2024-08-28,2024-09-18 00:00:00,Health Articles,8.9,iOS
MM_2233,2024-08-28,2024-09-02 00:00:00,Symptom Logger,1.3,Android
MM_2233,2024-08-28,2024-10-11 00:00:00,Period Tracker,13.2,Android
MM_2233,2024-08-28,2024-09-18 00:00:00,Community Forum,7.8,Android
MM_2233,2024-08-28,2024-09-13 00:00:00,Health Articles,14.5,iOS
MM_2233,2024-08-28,2024-10-11 00:00:00,Period Tracker,5.1,Android
MM_2233,2024-08-28,2024-09-10 00:00:00,Period Tracker,2.5,Android
MM_2233,2024-08-28,2024-10-24 00:00:00,Community Forum,4.3,Android
MM_2233,2024-08-28,2024-08-30 00:00:00,Health Articles,7.6,Android
MM_2234,2024-09-02,2024-10-02 00:00:00,Period Tracker,10.1,iOS
MM_2234,2024-09-02,2024-09-09 00:00:00,Health Articles,4.1,Android
MM_2235,2024-08-15,2024-09-23 00:00:00,Health Articles,5.8,iOS
MM_2235,2024-08-15,2024-08-26 00:00:00,Symptom Logger,12.7,Android
MM_2236,2024-09-14,2024-10-17 00:00:00,Community Forum,8.0,iOS
MM_2236,2024-09-14,2024-10-22 00:00:00,Community Forum,1.7,Android
MM_2236,2024-09-14,2024-09-18 00:00:00,Period Tracker,12.1,iOS
MM_2236,2024-09-14,2024-10-31 00:00:00,Community Forum,12.5,Android
MM_2236,2024-09-14,2024-11-10 00:00:00,Health Articles,10.9,iOS
MM_2236,2024-09-14,2024-10-07 00:00:00,Community Forum,6.6,iOS
MM_2236,2024-09-14,2024-10-04 00:00:00,Symptom Logger,14.7,iOS
MM_2236,2024-09-14,2024-09-23 00:00:00,Period Tracker,13.2,iOS
MM_2236,2024-09-14,2024-09-20 00:00:00,Community Forum,5.8,Android
MM_2236,2024-09-14,2024-10-17 00:00:00,Period Tracker,3.8,Android
MM_2236,2024-09-14,2024-10-27 00:00:00,Period Tracker,13.4,Android
MM_2236,2024-09-14,2024-09-30 00:00:00,Period Tracker,6.0,iOS
MM_2236,2024-09-14,2024-10-31 00:00:00,Symptom Logger,,Android
MM_2236,2024-09-14,2024-10-11 00:00:00,Community Forum,10.6,Android
MM_2236,2024-09-14,2024-10-24 00:00:00,Period Tracker,10.3,iOS
MM_2236,2024-09-14,2024-11-04 00:00:00,Symptom Logger,6.1,Android
MM_2236,2024-09-14,2024-10-04 00:00:00,Period Tracker,9.0,iOS
MM_2236,2024-09-14,2024-10-20 00:00:00,Community Forum,,Android
MM_2236,2024-09-14,2024-10-19 00:00:00,Symptom Logger,14.2,iOS
MM_2236,2024-09-14,2024-11-11 00:00:00,Period Tracker,10.9,iOS
MM_2237,2024-09-29,2024-11-02 00:00:00,Symptom Logger,5.8,iOS
MM_2237,2024-09-29,2024-10-22 00:00:00,Symptom Logger,11.4,iOS
MM_2237,2024-09-29,2024-10-08 00:00:00,Symptom Logger,14.4,Android
MM_2237,2024-09-29,2024-10-03 00:00:00,Period Tracker,1.8,Android
MM_2237,2024-09-29,2024-11-11 00:00:00,Symptom Logger,4.6,iOS
MM_2238,2024-09-13,2024-10-09 00:00:00,Period Tracker,13.1,Android
MM_2238,2024-09-13,2024-11-03 00:00:00,Period Tracker,5.6,Android
MM_2239,2024-10-23,2024-11-30 00:00:00,Period Tracker,14.1,Android
MM_2239,2024-10-23,2024-12-15 00:00:00,Period Tracker,9.5,iOS
MM_2240,2024-08-09,2024-09-03 00:00:00,Symptom Logger,5.1,Android
MM_2240,2024-08-09,2024-09-26 00:00:00,Health Articles,3.2,Android
MM_2240,2024-08-09,2024-09-01 00:00:00,Period Tracker,9.9,iOS
MM_2240,2024-08-09,2024-08-14 00:00:00,Period Tracker,1.6,Android
MM_2240,2024-08-09,2024-09-18 00:00:00,Period Tracker,12.2,iOS
MM_2240,2024-08-09,2024-08-11 00:00:00,Period Tracker,3.3,Android
MM_2240,2024-08-09,2024-08-17 00:00:00,Health Articles,8.4,Android
MM_2240,2024-08-09,2024-08-27 00:00:00,Symptom Logger,9.8,iOS
MM_2240,2024-08-09,2024-09-14 00:00:00,Symptom Logger,13.8,Android
MM_2241,2024-08-16,2024-09-14 00:00:00,Symptom Logger,14.3,Android
MM_2241,2024-08-16,2024-10-02 00:00:00,Community Forum,11.8,Android
MM_2242,2024-10-20,2024-11-13 00:00:00,Period Tracker,2.3,Android
MM_2242,2024-10-20,2024-11-20 00:00:00,Community Forum,9.3,iOS
MM_2242,2024-10-20,2024-11-19 00:00:00,Symptom Logger,13.5,Android
MM_2242,2024-10-20,2024-12-04 00:00:00,Period Tracker,9.5,iOS
MM_2242,2024-10-20,2024-12-13 00:00:00,Health Articles,13.0,Android
MM_2242,2024-10-20,2024-11-18 00:00:00,Period Tracker,14.6,Android
MM_2242,2024-10-20,2024-12-06 00:00:00,Health Articles,5.9,Android
MM_2242,2024-10-20,2024-11-04 00:00:00,Health Articles,7.2,iOS
MM_2242,2024-10-20,2024-11-30 00:00:00,Period Tracker,11.1,iOS
MM_2242,2024-10-20,2024-11-14 00:00:00,Symptom Logger,11.8,iOS
MM_2242,2024-10-20,2024-10-22 00:00:00,Health Articles,4.4,Android
MM_2243,2024-10-26,2024-12-10 00:00:00,Period Tracker,3.6,iOS
MM_2243,2024-10-26,2024-11-07 00:00:00,Community Forum,8.2,Android
MM_2243,2024-10-26,2024-11-19 00:00:00,Symptom Logger,14.4,iOS
MM_2243,2024-10-26,2024-11-26 00:00:00,Symptom Logger,10.8,iOS
MM_2243,2024-10-26,2024-12-23 00:00:00,Community Forum,1.6,Android
MM_2243,2024-10-26,2024-11-12 00:00:00,Health Articles,1.2,Android
MM_2243,2024-10-26,2024-11-05 00:00:00,Period Tracker,5.5,Android
MM_2243,2024-10-26,2024-12-16 00:00:00,Health Articles,9.8,Android
MM_2243,2024-10-26,2024-10-26 00:00:00,Community Forum,7.3,iOS
MM_2243,2024-10-26,2024-11-13 00:00:00,Period Tracker,5.7,Android
MM_2244,2024-09-10,2024-09-26 00:00:00,Period Tracker,11.3,iOS
MM_2244,2024-09-10,2024-09-16 00:00:00,Community Forum,4.1,Android
MM_2244,2024-09-10,2024-10-24 00:00:00,Health Articles,9.7,iOS
MM_2244,2024-09-10,2024-09-17 00:00:00,Period Tracker,7.4,Android
MM_2244,2024-09-10,2024-09-29 00:00:00,Period Tracker,2.2,iOS
MM_2244,2024-09-10,2024-09-23 00:00:00,Period Tracker,15.0,Android
MM_2244,2024-09-10,2024-10-30 00:00:00,Community Forum,2.8,iOS
MM_2244,2024-09-10,2024-09-18 00:00:00,Symptom Logger,6.3,Android
MM_2244,2024-09-10,2024-10-06 00:00:00,Period Tracker,14.2,iOS
MM_2244,2024-09-10,2024-09-25 00:00:00,Symptom Logger,6.1,Android
MM_2244,2024-09-10,2024-10-02 00:00:00,Community Forum,14.6,iOS
MM_2244,2024-09-10,2024-10-28 00:00:00,Community Forum,6.3,iOS
MM_2244,2024-09-10,2024-10-22 00:00:00,Symptom Logger,4.4,Android
MM_2244,2024-09-10,2024-10-20 00:00:00,Health Articles,2.2,iOS
MM_2244,2024-09-10,2024-10-22 00:00:00,Period Tracker,12.3,Android
MM_2244,2024-09-10,2024-10-26 00:00:00,Period Tracker,13.0,iOS
MM_2244,2024-09-10,2024-10-13 00:00:00,Period Tracker,4.8,Android
MM_2244,2024-09-10,2024-09-29 00:00:00,Symptom Logger,14.6,iOS
MM_2244,2024-09-10,2024-10-29 00:00:00,Period Tracker,8.9,iOS
MM_2245,2024-08-17,2024-08-29 00:00:00,Period Tracker,6.9,Android
MM_2245,2024-08-17,2024-08-18 00:00:00,Period Tracker,11.0,Android
MM_2245,2024-08-17,2024-09-08 00:00:00,Period Tracker,4.7,Android
MM_2246,2024-09-07,2024-11-06 00:00:00,Community Forum,1.0,iOS
MM_2246,2024-09-07,2024-09-17 00:00:00,Period Tracker,4.5,iOS
MM_2246,2024-09-07,2024-10-03 00:00:00,Community Forum,7.4,Android
MM_2246,2024-09-07,2024-10-02 00:00:00,Period Tracker,4.7,Android
MM_2246,2024-09-07,2024-09-07 00:00:00,Period Tracker,9.9,iOS
MM_2246,2024-09-07,2024-10-27 00:00:00,Period Tracker,8.8,iOS
MM_2246,2024-09-07,2024-09-17 00:00:00,Symptom Logger,5.7,Android
MM_2246,2024-09-07,2024-10-19 00:00:00,Symptom Logger,3.1,iOS
MM_2246,2024-09-07,2024-10-26 00:00:00,Period Tracker,5.7,iOS
MM_2246,2024-09-07,2024-10-05 00:00:00,Symptom Logger,2.8,Android
MM_2246,2024-09-07,2024-10-07 00:00:00,Period Tracker,8.9,iOS
MM_2246,2024-09-07,2024-09-19 00:00:00,Period Tracker,10.3,Android
MM_2247,2024-10-18,2024-11-23 00:00:00,Period Tracker,2.5,iOS
MM_2247,2024-10-18,2024-12-07 00:00:00,Health Articles,4.0,Android
MM_2247,2024-10-18,2024-11-04 00:00:00,Period Tracker,9.8,Android
MM_2247,2024-10-18,2024-11-20 00:00:00,Symptom Logger,5.6,Android
MM_2247,2024-10-18,2024-11-24 00:00:00,Community Forum,11.5,iOS
MM_2248,2024-08-09,2024-09-22 00:00:00,Community Forum,12.2,iOS
MM_2248,2024-08-09,2024-09-08 00:00:00,Health Articles,9.2,iOS
MM_2249,2024-09-22,2024-09-26 00:00:00,Symptom Logger,2.7,iOS
MM_2249,2024-09-22,2024-11-05 00:00:00,Community Forum,7.0,iOS
MM_2249,2024-09-22,2024-11-08 00:00:00,Period Tracker,9.0,Android
MM_2249,2024-09-22,2024-10-27 00:00:00,Community Forum,14.2,iOS
MM_2249,2024-09-22,2024-11-04 00:00:00,Health Articles,14.4,iOS
MM_2249,2024-09-22,2024-11-11 00:00:00,Period Tracker,14.1,Android
MM_2249,2024-09-22,2024-09-30 00:00:00,Period Tracker,3.6,Android
MM_2249,2024-09-22,2024-11-12 00:00:00,Symptom Logger,2.1,iOS
MM_2249,2024-09-22,2024-09-27 00:00:00,Period Tracker,2.0,Android
MM_2249,2024-09-22,2024-10-02 00:00:00,Health Articles,8.4,Android
MM_2249,2024-09-22,2024-10-02 00:00:00,Community Forum,13.8,Android
MM_2249,2024-09-22,2024-09-26 00:00:00,Symptom Logger,,Android
MM_2249,2024-09-22,2024-11-14 00:00:00,Period Tracker,12.0,iOS
MM_2249,2024-09-22,2024-10-11 00:00:00,Community Forum,13.7,iOS
MM_2249,2024-09-22,2024-10-31 00:00:00,Community Forum,6.0,iOS
MM_2249,2024-09-22,2024-10-30 00:00:00,Symptom Logger,13.3,Android
MM_2249,2024-09-22,2024-10-02 00:00:00,Health Articles,11.1,Android
MM_2249,2024-09-22,2024-11-17 00:00:00,Period Tracker,5.9,Android
MM_2250,2024-08-28,2024-09-29 00:00:00,Period Tracker,10.6,iOS
MM_2251,2024-10-15,2024-10-20 00:00:00,Community Forum,3.9,iOS
MM_2251,2024-10-15,2024-12-14 00:00:00,Symptom Logger,4.3,Android
MM_2251,2024-10-15,2024-10-27 00:00:00,Period Tracker,10.8,Android
MM_2251,2024-10-15,2024-12-03 00:00:00,Health Articles,1.4,iOS
MM_2251,2024-10-15,2024-10-31 00:00:00,Period Tracker,13.6,Android
MM_2251,2024-10-15,2024-11-11 00:00:00,Community Forum,2.6,Android
MM_2251,2024-10-15,2024-11-28 00:00:00,Period Tracker,7.8,Android
MM_2251,2024-10-15,2024-10-23 00:00:00,Health Articles,12.9,Android
MM_2251,2024-10-15,2024-10-18 00:00:00,Period Tracker,14.2,Android
MM_2251,2024-10-15,2024-11-18 00:00:00,Community Forum,7.6,iOS
MM_2251,2024-10-15,2024-11-02 00:00:00,Community Forum,1.7,iOS
MM_2251,2024-10-15,2024-11-01 00:00:00,Health Articles,13.2,Android
MM_2251,2024-10-15,2024-12-06 00:00:00,Period Tracker,7.3,Android
MM_2252,2024-09-07,2024-11-02 00:00:00,Health Articles,14.4,Android
MM_2253,2024-08-10,2024-10-02 00:00:00,Period Tracker,11.3,iOS
MM_2254,2024-08-21,2024-10-20 00:00:00,Symptom Logger,10.7,iOS
MM_2254,2024-08-21,2024-09-10 00:00:00,Period Tracker,8.2,Android
MM_2254,2024-08-21,2024-10-10 00:00:00,Community Forum,12.2,iOS
MM_2254,2024-08-21,2024-09-22 00:00:00,Period Tracker,10.9,Android
MM_2254,2024-08-21,2024-08-28 00:00:00,Period Tracker,4.2,iOS
MM_2254,2024-08-21,2024-08-28 00:00:00,Community Forum,8.6,iOS
MM_2254,2024-08-21,2024-10-20 00:00:00,Period Tracker,11.1,iOS
MM_2254,2024-08-21,2024-09-27 00:00:00,Period Tracker,3.9,iOS
MM_2254,2024-08-21,2024-09-24 00:00:00,Symptom Logger,12.2,Android
MM_2254,2024-08-21,2024-10-09 00:00:00,Health Articles,8.8,iOS
MM_2254,2024-08-21,2024-10-05 00:00:00,Period Tracker,11.2,Android
MM_2254,2024-08-21,2024-09-11 00:00:00,Period Tracker,1.6,iOS
MM_2254,2024-08-21,2024-09-10 00:00:00,Symptom Logger,,iOS
MM_2254,2024-08-21,2024-08-23 00:00:00,Symptom Logger,2.3,iOS
MM_2254,2024-08-21,2024-09-16 00:00:00,Health Articles,8.1,iOS
MM_2254,2024-08-21,2024-09-20 00:00:00,Period Tracker,4.3,Android
MM_2255,2024-09-11,2024-10-06 00:00:00,Health Articles,10.1,iOS
MM_2255,2024-09-11,2024-10-08 00:00:00,Period Tracker,10.4,iOS
MM_2256,2024-08-18,2024-09-07 00:00:00,Period Tracker,11.1,Android
MM_2257,2024-08-21,2024-10-18 00:00:00,Community Forum,1.9,Android
MM_2257,2024-08-21,2024-10-12 00:00:00,Period Tracker,3.0,Android
MM_2257,2024-08-21,2024-09-29 00:00:00,Period Tracker,13.8,Android
MM_2257,2024-08-21,2024-10-18 00:00:00,Symptom Logger,1.7,Android
MM_2257,2024-08-21,2024-08-24 00:00:00,Period Tracker,7.7,Android
MM_2257,2024-08-21,2024-09-27 00:00:00,Period Tracker,11.5,iOS
MM_2257,2024-08-21,2024-09-25 00:00:00,Period Tracker,13.7,iOS
MM_2257,2024-08-21,2024-10-05 00:00:00,Community Forum,5.9,iOS
MM_2257,2024-08-21,2024-10-19 00:00:00,Symptom Logger,2.6,iOS
MM_2257,2024-08-21,2024-09-03 00:00:00,Period Tracker,8.6,iOS
MM_2258,2024-08-30,2024-10-27 00:00:00,Period Tracker,9.5,iOS
MM_2259,2024-08-31,2024-09-11 00:00:00,Symptom Logger,12.5,Android
MM_2260,2024-08-07,2024-08-18 00:00:00,Health Articles,10.3,iOS
MM_2261,2024-09-30,2024-10-25 00:00:00,Health Articles,,Android
MM_2261,2024-09-30,2024-11-08 00:00:00,Symptom Logger,14.7,Android
MM_2261,2024-09-30,2024-10-01 00:00:00,Period Tracker,7.1,Android
MM_2261,2024-09-30,2024-10-04 00:00:00,Symptom Logger,9.1,Android
MM_2261,2024-09-30,2024-11-06 00:00:00,Period Tracker,5.3,iOS
MM_2261,2024-09-30,2024-11-25 00:00:00,Period Tracker,10.3,iOS
MM_2261,2024-09-30,2024-10-25 00:00:00,Period Tracker,13.4,Android
MM_2261,2024-09-30,2024-10-09 00:00:00,Period Tracker,11.3,iOS
MM_2262,2024-09-11,2024-10-16 00:00:00,Symptom Logger,12.0,Android
MM_2262,2024-09-11,2024-09-18 00:00:00,Health Articles,10.5,iOS
MM_2262,2024-09-11,2024-10-14 00:00:00,Community Forum,5.2,Android
MM_2262,2024-09-11,2024-10-23 00:00:00,Period Tracker,9.9,iOS
MM_2262,2024-09-11,2024-10-23 00:00:00,Health Articles,3.0,Android
MM_2262,2024-09-11,2024-10-20 00:00:00,Period Tracker,9.9,Android
MM_2262,2024-09-11,2024-10-28 00:00:00,Community Forum,2.0,iOS
MM_2263,2024-09-24,2024-10-15 00:00:00,Symptom Logger,5.5,iOS
MM_2263,2024-09-24,2024-10-31 00:00:00,Period Tracker,6.7,Android
MM_2263,2024-09-24,2024-10-13 00:00:00,Symptom Logger,9.7,iOS
MM_2263,2024-09-24,2024-10-13 00:00:00,Period Tracker,4.0,iOS
MM_2263,2024-09-24,2024-10-19 00:00:00,Symptom Logger,9.7,iOS
MM_2264,2024-10-13,2024-11-08 00:00:00,Period Tracker,13.4,iOS
MM_2264,2024-10-13,2024-11-29 00:00:00,Period Tracker,1.6,iOS
MM_2264,2024-10-13,2024-12-02 00:00:00,Symptom Logger,13.0,iOS
MM_2264,2024-10-13,2024-11-30 00:00:00,Community Forum,14.4,Android
MM_2264,2024-10-13,2024-10-26 00:00:00,Period Tracker,8.3,Android
MM_2264,2024-10-13,2024-11-20 00:00:00,Period Tracker,10.2,Android
MM_2264,2024-10-13,2024-11-05 00:00:00,Period Tracker,4.9,iOS
MM_2264,2024-10-13,2024-12-12 00:00:00,Symptom Logger,1.0,iOS
MM_2264,2024-10-13,2024-11-11 00:00:00,Period Tracker,11.2,iOS
MM_2264,2024-10-13,2024-11-27 00:00:00,Community Forum,2.2,Android
MM_2264,2024-10-13,2024-11-05 00:00:00,Period Tracker,5.9,iOS
MM_2264,2024-10-13,2024-10-13 00:00:00,Community Forum,11.1,iOS
MM_2264,2024-10-13,2024-10-13 00:00:00,Period Tracker,4.3,iOS
MM_2265,2024-09-05,2024-10-09 00:00:00,Period Tracker,8.8,Android
MM_2266,2024-10-30,2024-12-02 00:00:00,Symptom Logger,7.4,iOS
MM_2266,2024-10-30,2024-11-25 00:00:00,Period Tracker,10.3,Android
MM_2266,2024-10-30,2024-11-24 00:00:00,Period Tracker,6.9,iOS
MM_2266,2024-10-30,2024-11-09 00:00:00,Period Tracker,1.5,Android
MM_2266,2024-10-30,2024-12-20 00:00:00,Period Tracker,8.8,iOS
MM_2266,2024-10-30,2024-11-23 00:00:00,Period Tracker,13.4,Android
MM_2266,2024-10-30,2024-12-20 00:00:00,Period Tracker,6.2,iOS
MM_2266,2024-10-30,2024-12-13 00:00:00,Period Tracker,15.0,Android
MM_2266,2024-10-30,2024-12-23 00:00:00,Community Forum,2.2,Android
MM_2266,2024-10-30,2024-11-12 00:00:00,Symptom Logger,13.8,Android
MM_2266,2024-10-30,2024-11-03 00:00:00,Period Tracker,14.2,iOS
MM_2266,2024-10-30,2024-12-15 00:00:00,Period Tracker,3.5,iOS
MM_2266,2024-10-30,2024-12-13 00:00:00,Period Tracker,8.8,iOS
MM_2266,2024-10-30,2024-11-18 00:00:00,Period Tracker,13.4,Android
MM_2266,2024-10-30,2024-12-12 00:00:00,Period Tracker,2.4,Android
MM_2266,2024-10-30,2024-12-17 00:00:00,Health Articles,9.0,Android
MM_2266,2024-10-30,2024-11-01 00:00:00,Symptom Logger,,Android
MM_2266,2024-10-30,2024-11-07 00:00:00,Period Tracker,1.3,iOS
MM_2266,2024-10-30,2024-12-06 00:00:00,Period Tracker,12.6,iOS
MM_2267,2024-09-16,2024-10-13 00:00:00,Health Articles,12.0,Android
MM_2267,2024-09-16,2024-09-24 00:00:00,Health Articles,,Android
MM_2267,2024-09-16,2024-09-23 00:00:00,Period Tracker,12.6,iOS
MM_2267,2024-09-16,2024-11-13 00:00:00,Period Tracker,11.1,Android
MM_2267,2024-09-16,2024-09-22 00:00:00,Symptom Logger,1.3,Android
MM_2267,2024-09-16,2024-10-23 00:00:00,Symptom Logger,13.0,iOS
MM_2267,2024-09-16,2024-09-18 00:00:00,Period Tracker,5.2,Android
MM_2267,2024-09-16,2024-10-06 00:00:00,Symptom Logger,9.9,iOS
MM_2267,2024-09-16,2024-10-05 00:00:00,Symptom Logger,5.9,iOS
MM_2267,2024-09-16,2024-11-03 00:00:00,Community Forum,,Android
MM_2267,2024-09-16,2024-10-05 00:00:00,Period Tracker,4.6,iOS
MM_2267,2024-09-16,2024-11-11 00:00:00,Community Forum,3.4,Android
MM_2267,2024-09-16,2024-11-15 00:00:00,Period Tracker,7.2,iOS
MM_2268,2024-09-07,2024-10-17 00:00:00,Symptom Logger,4.5,Android
MM_2268,2024-09-07,2024-11-05 00:00:00,Period Tracker,9.7,Android
MM_2269,2024-09-17,2024-10-11 00:00:00,Health Articles,4.5,Android
MM_2269,2024-09-17,2024-09-30 00:00:00,Community Forum,2.8,Android
MM_2270,2024-10-07,2024-11-06 00:00:00,Health Articles,1.6,iOS
MM_2270,2024-10-07,2024-12-05 00:00:00,Symptom Logger,13.1,Android
MM_2270,2024-10-07,2024-10-07 00:00:00,Symptom Logger,11.7,Android
MM_2270,2024-10-07,2024-10-10 00:00:00,Health Articles,14.1,iOS
MM_2270,2024-10-07,2024-12-02 00:00:00,Period Tracker,11.6,iOS
MM_2270,2024-10-07,2024-11-13 00:00:00,Symptom Logger,11.6,iOS
MM_2271,2024-09-03,2024-09-11 00:00:00,Period Tracker,7.5,iOS
MM_2271,2024-09-03,2024-11-02 00:00:00,Period Tracker,2.2,iOS
MM_2272,2024-09-11,2024-09-20 00:00:00,Period Tracker,3.5,iOS
MM_2272,2024-09-11,2024-10-08 00:00:00,Community Forum,8.2,iOS
MM_2273,2024-10-13,2024-11-05 00:00:00,Period Tracker,2.9,Android
MM_2273,2024-10-13,2024-10-27 00:00:00,Community Forum,4.4,iOS
MM_2273,2024-10-13,2024-12-02 00:00:00,Health Articles,9.6,iOS
MM_2273,2024-10-13,2024-11-05 00:00:00,Community Forum,,iOS
MM_2273,2024-10-13,2024-12-02 00:00:00,Community Forum,9.9,iOS
MM_2273,2024-10-13,2024-11-29 00:00:00,Symptom Logger,14.3,iOS
MM_2273,2024-10-13,2024-12-10 00:00:00,Symptom Logger,9.7,iOS
MM_2274,2024-08-22,2024-09-11 00:00:00,Symptom Logger,4.7,iOS
MM_2274,2024-08-22,2024-09-22 00:00:00,Period Tracker,10.3,iOS
MM_2274,2024-08-22,2024-08-25 00:00:00,Health Articles,10.5,iOS
MM_2275,2024-08-28,2024-10-27 00:00:00,Symptom Logger,10.0,Android
MM_2275,2024-08-28,2024-09-03 00:00:00,Community Forum,14.2,iOS
MM_2275,2024-08-28,2024-09-10 00:00:00,Symptom Logger,10.1,Android
MM_2275,2024-08-28,2024-08-30 00:00:00,Community Forum,10.2,iOS
MM_2275,2024-08-28,2024-10-23 00:00:00,Symptom Logger,12.5,iOS
MM_2275,2024-08-28,2024-09-16 00:00:00,Symptom Logger,14.3,iOS
MM_2275,2024-08-28,2024-09-28 00:00:00,Health Articles,14.1,Android
MM_2275,2024-08-28,2024-09-11 00:00:00,Community Forum,14.5,iOS
MM_2275,2024-08-28,2024-10-26 00:00:00,Period Tracker,14.4,Android
MM_2275,2024-08-28,2024-09-19 00:00:00,Period Tracker,12.9,Android
MM_2275,2024-08-28,2024-10-01 00:00:00,Community Forum,10.6,Android
MM_2275,2024-08-28,2024-09-16 00:00:00,Period Tracker,12.1,Android
MM_2275,2024-08-28,2024-09-29 00:00:00,Period Tracker,12.0,iOS
MM_2275,2024-08-28,2024-09-13 00:00:00,Symptom Logger,5.1,Android
MM_2276,2024-10-08,2024-11-16 00:00:00,Period Tracker,5.9,iOS
MM_2276,2024-10-08,2024-10-23 00:00:00,Community Forum,11.2,iOS
MM_2276,2024-10-08,2024-10-12 00:00:00,Community Forum,3.5,iOS
MM_2276,2024-10-08,2024-11-23 00:00:00,Period Tracker,9.5,Android
MM_2276,2024-10-08,2024-11-04 00:00:00,Health Articles,3.8,iOS
MM_2276,2024-10-08,2024-11-28 00:00:00,Period Tracker,9.6,iOS
MM_2276,2024-10-08,2024-11-16 00:00:00,Community Forum,7.8,iOS
MM_2276,2024-10-08,2024-11-20 00:00:00,Period Tracker,14.7,Android
MM_2276,2024-10-08,2024-11-06 00:00:00,Health Articles,7.0,iOS
MM_2276,2024-10-08,2024-10-25 00:00:00,Community Forum,2.3,Android
MM_2277,2024-09-26,2024-10-18 00:00:00,Health Articles,5.8,Android
MM_2277,2024-09-26,2024-10-27 00:00:00,Community Forum,2.9,iOS
MM_2277,2024-09-26,2024-11-06 00:00:00,Period Tracker,12.2,Android
MM_2277,2024-09-26,2024-10-17 00:00:00,Community Forum,8.1,iOS
MM_2277,2024-09-26,2024-10-27 00:00:00,Period Tracker,7.6,Android
MM_2277,2024-09-26,2024-11-24 00:00:00,Health Articles,3.2,Android
MM_2277,2024-09-26,2024-11-15 00:00:00,Community Forum,7.6,Android
MM_2277,2024-09-26,2024-10-15 00:00:00,Period Tracker,12.3,Android
MM_2277,2024-09-26,2024-10-06 00:00:00,Period Tracker,14.5,Android
MM_2277,2024-09-26,2024-11-16 00:00:00,Period Tracker,11.3,Android
MM_2277,2024-09-26,2024-11-13 00:00:00,Health Articles,13.9,Android
MM_2277,2024-09-26,2024-11-15 00:00:00,Symptom Logger,13.7,Android
MM_2277,2024-09-26,2024-11-22 00:00:00,Symptom Logger,3.0,Android
MM_2277,2024-09-26,2024-10-15 00:00:00,Community Forum,7.1,iOS
MM_2278,2024-08-04,2024-08-12 00:00:00,Community Forum,6.5,Android
MM_2278,2024-08-04,2024-09-18 00:00:00,Symptom Logger,1.9,iOS
MM_2278,2024-08-04,2024-09-06 00:00:00,Period Tracker,12.6,Android
MM_2278,2024-08-04,2024-08-22 00:00:00,Community Forum,7.0,Android
MM_2278,2024-08-04,2024-09-15 00:00:00,Health Articles,10.2,Android
MM_2279,2024-10-17,2024-11-05 00:00:00,Community Forum,14.0,iOS
MM_2280,2024-10-06,2024-10-07 00:00:00,Symptom Logger,2.1,Android
MM_2280,2024-10-06,2024-10-25 00:00:00,Symptom Logger,1.5,iOS
MM_2280,2024-10-06,2024-11-25 00:00:00,Period Tracker,10.1,Android
MM_2281,2024-10-07,2024-10-31 00:00:00,Symptom Logger,4.5,Android
MM_2281,2024-10-07,2024-11-14 00:00:00,Health Articles,10.6,Android
MM_2281,2024-10-07,2024-10-25 00:00:00,Health Articles,3.5,iOS
MM_2281,2024-10-07,2024-11-16 00:00:00,Symptom Logger,9.5,Android
MM_2281,2024-10-07,2024-12-03 00:00:00,Health Articles,6.7,iOS
MM_2281,2024-10-07,2024-12-05 00:00:00,Period Tracker,11.6,iOS
MM_2281,2024-10-07,2024-12-05 00:00:00,Symptom Logger,5.7,iOS
MM_2281,2024-10-07,2024-10-22 00:00:00,Period Tracker,6.5,Android
MM_2282,2024-08-17,2024-10-01 00:00:00,Period Tracker,11.8,Android
MM_2282,2024-08-17,2024-08-24 00:00:00,Period Tracker,13.9,iOS
MM_2282,2024-08-17,2024-09-17 00:00:00,Symptom Logger,9.1,Android
MM_2283,2024-09-22,2024-09-29 00:00:00,Period Tracker,11.3,iOS
MM_2283,2024-09-22,2024-11-17 00:00:00,Community Forum,1.0,iOS
MM_2284,2024-09-26,2024-11-18 00:00:00,Community Forum,12.7,iOS
MM_2285,2024-09-09,2024-11-02 00:00:00,Symptom Logger,12.6,iOS
MM_2285,2024-09-09,2024-09-15 00:00:00,Period Tracker,13.6,iOS
MM_2285,2024-09-09,2024-10-13 00:00:00,Symptom Logger,6.8,Android
MM_2285,2024-09-09,2024-10-23 00:00:00,Period Tracker,14.8,Android
MM_2285,2024-09-09,2024-11-04 00:00:00,Symptom Logger,10.9,Android
MM_2285,2024-09-09,2024-09-30 00:00:00,Period Tracker,8.2,Android
MM_2285,2024-09-09,2024-10-16 00:00:00,Symptom Logger,3.0,iOS
MM_2285,2024-09-09,2024-10-07 00:00:00,Period Tracker,1.6,iOS
MM_2285,2024-09-09,2024-11-01 00:00:00,Health Articles,6.2,iOS
MM_2285,2024-09-09,2024-09-12 00:00:00,Symptom Logger,6.5,iOS
MM_2285,2024-09-09,2024-09-15 00:00:00,Community Forum,4.8,iOS
MM_2286,2024-09-13,2024-10-27 00:00:00,Period Tracker,6.6,iOS
MM_2286,2024-09-13,2024-11-06 00:00:00,Period Tracker,1.1,Android
MM_2286,2024-09-13,2024-10-31 00:00:00,Period Tracker,4.8,Android
MM_2286,2024-09-13,2024-09-16 00:00:00,Community Forum,8.8,Android
MM_2286,2024-09-13,2024-10-08 00:00:00,Period Tracker,7.8,iOS
MM_2286,2024-09-13,2024-10-06 00:00:00,Period Tracker,1.8,iOS
MM_2286,2024-09-13,2024-09-27 00:00:00,Period Tracker,9.7,Android
MM_2286,2024-09-13,2024-10-07 00:00:00,Health Articles,5.0,iOS
MM_2286,2024-09-13,2024-09-16 00:00:00,Symptom Logger,8.8,iOS
MM_2286,2024-09-13,2024-09-15 00:00:00,Symptom Logger,11.7,Android
MM_2287,2024-08-12,2024-10-07 00:00:00,Period Tracker,8.7,Android
MM_2287,2024-08-12,2024-10-01 00:00:00,Health Articles,6.6,Android
MM_2287,2024-08-12,2024-09-22 00:00:00,Symptom Logger,6.3,iOS
MM_2287,2024-08-12,2024-08-13 00:00:00,Period Tracker,5.5,Android
MM_2287,2024-08-12,2024-09-21 00:00:00,Period Tracker,7.4,iOS
MM_2287,2024-08-12,2024-09-22 00:00:00,Health Articles,,iOS
MM_2287,2024-08-12,2024-08-14 00:00:00,Symptom Logger,10.5,iOS
MM_2287,2024-08-12,2024-09-21 00:00:00,Period Tracker,12.8,iOS
MM_2287,2024-08-12,2024-08-17 00:00:00,Health Articles,4.8,iOS
MM_2287,2024-08-12,2024-08-22 00:00:00,Period Tracker,7.7,Android
MM_2287,2024-08-12,2024-08-30 00:00:00,Period Tracker,6.2,Android
MM_2287,2024-08-12,2024-08-15 00:00:00,Period Tracker,2.7,iOS
MM_2288,2024-08-09,2024-09-11 00:00:00,Symptom Logger,1.9,iOS
MM_2288,2024-08-09,2024-09-04 00:00:00,Symptom Logger,12.7,Android
MM_2288,2024-08-09,2024-09-20 00:00:00,Period Tracker,11.3,Android
MM_2288,2024-08-09,2024-10-07 00:00:00,Symptom Logger,3.0,iOS
MM_2288,2024-08-09,2024-09-01 00:00:00,Period Tracker,8.6,Android
MM_2288,2024-08-09,2024-09-29 00:00:00,Period Tracker,7.4,iOS
MM_2288,2024-08-09,2024-08-15 00:00:00,Period Tracker,3.2,iOS
MM_2288,2024-08-09,2024-08-10 00:00:00,Period Tracker,1.9,iOS
MM_2288,2024-08-09,2024-08-24 00:00:00,Period Tracker,8.5,iOS
MM_2288,2024-08-09,2024-09-25 00:00:00,Period Tracker,2.9,Android
MM_2288,2024-08-09,2024-08-17 00:00:00,Period Tracker,1.9,iOS
MM_2288,2024-08-09,2024-09-05 00:00:00,Period Tracker,3.2,iOS
MM_2288,2024-08-09,2024-09-25 00:00:00,Period Tracker,8.1,iOS
MM_2288,2024-08-09,2024-10-02 00:00:00,Period Tracker,9.2,Android
MM_2288,2024-08-09,2024-09-07 00:00:00,Period Tracker,8.5,Android
MM_2288,2024-08-09,2024-09-30 00:00:00,Period Tracker,2.4,iOS
MM_2288,2024-08-09,2024-09-01 00:00:00,Period Tracker,8.1,iOS
MM_2288,2024-08-09,2024-09-11 00:00:00,Health Articles,2.7,Android
MM_2288,2024-08-09,2024-08-24 00:00:00,Health Articles,9.8,iOS
MM_2288,2024-08-09,2024-08-19 00:00:00,Period Tracker,9.7,iOS
MM_2289,2024-10-21,2024-11-16 00:00:00,Community Forum,6.2,Android
MM_2289,2024-10-21,2024-11-25 00:00:00,Period Tracker,3.4,Android
MM_2289,2024-10-21,2024-11-17 00:00:00,Period Tracker,2.7,Android
MM_2289,2024-10-21,2024-11-13 00:00:00,Community Forum,13.6,iOS
MM_2289,2024-10-21,2024-11-03 00:00:00,Period Tracker,13.8,Android
MM_2289,2024-10-21,2024-11-09 00:00:00,Health Articles,12.9,iOS
MM_2289,2024-10-21,2024-10-28 00:00:00,Period Tracker,5.3,Android
MM_2289,2024-10-21,2024-11-18 00:00:00,Period Tracker,7.6,Android
MM_2290,2024-08-30,2024-09-21 00:00:00,Health Articles,7.9,iOS
MM_2290,2024-08-30,2024-10-03 00:00:00,Period Tracker,4.2,iOS
MM_2290,2024-08-30,2024-10-23 00:00:00,Period Tracker,2.5,iOS
MM_2291,2024-08-25,2024-09-21 00:00:00,Health Articles,8.0,Android
MM_2291,2024-08-25,2024-10-21 00:00:00,Community Forum,2.6,Android
MM_2291,2024-08-25,2024-10-03 00:00:00,Period Tracker,1.1,Android
MM_2291,2024-08-25,2024-10-06 00:00:00,Period Tracker,8.2,Android
MM_2291,2024-08-25,2024-09-16 00:00:00,Symptom Logger,13.8,iOS
MM_2291,2024-08-25,2024-09-12 00:00:00,Symptom Logger,8.5,iOS
MM_2291,2024-08-25,2024-09-03 00:00:00,Health Articles,9.9,iOS
MM_2291,2024-08-25,2024-10-20 00:00:00,Period Tracker,11.7,Android
MM_2291,2024-08-25,2024-09-04 00:00:00,Period Tracker,10.5,Android
MM_2291,2024-08-25,2024-09-20 00:00:00,Period Tracker,5.1,Android
MM_2291,2024-08-25,2024-10-10 00:00:00,Period Tracker,14.4,Android
MM_2291,2024-08-25,2024-09-26 00:00:00,Health Articles,6.3,Android
MM_2291,2024-08-25,2024-09-10 00:00:00,Symptom Logger,14.2,Android
MM_2291,2024-08-25,2024-10-05 00:00:00,Period Tracker,10.5,Android
MM_2292,2024-09-06,2024-10-20 00:00:00,Symptom Logger,4.4,iOS
MM_2292,2024-09-06,2024-10-18 00:00:00,Period Tracker,5.7,Android
MM_2292,2024-09-06,2024-10-23 00:00:00,Period Tracker,9.0,iOS
MM_2292,2024-09-06,2024-09-17 00:00:00,Symptom Logger,1.9,iOS
MM_2292,2024-09-06,2024-10-29 00:00:00,Period Tracker,5.2,Android
MM_2292,2024-09-06,2024-10-05 00:00:00,Period Tracker,4.9,iOS
MM_2292,2024-09-06,2024-09-15 00:00:00,Period Tracker,14.0,Android
MM_2292,2024-09-06,2024-09-27 00:00:00,Period Tracker,1.2,iOS
MM_2292,2024-09-06,2024-09-28 00:00:00,Period Tracker,9.0,Android
MM_2293,2024-10-11,2024-12-03 00:00:00,Health Articles,5.3,iOS
MM_2294,2024-10-25,2024-12-02 00:00:00,Community Forum,8.9,Android
MM_2295,2024-08-31,2024-10-26 00:00:00,Health Articles,5.0,iOS
MM_2295,2024-08-31,2024-10-11 00:00:00,Community Forum,3.0,iOS
MM_2296,2024-08-29,2024-09-11 00:00:00,Period Tracker,6.9,Android
MM_2297,2024-09-30,2024-10-20 00:00:00,Symptom Logger,4.9,Android
MM_2297,2024-09-30,2024-10-15 00:00:00,Period Tracker,4.4,Android
MM_2297,2024-09-30,2024-10-13 00:00:00,Period Tracker,14.5,iOS
MM_2298,2024-09-19,2024-11-04 00:00:00,Symptom Logger,7.8,Android
MM_2298,2024-09-19,2024-10-01 00:00:00,Symptom Logger,10.7,Android
MM_2298,2024-09-19,2024-10-04 00:00:00,Period Tracker,,iOS
MM_2298,2024-09-19,2024-10-30 00:00:00,Period Tracker,10.5,iOS
MM_2298,2024-09-19,2024-09-26 00:00:00,Community Forum,,iOS
MM_2298,2024-09-19,2024-10-28 00:00:00,Period Tracker,6.9,iOS
MM_2298,2024-09-19,2024-09-26 00:00:00,Health Articles,8.4,iOS
MM_2298,2024-09-19,2024-09-22 00:00:00,Community Forum,10.2,Android
MM_2299,2024-08-09,2024-08-22 00:00:00,Period Tracker,3.3,iOS
MM_2299,2024-08-09,2024-08-25 00:00:00,Period Tracker,13.5,Android
MM_2299,2024-08-09,2024-09-07 00:00:00,Period Tracker,9.0,iOS
MM_2300,2024-10-12,2024-11-20 00:00:00,Period Tracker,6.9,iOS
MM_2300,2024-10-12,2024-10-16 00:00:00,Symptom Logger,7.9,iOS
MM_2300,2024-10-12,2024-11-30 00:00:00,Period Tracker,14.9,iOS
MM_2300,2024-10-12,2024-10-17 00:00:00,Health Articles,1.7,Android
MM_2300,2024-10-12,2024-11-18 00:00:00,Health Articles,13.2,Android
MM_2300,2024-10-12,2024-12-04 00:00:00,Community Forum,8.9,Android
MM_2300,2024-10-12,2024-10-28 00:00:00,Period Tracker,13.5,Android
MM_2301,2024-09-18,2024-09-22 00:00:00,Health Articles,9.2,Android
MM_2301,2024-09-18,2024-10-19 00:00:00,Symptom Logger,12.9,Android
MM_2301,2024-09-18,2024-09-26 00:00:00,Period Tracker,9.3,Android
MM_2301,2024-09-18,2024-10-05 00:00:00,Period Tracker,5.1,Android
MM_2301,2024-09-18,2024-09-19 00:00:00,Community Forum,14.0,iOS
MM_2301,2024-09-18,2024-09-18 00:00:00,Period Tracker,4.7,iOS
MM_2302,2024-08-27,2024-09-02 00:00:00,Period Tracker,11.1,iOS
MM_2302,2024-08-27,2024-09-27 00:00:00,Period Tracker,1.6,Android
MM_2302,2024-08-27,2024-10-21 00:00:00,Period Tracker,1.6,iOS
MM_2302,2024-08-27,2024-10-14 00:00:00,Period Tracker,13.5,iOS
MM_2302,2024-08-27,2024-09-22 00:00:00,Period Tracker,14.0,Android
MM_2302,2024-08-27,2024-09-01 00:00:00,Period Tracker,9.7,Android
MM_2302,2024-08-27,2024-10-08 00:00:00,Period Tracker,7.0,Android
MM_2302,2024-08-27,2024-09-17 00:00:00,Symptom Logger,5.9,Android
MM_2302,2024-08-27,2024-10-25 00:00:00,Period Tracker,2.9,Android
MM_2302,2024-08-27,2024-10-23 00:00:00,Period Tracker,8.0,iOS
MM_2302,2024-08-27,2024-09-18 00:00:00,Period Tracker,8.6,iOS
MM_2302,2024-08-27,2024-09-17 00:00:00,Health Articles,13.6,iOS
MM_2302,2024-08-27,2024-09-04 00:00:00,Health Articles,14.8,iOS
MM_2302,2024-08-27,2024-09-03 00:00:00,Health Articles,4.6,Android
MM_2302,2024-08-27,2024-09-20 00:00:00,Symptom Logger,3.8,Android
MM_2302,2024-08-27,2024-09-19 00:00:00,Health Articles,8.4,iOS
MM_2302,2024-08-27,2024-10-01 00:00:00,Health Articles,11.2,iOS
MM_2302,2024-08-27,2024-10-01 00:00:00,Period Tracker,1.2,Android
MM_2302,2024-08-27,2024-10-24 00:00:00,Period Tracker,14.0,Android
MM_2303,2024-10-09,2024-10-11 00:00:00,Period Tracker,3.0,iOS
MM_2303,2024-10-09,2024-12-05 00:00:00,Health Articles,7.5,Android
MM_2303,2024-10-09,2024-10-23 00:00:00,Symptom Logger,14.6,Android
MM_2303,2024-10-09,2024-12-06 00:00:00,Period Tracker,8.2,iOS
MM_2303,2024-10-09,2024-10-20 00:00:00,Symptom Logger,12.6,Android
MM_2303,2024-10-09,2024-10-23 00:00:00,Symptom Logger,5.1,Android
MM_2303,2024-10-09,2024-10-29 00:00:00,Period Tracker,1.6,iOS
MM_2303,2024-10-09,2024-10-16 00:00:00,Period Tracker,3.1,iOS
MM_2303,2024-10-09,2024-11-07 00:00:00,Symptom Logger,8.3,iOS
MM_2303,2024-10-09,2024-10-16 00:00:00,Symptom Logger,7.6,Android
MM_2303,2024-10-09,2024-11-26 00:00:00,Period Tracker,7.2,iOS
MM_2303,2024-10-09,2024-11-18 00:00:00,Period Tracker,13.0,Android
MM_2303,2024-10-09,2024-10-16 00:00:00,Symptom Logger,3.1,Android
MM_2304,2024-09-14,2024-10-11 00:00:00,Symptom Logger,10.6,iOS
MM_2304,2024-09-14,2024-11-13 00:00:00,Period Tracker,11.9,Android
MM_2305,2024-10-19,2024-10-29 00:00:00,Period Tracker,10.0,Android
MM_2305,2024-10-19,2024-10-27 00:00:00,Period Tracker,12.9,Android
MM_2305,2024-10-19,2024-11-03 00:00:00,Community Forum,2.6,iOS
MM_2305,2024-10-19,2024-11-28 00:00:00,Period Tracker,9.9,Android
MM_2305,2024-10-19,2024-12-13 00:00:00,Community Forum,13.9,Android
MM_2305,2024-10-19,2024-10-27 00:00:00,Symptom Logger,3.7,Android
MM_2305,2024-10-19,2024-11-15 00:00:00,Period Tracker,8.9,Android
MM_2305,2024-10-19,2024-12-07 00:00:00,Symptom Logger,2.9,iOS
MM_2305,2024-10-19,2024-11-19 00:00:00,Period Tracker,1.4,Android
MM_2305,2024-10-19,2024-11-13 00:00:00,Period Tracker,11.0,Android
MM_2305,2024-10-19,2024-10-29 00:00:00,Period Tracker,2.1,Android
MM_2305,2024-10-19,2024-12-14 00:00:00,Period Tracker,5.6,Android
MM_2305,2024-10-19,2024-12-02 00:00:00,Symptom Logger,2.7,iOS
MM_2306,2024-08-10,2024-09-14 00:00:00,Health Articles,12.4,Android
MM_2306,2024-08-10,2024-09-09 00:00:00,Period Tracker,9.3,iOS
MM_2306,2024-08-10,2024-08-19 00:00:00,Period Tracker,5.6,iOS
MM_2306,2024-08-10,2024-10-02 00:00:00,Health Articles,3.9,iOS
MM_2306,2024-08-10,2024-09-23 00:00:00,Period Tracker,10.2,Android
MM_2306,2024-08-10,2024-08-26 00:00:00,Health Articles,10.6,Android
MM_2306,2024-08-10,2024-08-29 00:00:00,Health Articles,12.8,Android
MM_2306,2024-08-10,2024-10-09 00:00:00,Period Tracker,1.4,iOS
MM_2306,2024-08-10,2024-09-08 00:00:00,Period Tracker,7.7,iOS
MM_2306,2024-08-10,2024-10-09 00:00:00,Health Articles,3.2,iOS
MM_2306,2024-08-10,2024-08-31 00:00:00,Period Tracker,7.6,iOS
MM_2306,2024-08-10,2024-09-02 00:00:00,Health Articles,1.2,iOS
MM_2306,2024-08-10,2024-08-26 00:00:00,Symptom Logger,7.3,Android
MM_2306,2024-08-10,2024-09-08 00:00:00,Community Forum,5.9,Android
MM_2307,2024-10-17,2024-11-12 00:00:00,Health Articles,5.2,Android
MM_2307,2024-10-17,2024-10-24 00:00:00,Period Tracker,5.7,iOS
MM_2307,2024-10-17,2024-10-31 00:00:00,Period Tracker,6.7,Android
MM_2307,2024-10-17,2024-11-16 00:00:00,Period Tracker,14.6,iOS
MM_2307,2024-10-17,2024-11-14 00:00:00,Community Forum,10.1,Android
MM_2307,2024-10-17,2024-12-12 00:00:00,Symptom Logger,,Android
MM_2307,2024-10-17,2024-11-15 00:00:00,Period Tracker,12.4,iOS
MM_2308,2024-10-25,2024-11-03 00:00:00,Period Tracker,13.3,Android
MM_2308,2024-10-25,2024-10-27 00:00:00,Symptom Logger,8.1,iOS
MM_2309,2024-10-21,2024-11-03 00:00:00,Symptom Logger,13.0,Android
MM_2309,2024-10-21,2024-10-26 00:00:00,Period Tracker,,iOS
MM_2310,2024-09-18,2024-11-12 00:00:00,Period Tracker,1.7,Android
MM_2310,2024-09-18,2024-10-02 00:00:00,Community Forum,1.0,Android
MM_2311,2024-08-02,2024-08-28 00:00:00,Symptom Logger,2.7,Android
MM_2311,2024-08-02,2024-09-02 00:00:00,Symptom Logger,8.5,iOS
MM_2311,2024-08-02,2024-09-27 00:00:00,Symptom Logger,9.8,iOS
MM_2311,2024-08-02,2024-08-07 00:00:00,Period Tracker,7.7,Android
MM_2311,2024-08-02,2024-08-11 00:00:00,Community Forum,3.6,iOS
MM_2311,2024-08-02,2024-08-06 00:00:00,Period Tracker,12.0,Android
MM_2311,2024-08-02,2024-08-31 00:00:00,Period Tracker,14.3,iOS
MM_2311,2024-08-02,2024-09-07 00:00:00,Period Tracker,2.9,iOS
MM_2311,2024-08-02,2024-08-04 00:00:00,Community Forum,,Android
MM_2311,2024-08-02,2024-09-21 00:00:00,Period Tracker,11.0,iOS
MM_2311,2024-08-02,2024-08-19 00:00:00,Health Articles,6.6,Android
MM_2311,2024-08-02,2024-08-25 00:00:00,Community Forum,7.2,Android
MM_2312,2024-10-28,2024-12-11 00:00:00,Symptom Logger,14.4,Android
MM_2312,2024-10-28,2024-12-13 00:00:00,Period Tracker,11.8,iOS
MM_2312,2024-10-28,2024-12-19 00:00:00,Community Forum,8.6,Android
MM_2312,2024-10-28,2024-11-17 00:00:00,Symptom Logger,13.6,iOS
MM_2312,2024-10-28,2024-11-09 00:00:00,Symptom Logger,11.1,iOS
MM_2312,2024-10-28,2024-12-25 00:00:00,Community Forum,7.9,Android
MM_2312,2024-10-28,2024-11-16 00:00:00,Symptom Logger,9.2,Android
MM_2313,2024-09-16,2024-10-12 00:00:00,Symptom Logger,1.3,iOS
MM_2313,2024-09-16,2024-10-10 00:00:00,Period Tracker,13.5,Android
MM_2313,2024-09-16,2024-09-30 00:00:00,Period Tracker,13.8,Android
MM_2313,2024-09-16,2024-10-31 00:00:00,Period Tracker,6.1,iOS
MM_2313,2024-09-16,2024-10-20 00:00:00,Symptom Logger,5.3,Android
MM_2313,2024-09-16,2024-10-26 00:00:00,Health Articles,3.1,Android
MM_2313,2024-09-16,2024-10-26 00:00:00,Symptom Logger,13.2,iOS
MM_2313,2024-09-16,2024-10-10 00:00:00,Health Articles,12.9,Android
MM_2313,2024-09-16,2024-10-09 00:00:00,Health Articles,10.2,Android
MM_2313,2024-09-16,2024-11-07 00:00:00,Symptom Logger,12.9,Android
MM_2313,2024-09-16,2024-09-23 00:00:00,Period Tracker,8.1,iOS
MM_2313,2024-09-16,2024-11-04 00:00:00,Period Tracker,8.8,Android
MM_2314,2024-09-26,2024-10-20 00:00:00,Period Tracker,9.6,iOS
MM_2314,2024-09-26,2024-10-31 00:00:00,Symptom Logger,5.0,Android
MM_2314,2024-09-26,2024-11-05 00:00:00,Period Tracker,7.3,Android
MM_2315,2024-10-02,2024-11-10 00:00:00,Period Tracker,5.9,Android
MM_2315,2024-10-02,2024-11-15 00:00:00,Health Articles,13.4,Android
MM_2315,2024-10-02,2024-10-25 00:00:00,Symptom Logger,4.3,iOS
MM_2315,2024-10-02,2024-10-17 00:00:00,Community Forum,3.5,Android
MM_2315,2024-10-02,2024-11-30 00:00:00,Period Tracker,8.8,iOS
MM_2315,2024-10-02,2024-10-08 00:00:00,Community Forum,9.9,Android
MM_2315,2024-10-02,2024-11-23 00:00:00,Period Tracker,2.2,Android
MM_2315,2024-10-02,2024-10-23 00:00:00,Period Tracker,9.3,iOS
MM_2315,2024-10-02,2024-10-24 00:00:00,Community Forum,12.6,iOS
MM_2315,2024-10-02,2024-11-20 00:00:00,Community Forum,12.6,Android
MM_2315,2024-10-02,2024-11-02 00:00:00,Health Articles,2.1,Android
MM_2315,2024-10-02,2024-10-30 00:00:00,Symptom Logger,6.8,Android
MM_2315,2024-10-02,2024-11-06 00:00:00,Symptom Logger,5.4,Android
MM_2315,2024-10-02,2024-11-04 00:00:00,Period Tracker,13.1,Android
MM_2316,2024-08-23,2024-08-26 00:00:00,Symptom Logger,4.0,Android
MM_2317,2024-09-30,2024-10-25 00:00:00,Period Tracker,12.4,Android
MM_2317,2024-09-30,2024-11-29 00:00:00,Period Tracker,10.3,Android
MM_2317,2024-09-30,2024-10-01 00:00:00,Period Tracker,7.9,iOS
MM_2317,2024-09-30,2024-11-26 00:00:00,Symptom Logger,8.1,Android
MM_2317,2024-09-30,2024-11-20 00:00:00,Symptom Logger,4.0,iOS
MM_2317,2024-09-30,2024-11-24 00:00:00,Symptom Logger,14.1,iOS
MM_2317,2024-09-30,2024-10-27 00:00:00,Health Articles,3.3,iOS
MM_2317,2024-09-30,2024-11-02 00:00:00,Symptom Logger,2.7,Android
MM_2317,2024-09-30,2024-10-04 00:00:00,Community Forum,5.5,iOS
MM_2317,2024-09-30,2024-10-05 00:00:00,Period Tracker,6.1,iOS
MM_2317,2024-09-30,2024-11-08 00:00:00,Period Tracker,5.5,Android
MM_2317,2024-09-30,2024-09-30 00:00:00,Symptom Logger,4.2,Android
MM_2317,2024-09-30,2024-11-03 00:00:00,Community Forum,1.0,Android
MM_2317,2024-09-30,2024-10-14 00:00:00,Period Tracker,11.6,Android
MM_2317,2024-09-30,2024-10-06 00:00:00,Period Tracker,9.1,Android
MM_2317,2024-09-30,2024-10-03 00:00:00,Period Tracker,9.2,Android
MM_2317,2024-09-30,2024-11-28 00:00:00,Community Forum,3.5,Android
MM_2317,2024-09-30,2024-11-05 00:00:00,Period Tracker,1.1,Android
MM_2317,2024-09-30,2024-11-13 00:00:00,Health Articles,6.9,iOS
MM_2318,2024-08-04,2024-08-10 00:00:00,Health Articles,11.6,iOS
MM_2318,2024-08-04,2024-09-30 00:00:00,Period Tracker,12.7,iOS
MM_2318,2024-08-04,2024-09-23 00:00:00,Symptom Logger,4.3,Android
MM_2318,2024-08-04,2024-09-01 00:00:00,Period Tracker,6.4,Android
MM_2318,2024-08-04,2024-08-20 00:00:00,Period Tracker,10.9,Android
MM_2318,2024-08-04,2024-08-30 00:00:00,Symptom Logger,3.4,Android
MM_2318,2024-08-04,2024-08-16 00:00:00,Period Tracker,12.2,iOS
MM_2318,2024-08-04,2024-09-18 00:00:00,Community Forum,1.9,iOS
MM_2318,2024-08-04,2024-08-17 00:00:00,Period Tracker,5.4,Android
MM_2318,2024-08-04,2024-09-26 00:00:00,Period Tracker,12.3,iOS
MM_2319,2024-09-09,2024-10-24 00:00:00,Health Articles,14.4,Android
MM_2319,2024-09-09,2024-10-12 00:00:00,Period Tracker,3.7,iOS
MM_2319,2024-09-09,2024-10-21 00:00:00,Symptom Logger,11.3,iOS
MM_2320,2024-09-06,2024-09-15 00:00:00,Period Tracker,7.5,iOS
MM_2320,2024-09-06,2024-10-26 00:00:00,Symptom Logger,13.9,iOS
MM_2320,2024-09-06,2024-11-04 00:00:00,Symptom Logger,4.3,iOS
MM_2320,2024-09-06,2024-09-08 00:00:00,Period Tracker,9.6,iOS
MM_2320,2024-09-06,2024-10-11 00:00:00,Period Tracker,12.5,iOS
MM_2320,2024-09-06,2024-09-25 00:00:00,Period Tracker,10.9,Android
MM_2320,2024-09-06,2024-10-04 00:00:00,Period Tracker,1.8,Android
MM_2320,2024-09-06,2024-09-21 00:00:00,Symptom Logger,1.4,iOS
MM_2320,2024-09-06,2024-09-17 00:00:00,Period Tracker,6.0,Android
MM_2320,2024-09-06,2024-10-29 00:00:00,Period Tracker,1.0,Android
MM_2321,2024-08-07,2024-08-13 00:00:00,Symptom Logger,14.9,Android
MM_2321,2024-08-07,2024-09-21 00:00:00,Period Tracker,5.0,Android
MM_2321,2024-08-07,2024-09-19 00:00:00,Community Forum,1.1,iOS
MM_2321,2024-08-07,2024-09-18 00:00:00,Period Tracker,12.6,iOS
MM_2321,2024-08-07,2024-09-09 00:00:00,Community Forum,5.0,iOS
MM_2321,2024-08-07,2024-09-25 00:00:00,Period Tracker,3.4,iOS
MM_2322,2024-09-14,2024-09-16 00:00:00,Period Tracker,11.0,Android
MM_2322,2024-09-14,2024-10-11 00:00:00,Health Articles,8.2,Android
MM_2322,2024-09-14,2024-10-18 00:00:00,Period Tracker,5.4,iOS
MM_2322,2024-09-14,2024-09-15 00:00:00,Period Tracker,7.1,Android
MM_2322,2024-09-14,2024-11-13 00:00:00,Period Tracker,13.4,iOS
MM_2322,2024-09-14,2024-10-22 00:00:00,Period Tracker,14.4,Android
MM_2323,2024-09-13,2024-09-18 00:00:00,Period Tracker,13.5,iOS
MM_2323,2024-09-13,2024-09-15 00:00:00,Period Tracker,6.9,Android
MM_2323,2024-09-13,2024-10-29 00:00:00,Period Tracker,9.4,Android
MM_2323,2024-09-13,2024-09-26 00:00:00,Period Tracker,14.5,Android
MM_2323,2024-09-13,2024-10-04 00:00:00,Health Articles,5.6,iOS
MM_2323,2024-09-13,2024-11-06 00:00:00,Period Tracker,12.4,iOS
MM_2323,2024-09-13,2024-09-23 00:00:00,Community Forum,12.5,iOS
MM_2323,2024-09-13,2024-09-17 00:00:00,Symptom Logger,12.0,iOS
MM_2323,2024-09-13,2024-09-28 00:00:00,Community Forum,7.1,Android
MM_2323,2024-09-13,2024-09-20 00:00:00,Health Articles,11.0,Android
MM_2323,2024-09-13,2024-10-05 00:00:00,Period Tracker,10.4,iOS
MM_2323,2024-09-13,2024-10-20 00:00:00,Symptom Logger,10.8,Android
MM_2323,2024-09-13,2024-10-19 00:00:00,Health Articles,3.8,iOS
MM_2323,2024-09-13,2024-11-02 00:00:00,Community Forum,13.6,iOS
MM_2323,2024-09-13,2024-09-20 00:00:00,Period Tracker,9.4,Android
MM_2323,2024-09-13,2024-09-13 00:00:00,Period Tracker,7.6,iOS
MM_2323,2024-09-13,2024-10-27 00:00:00,Symptom Logger,11.8,Android
MM_2323,2024-09-13,2024-10-09 00:00:00,Community Forum,13.5,Android
MM_2323,2024-09-13,2024-09-23 00:00:00,Period Tracker,12.1,Android
MM_2323,2024-09-13,2024-09-28 00:00:00,Period Tracker,8.2,Android
MM_2324,2024-08-11,2024-08-12 00:00:00,Period Tracker,2.0,iOS
MM_2325,2024-09-14,2024-10-27 00:00:00,Period Tracker,1.6,iOS
MM_2325,2024-09-14,2024-09-15 00:00:00,Period Tracker,1.7,iOS
MM_2325,2024-09-14,2024-10-20 00:00:00,Period Tracker,7.7,Android
MM_2325,2024-09-14,2024-09-27 00:00:00,Period Tracker,2.4,Android
MM_2325,2024-09-14,2024-10-04 00:00:00,Period Tracker,3.0,iOS
MM_2325,2024-09-14,2024-10-07 00:00:00,Community Forum,12.7,iOS
MM_2325,2024-09-14,2024-10-13 00:00:00,Period Tracker,13.6,iOS
MM_2325,2024-09-14,2024-10-09 00:00:00,Period Tracker,6.0,Android
MM_2325,2024-09-14,2024-11-07 00:00:00,Period Tracker,12.0,iOS
MM_2325,2024-09-14,2024-10-02 00:00:00,Symptom Logger,2.5,Android
MM_2325,2024-09-14,2024-09-24 00:00:00,Period Tracker,14.6,iOS
MM_2326,2024-10-03,2024-10-08 00:00:00,Period Tracker,9.0,iOS
MM_2326,2024-10-03,2024-10-20 00:00:00,Symptom Logger,9.4,iOS
MM_2327,2024-09-11,2024-10-28 00:00:00,Community Forum,7.4,Android
MM_2328,2024-08-01,2024-09-01 00:00:00,Symptom Logger,6.9,iOS
MM_2328,2024-08-01,2024-09-08 00:00:00,Symptom Logger,9.1,iOS
MM_2328,2024-08-01,2024-08-30 00:00:00,Health Articles,8.9,iOS
MM_2328,2024-08-01,2024-08-18 00:00:00,Symptom Logger,5.7,Android
MM_2328,2024-08-01,2024-09-02 00:00:00,Community Forum,9.2,iOS
MM_2328,2024-08-01,2024-09-22 00:00:00,Period Tracker,1.2,iOS
MM_2328,2024-08-01,2024-08-08 00:00:00,Period Tracker,2.9,iOS
MM_2328,2024-08-01,2024-08-24 00:00:00,Community Forum,9.1,Android
MM_2328,2024-08-01,2024-09-10 00:00:00,Period Tracker,6.6,Android
MM_2329,2024-10-12,2024-11-07 00:00:00,Period Tracker,7.3,iOS
MM_2329,2024-10-12,2024-11-07 00:00:00,Period Tracker,5.3,iOS
MM_2329,2024-10-12,2024-10-28 00:00:00,Period Tracker,11.5,iOS
MM_2329,2024-10-12,2024-11-01 00:00:00,Period Tracker,2.3,iOS
MM_2329,2024-10-12,2024-11-13 00:00:00,Period Tracker,6.5,iOS
MM_2329,2024-10-12,2024-10-17 00:00:00,Period Tracker,3.8,Android
MM_2329,2024-10-12,2024-11-26 00:00:00,Period Tracker,8.5,Android
MM_2329,2024-10-12,2024-11-16 00:00:00,Period Tracker,12.8,Android
MM_2329,2024-10-12,2024-11-05 00:00:00,Symptom Logger,4.6,Android
MM_2329,2024-10-12,2024-10-16 00:00:00,Period Tracker,7.1,Android
MM_2329,2024-10-12,2024-12-04 00:00:00,Symptom Logger,11.6,Android
MM_2329,2024-10-12,2024-12-03 00:00:00,Community Forum,8.5,Android
MM_2330,2024-08-06,2024-08-16 00:00:00,Symptom Logger,6.7,Android
MM_2330,2024-08-06,2024-09-24 00:00:00,Community Forum,8.7,Android
MM_2330,2024-08-06,2024-08-19 00:00:00,Period Tracker,1.2,iOS
MM_2330,2024-08-06,2024-08-19 00:00:00,Period Tracker,3.4,iOS
MM_2330,2024-08-06,2024-08-10 00:00:00,Period Tracker,5.3,Android
MM_2330,2024-08-06,2024-08-28 00:00:00,Period Tracker,11.9,iOS
MM_2330,2024-08-06,2024-09-08 00:00:00,Community Forum,10.9,iOS
MM_2330,2024-08-06,2024-10-02 00:00:00,Period Tracker,4.8,Android
MM_2330,2024-08-06,2024-09-12 00:00:00,Health Articles,8.8,Android
MM_2330,2024-08-06,2024-09-19 00:00:00,Community Forum,10.3,iOS
MM_2330,2024-08-06,2024-09-11 00:00:00,Period Tracker,14.1,iOS
MM_2330,2024-08-06,2024-08-27 00:00:00,Period Tracker,2.4,iOS
MM_2330,2024-08-06,2024-09-03 00:00:00,Community Forum,1.6,Android
MM_2330,2024-08-06,2024-09-22 00:00:00,Health Articles,8.7,iOS
MM_2330,2024-08-06,2024-08-16 00:00:00,Community Forum,9.8,Android
MM_2330,2024-08-06,2024-08-08 00:00:00,Period Tracker,5.8,Android
MM_2330,2024-08-06,2024-09-19 00:00:00,Period Tracker,5.0,iOS
MM_2331,2024-10-04,2024-12-01 00:00:00,Symptom Logger,4.6,iOS
MM_2331,2024-10-04,2024-10-20 00:00:00,Community Forum,11.6,iOS
MM_2332,2024-10-22,2024-11-26 00:00:00,Community Forum,7.2,iOS
MM_2332,2024-10-22,2024-11-18 00:00:00,Period Tracker,8.2,iOS
MM_2332,2024-10-22,2024-10-28 00:00:00,Period Tracker,1.3,iOS
MM_2333,2024-10-19,2024-11-07 00:00:00,Community Forum,14.0,iOS
MM_2333,2024-10-19,2024-10-23 00:00:00,Symptom Logger,4.6,iOS
MM_2333,2024-10-19,2024-12-08 00:00:00,Community Forum,11.3,Android
MM_2333,2024-10-19,2024-10-29 00:00:00,Period Tracker,8.3,iOS
MM_2333,2024-10-19,2024-11-03 00:00:00,Community Forum,12.5,iOS
MM_2333,2024-10-19,2024-10-29 00:00:00,Symptom Logger,4.3,iOS
MM_2333,2024-10-19,2024-11-22 00:00:00,Symptom Logger,10.1,Android
MM_2333,2024-10-19,2024-10-27 00:00:00,Period Tracker,1.3,iOS
MM_2333,2024-10-19,2024-12-06 00:00:00,Period Tracker,14.8,iOS
MM_2333,2024-10-19,2024-10-28 00:00:00,Period Tracker,4.0,iOS
MM_2333,2024-10-19,2024-11-07 00:00:00,Period Tracker,5.2,iOS
MM_2333,2024-10-19,2024-11-01 00:00:00,Health Articles,5.3,iOS
MM_2333,2024-10-19,2024-10-20 00:00:00,Period Tracker,10.6,Android
MM_2334,2024-10-14,2024-10-30 00:00:00,Period Tracker,1.9,Android
MM_2334,2024-10-14,2024-10-28 00:00:00,Symptom Logger,7.9,Android
MM_2334,2024-10-14,2024-10-14 00:00:00,Symptom Logger,12.7,iOS
MM_2334,2024-10-14,2024-10-25 00:00:00,Period Tracker,14.9,iOS
MM_2334,2024-10-14,2024-11-19 00:00:00,Community Forum,5.6,iOS
MM_2334,2024-10-14,2024-11-15 00:00:00,Community Forum,10.2,iOS
MM_2335,2024-10-16,2024-11-23 00:00:00,Symptom Logger,6.9,Android
MM_2335,2024-10-16,2024-10-26 00:00:00,Period Tracker,3.6,iOS
MM_2335,2024-10-16,2024-10-22 00:00:00,Period Tracker,14.5,iOS
MM_2335,2024-10-16,2024-11-10 00:00:00,Period Tracker,4.8,Android
MM_2335,2024-10-16,2024-10-16 00:00:00,Community Forum,4.0,Android
MM_2335,2024-10-16,2024-12-01 00:00:00,Period Tracker,13.2,Android
MM_2336,2024-08-10,2024-09-17 00:00:00,Symptom Logger,5.9,iOS
MM_2336,2024-08-10,2024-10-09 00:00:00,Period Tracker,8.2,iOS
MM_2337,2024-09-09,2024-10-10 00:00:00,Community Forum,7.2,iOS
MM_2337,2024-09-09,2024-11-06 00:00:00,Symptom Logger,8.1,iOS
MM_2337,2024-09-09,2024-10-24 00:00:00,Period Tracker,4.2,Android
MM_2338,2024-10-13,2024-11-22 00:00:00,Period Tracker,10.7,Android
MM_2338,2024-10-13,2024-10-20 00:00:00,Period Tracker,1.3,iOS
MM_2339,2024-10-04,2024-12-02 00:00:00,Period Tracker,3.4,Android
MM_2339,2024-10-04,2024-11-02 00:00:00,Symptom Logger,4.2,iOS
MM_2339,2024-10-04,2024-11-03 00:00:00,Community Forum,11.4,iOS
MM_2339,2024-10-04,2024-11-13 00:00:00,Community Forum,13.3,iOS
MM_2339,2024-10-04,2024-11-20 00:00:00,Period Tracker,4.7,iOS
MM_2339,2024-10-04,2024-10-23 00:00:00,Period Tracker,3.9,Android
MM_2339,2024-10-04,2024-11-09 00:00:00,Community Forum,8.8,iOS
MM_2340,2024-08-01,2024-09-28 00:00:00,Period Tracker,2.0,Android
MM_2340,2024-08-01,2024-08-14 00:00:00,Period Tracker,1.5,Android
MM_2340,2024-08-01,2024-08-25 00:00:00,Period Tracker,13.3,Android
MM_2340,2024-08-01,2024-09-17 00:00:00,Period Tracker,13.4,iOS
MM_2340,2024-08-01,2024-09-16 00:00:00,Period Tracker,14.8,iOS
MM_2341,2024-08-25,2024-09-29 00:00:00,Period Tracker,6.9,Android
MM_2341,2024-08-25,2024-10-17 00:00:00,Symptom Logger,9.9,Android
MM_2341,2024-08-25,2024-10-17 00:00:00,Health Articles,13.2,Android
MM_2341,2024-08-25,2024-09-21 00:00:00,Period Tracker,9.2,Android
MM_2341,2024-08-25,2024-09-08 00:00:00,Period Tracker,7.8,Android
MM_2342,2024-09-30,2024-11-16 00:00:00,Period Tracker,3.0,iOS
MM_2342,2024-09-30,2024-10-21 00:00:00,Period Tracker,1.7,iOS
MM_2342,2024-09-30,2024-10-20 00:00:00,Period Tracker,,iOS
MM_2342,2024-09-30,2024-10-24 00:00:00,Period Tracker,4.8,Android
MM_2342,2024-09-30,2024-10-18 00:00:00,Period Tracker,6.3,iOS
MM_2342,2024-09-30,2024-11-16 00:00:00,Period Tracker,12.7,Android
MM_2342,2024-09-30,2024-10-28 00:00:00,Period Tracker,8.5,iOS
MM_2342,2024-09-30,2024-10-16 00:00:00,Community Forum,14.8,iOS
MM_2342,2024-09-30,2024-11-05 00:00:00,Community Forum,12.8,iOS
MM_2342,2024-09-30,2024-10-04 00:00:00,Symptom Logger,11.0,Android
MM_2342,2024-09-30,2024-11-07 00:00:00,Period Tracker,14.6,Android
MM_2342,2024-09-30,2024-10-24 00:00:00,Health Articles,8.2,iOS
MM_2342,2024-09-30,2024-11-26 00:00:00,Period Tracker,3.2,Android
MM_2342,2024-09-30,2024-10-10 00:00:00,Period Tracker,7.0,iOS
MM_2342,2024-09-30,2024-10-04 00:00:00,Community Forum,7.2,Android
MM_2342,2024-09-30,2024-11-29 00:00:00,Period Tracker,12.3,Android
MM_2342,2024-09-30,2024-11-13 00:00:00,Period Tracker,4.0,iOS
MM_2342,2024-09-30,2024-11-29 00:00:00,Period Tracker,1.9,iOS
MM_2343,2024-08-27,2024-09-02 00:00:00,Symptom Logger,10.9,iOS
MM_2343,2024-08-27,2024-10-19 00:00:00,Period Tracker,11.2,iOS
MM_2343,2024-08-27,2024-09-29 00:00:00,Period Tracker,14.1,Android
MM_2343,2024-08-27,2024-09-15 00:00:00,Period Tracker,7.2,Android
MM_2343,2024-08-27,2024-10-13 00:00:00,Period Tracker,1.9,Android
MM_2343,2024-08-27,2024-09-20 00:00:00,Health Articles,9.2,iOS
MM_2343,2024-08-27,2024-10-12 00:00:00,Period Tracker,9.4,Android
MM_2343,2024-08-27,2024-10-07 00:00:00,Symptom Logger,4.8,Android
MM_2343,2024-08-27,2024-09-24 00:00:00,Symptom Logger,7.3,iOS
MM_2343,2024-08-27,2024-10-05 00:00:00,Period Tracker,1.6,Android
MM_2343,2024-08-27,2024-09-04 00:00:00,Symptom Logger,9.0,iOS
MM_2343,2024-08-27,2024-09-05 00:00:00,Symptom Logger,10.2,Android
MM_2343,2024-08-27,2024-09-14 00:00:00,Community Forum,3.2,iOS
MM_2343,2024-08-27,2024-09-06 00:00:00,Symptom Logger,14.4,Android
MM_2343,2024-08-27,2024-10-05 00:00:00,Period Tracker,7.5,iOS
MM_2343,2024-08-27,2024-10-18 00:00:00,Period Tracker,6.8,iOS
MM_2343,2024-08-27,2024-10-04 00:00:00,Period Tracker,12.7,iOS
MM_2343,2024-08-27,2024-10-09 00:00:00,Health Articles,6.1,Android
MM_2343,2024-08-27,2024-09-04 00:00:00,Period Tracker,12.2,Android
MM_2344,2024-09-24,2024-11-07 00:00:00,Period Tracker,14.3,Android
MM_2345,2024-10-22,2024-11-25 00:00:00,Period Tracker,1.1,iOS
MM_2345,2024-10-22,2024-10-29 00:00:00,Symptom Logger,9.5,Android
MM_2345,2024-10-22,2024-11-16 00:00:00,Symptom Logger,,Android
MM_2346,2024-09-02,2024-10-02 00:00:00,Symptom Logger,11.4,iOS
MM_2346,2024-09-02,2024-10-08 00:00:00,Community Forum,1.9,iOS
MM_2346,2024-09-02,2024-10-10 00:00:00,Period Tracker,8.1,iOS
MM_2347,2024-08-15,2024-09-05 00:00:00,Health Articles,8.3,iOS
MM_2347,2024-08-15,2024-09-22 00:00:00,Period Tracker,14.8,Android
MM_2347,2024-08-15,2024-10-09 00:00:00,Period Tracker,8.3,iOS
MM_2347,2024-08-15,2024-08-29 00:00:00,Period Tracker,5.3,iOS
MM_2347,2024-08-15,2024-09-30 00:00:00,Period Tracker,14.3,iOS
MM_2347,2024-08-15,2024-09-06 00:00:00,Period Tracker,14.1,iOS
MM_2347,2024-08-15,2024-09-24 00:00:00,Period Tracker,4.9,Android
MM_2347,2024-08-15,2024-10-07 00:00:00,Period Tracker,8.2,Android
MM_2347,2024-08-15,2024-08-27 00:00:00,Symptom Logger,11.9,iOS
MM_2347,2024-08-15,2024-08-25 00:00:00,Community Forum,11.7,iOS
MM_2347,2024-08-15,2024-09-20 00:00:00,Period Tracker,3.6,Android
MM_2348,2024-09-04,2024-09-14 00:00:00,Period Tracker,4.0,iOS
MM_2348,2024-09-04,2024-10-23 00:00:00,Period Tracker,9.8,iOS
MM_2348,2024-09-04,2024-10-16 00:00:00,Period Tracker,5.6,iOS
MM_2348,2024-09-04,2024-11-01 00:00:00,Period Tracker,8.4,Android
MM_2348,2024-09-04,2024-09-30 00:00:00,Community Forum,6.9,Android
MM_2348,2024-09-04,2024-09-18 00:00:00,Community Forum,1.3,Android
MM_2348,2024-09-04,2024-10-12 00:00:00,Community Forum,10.1,Android
MM_2348,2024-09-04,2024-09-28 00:00:00,Period Tracker,6.8,iOS
MM_2348,2024-09-04,2024-10-21 00:00:00,Period Tracker,14.7,Android
MM_2348,2024-09-04,2024-10-08 00:00:00,Community Forum,2.9,Android
MM_2348,2024-09-04,2024-10-01 00:00:00,Period Tracker,3.9,Android
MM_2348,2024-09-04,2024-09-30 00:00:00,Period Tracker,1.7,iOS
MM_2348,2024-09-04,2024-09-25 00:00:00,Symptom Logger,8.3,iOS
MM_2348,2024-09-04,2024-10-19 00:00:00,Period Tracker,13.6,iOS
MM_2348,2024-09-04,2024-10-06 00:00:00,Period Tracker,4.3,iOS
MM_2348,2024-09-04,2024-10-17 00:00:00,Community Forum,13.0,iOS
MM_2348,2024-09-04,2024-09-14 00:00:00,Health Articles,1.8,Android
MM_2348,2024-09-04,2024-09-20 00:00:00,Symptom Logger,3.5,Android
MM_2349,2024-08-06,2024-09-16 00:00:00,Symptom Logger,8.0,iOS
MM_2349,2024-08-06,2024-08-24 00:00:00,Community Forum,9.0,iOS
MM_2350,2024-09-08,2024-09-10 00:00:00,Community Forum,11.0,Android
MM_2350,2024-09-08,2024-11-01 00:00:00,Period Tracker,1.3,iOS
MM_2351,2024-10-15,2024-12-13 00:00:00,Period Tracker,7.3,Android
MM_2351,2024-10-15,2024-12-13 00:00:00,Period Tracker,9.1,Android
MM_2351,2024-10-15,2024-12-08 00:00:00,Period Tracker,1.7,Android
MM_2351,2024-10-15,2024-10-30 00:00:00,Community Forum,11.9,Android
MM_2351,2024-10-15,2024-11-12 00:00:00,Period Tracker,10.7,iOS
MM_2351,2024-10-15,2024-11-29 00:00:00,Community Forum,8.2,Android
MM_2351,2024-10-15,2024-10-15 00:00:00,Period Tracker,1.1,Android
MM_2351,2024-10-15,2024-11-01 00:00:00,Period Tracker,2.4,iOS
MM_2351,2024-10-15,2024-12-14 00:00:00,Period Tracker,12.0,iOS
MM_2351,2024-10-15,2024-10-26 00:00:00,Period Tracker,10.1,iOS
MM_2351,2024-10-15,2024-11-29 00:00:00,Symptom Logger,9.5,Android
MM_2351,2024-10-15,2024-11-04 00:00:00,Period Tracker,5.8,Android
MM_2351,2024-10-15,2024-11-27 00:00:00,Health Articles,8.7,Android
MM_2351,2024-10-15,2024-10-23 00:00:00,Symptom Logger,3.9,Android
MM_2351,2024-10-15,2024-12-11 00:00:00,Period Tracker,6.0,iOS
MM_2351,2024-10-15,2024-10-15 00:00:00,Health Articles,13.3,iOS
MM_2352,2024-10-01,2024-10-20 00:00:00,Health Articles,4.4,Android
MM_2352,2024-10-01,2024-10-10 00:00:00,Symptom Logger,14.6,Android
MM_2352,2024-10-01,2024-11-13 00:00:00,Period Tracker,10.6,iOS
MM_2353,2024-09-09,2024-09-21 00:00:00,Community Forum,1.4,iOS
MM_2353,2024-09-09,2024-10-19 00:00:00,Period Tracker,11.6,iOS
MM_2354,2024-08-06,2024-09-23 00:00:00,Period Tracker,15.0,iOS
MM_2354,2024-08-06,2024-09-09 00:00:00,Symptom Logger,2.0,Android
MM_2354,2024-08-06,2024-09-12 00:00:00,Period Tracker,9.6,iOS
MM_2354,2024-08-06,2024-10-05 00:00:00,Period Tracker,6.8,iOS
MM_2354,2024-08-06,2024-08-28 00:00:00,Period Tracker,2.9,Android
MM_2354,2024-08-06,2024-09-20 00:00:00,Period Tracker,3.6,Android
MM_2354,2024-08-06,2024-09-09 00:00:00,Symptom Logger,11.1,Android
MM_2354,2024-08-06,2024-09-14 00:00:00,Symptom Logger,1.7,iOS
MM_2355,2024-08-15,2024-08-27 00:00:00,Symptom Logger,1.1,iOS
MM_2355,2024-08-15,2024-08-23 00:00:00,Period Tracker,11.2,iOS
MM_2355,2024-08-15,2024-10-03 00:00:00,Health Articles,14.2,Android
MM_2355,2024-08-15,2024-08-30 00:00:00,Period Tracker,4.0,Android
MM_2355,2024-08-15,2024-09-01 00:00:00,Symptom Logger,10.6,Android
MM_2355,2024-08-15,2024-08-16 00:00:00,Period Tracker,6.9,Android
MM_2355,2024-08-15,2024-09-29 00:00:00,Period Tracker,5.8,iOS
MM_2355,2024-08-15,2024-08-28 00:00:00,Symptom Logger,14.5,iOS
MM_2355,2024-08-15,2024-09-30 00:00:00,Period Tracker,10.0,iOS
MM_2355,2024-08-15,2024-10-12 00:00:00,Period Tracker,4.7,iOS
MM_2355,2024-08-15,2024-09-02 00:00:00,Community Forum,,Android
MM_2355,2024-08-15,2024-10-09 00:00:00,Period Tracker,2.5,iOS
MM_2355,2024-08-15,2024-10-11 00:00:00,Period Tracker,2.2,iOS
MM_2355,2024-08-15,2024-09-26 00:00:00,Period Tracker,14.6,iOS
MM_2355,2024-08-15,2024-09-03 00:00:00,Community Forum,14.0,Android
MM_2355,2024-08-15,2024-08-20 00:00:00,Period Tracker,5.1,Android
MM_2355,2024-08-15,2024-10-07 00:00:00,Period Tracker,11.8,Android
MM_2355,2024-08-15,2024-09-18 00:00:00,Period Tracker,10.7,iOS
MM_2355,2024-08-15,2024-09-01 00:00:00,Symptom Logger,4.5,iOS
MM_2356,2024-09-19,2024-11-02 00:00:00,Health Articles,,Android
MM_2357,2024-10-25,2024-11-26 00:00:00,Community Forum,8.4,Android
MM_2357,2024-10-25,2024-10-28 00:00:00,Period Tracker,3.3,Android
MM_2357,2024-10-25,2024-10-28 00:00:00,Symptom Logger,10.3,iOS
MM_2357,2024-10-25,2024-12-07 00:00:00,Period Tracker,10.7,iOS
MM_2357,2024-10-25,2024-11-21 00:00:00,Symptom Logger,4.1,Android
MM_2357,2024-10-25,2024-11-16 00:00:00,Period Tracker,9.5,iOS
MM_2357,2024-10-25,2024-11-22 00:00:00,Health Articles,3.0,Android
MM_2357,2024-10-25,2024-11-01 00:00:00,Symptom Logger,6.8,Android
MM_2357,2024-10-25,2024-12-03 00:00:00,Symptom Logger,7.3,Android
MM_2357,2024-10-25,2024-11-09 00:00:00,Period Tracker,6.6,iOS
MM_2357,2024-10-25,2024-10-29 00:00:00,Period Tracker,10.8,Android
MM_2357,2024-10-25,2024-12-08 00:00:00,Community Forum,4.2,Android
MM_2357,2024-10-25,2024-11-27 00:00:00,Period Tracker,1.7,Android
MM_2357,2024-10-25,2024-11-17 00:00:00,Period Tracker,1.7,Android
MM_2357,2024-10-25,2024-10-27 00:00:00,Period Tracker,13.4,Android
MM_2358,2024-08-26,2024-08-28 00:00:00,Period Tracker,12.7,Android
MM_2358,2024-08-26,2024-10-08 00:00:00,Community Forum,7.3,Android
MM_2358,2024-08-26,2024-09-16 00:00:00,Symptom Logger,7.8,Android
MM_2358,2024-08-26,2024-09-09 00:00:00,Period Tracker,3.5,iOS
MM_2358,2024-08-26,2024-10-05 00:00:00,Symptom Logger,13.8,iOS
MM_2358,2024-08-26,2024-10-23 00:00:00,Period Tracker,10.2,iOS
MM_2358,2024-08-26,2024-09-21 00:00:00,Period Tracker,13.8,Android
MM_2358,2024-08-26,2024-09-04 00:00:00,Symptom Logger,4.4,iOS
MM_2358,2024-08-26,2024-10-09 00:00:00,Symptom Logger,12.7,iOS
MM_2358,2024-08-26,2024-10-07 00:00:00,Symptom Logger,3.0,Android
MM_2359,2024-09-26,2024-09-28 00:00:00,Symptom Logger,13.4,iOS
MM_2359,2024-09-26,2024-10-02 00:00:00,Health Articles,14.7,Android
MM_2359,2024-09-26,2024-09-27 00:00:00,Period Tracker,13.8,Android
MM_2359,2024-09-26,2024-10-08 00:00:00,Period Tracker,12.4,iOS
MM_2359,2024-09-26,2024-10-09 00:00:00,Symptom Logger,6.6,Android
MM_2360,2024-10-21,2024-12-14 00:00:00,Community Forum,2.4,Android
MM_2361,2024-09-16,2024-10-30 00:00:00,Period Tracker,10.2,iOS
MM_2361,2024-09-16,2024-09-27 00:00:00,Period Tracker,14.1,iOS
MM_2362,2024-08-04,2024-08-27 00:00:00,Community Forum,5.6,Android
MM_2362,2024-08-04,2024-09-13 00:00:00,Symptom Logger,3.0,Android
MM_2362,2024-08-04,2024-09-17 00:00:00,Community Forum,14.2,Android
MM_2362,2024-08-04,2024-09-29 00:00:00,Symptom Logger,11.1,Android
MM_2362,2024-08-04,2024-09-10 00:00:00,Community Forum,6.4,iOS
MM_2362,2024-08-04,2024-09-03 00:00:00,Period Tracker,12.8,Android
MM_2362,2024-08-04,2024-09-24 00:00:00,Symptom Logger,2.5,iOS
MM_2362,2024-08-04,2024-08-29 00:00:00,Community Forum,13.0,Android
MM_2362,2024-08-04,2024-09-20 00:00:00,Community Forum,12.1,iOS
MM_2362,2024-08-04,2024-09-13 00:00:00,Period Tracker,7.2,iOS
MM_2362,2024-08-04,2024-08-29 00:00:00,Period Tracker,5.8,Android
MM_2363,2024-08-01,2024-09-24 00:00:00,Health Articles,12.7,Android
MM_2363,2024-08-01,2024-08-29 00:00:00,Health Articles,13.4,Android
MM_2363,2024-08-01,2024-08-19 00:00:00,Period Tracker,5.6,iOS
MM_2363,2024-08-01,2024-08-24 00:00:00,Community Forum,4.8,iOS
MM_2363,2024-08-01,2024-09-23 00:00:00,Period Tracker,,Android
MM_2363,2024-08-01,2024-08-02 00:00:00,Symptom Logger,9.8,Android
MM_2363,2024-08-01,2024-09-16 00:00:00,Community Forum,4.4,Android
MM_2363,2024-08-01,2024-09-15 00:00:00,Symptom Logger,8.5,Android
MM_2363,2024-08-01,2024-08-17 00:00:00,Period Tracker,9.8,iOS
MM_2363,2024-08-01,2024-09-26 00:00:00,Period Tracker,1.6,Android
MM_2363,2024-08-01,2024-08-12 00:00:00,Symptom Logger,2.5,Android
MM_2363,2024-08-01,2024-08-06 00:00:00,Period Tracker,13.8,Android
MM_2363,2024-08-01,2024-09-29 00:00:00,Symptom Logger,13.5,iOS
MM_2363,2024-08-01,2024-09-07 00:00:00,Period Tracker,9.5,iOS
MM_2363,2024-08-01,2024-08-22 00:00:00,Period Tracker,5.6,Android
MM_2363,2024-08-01,2024-08-25 00:00:00,Period Tracker,1.1,Android
MM_2363,2024-08-01,2024-08-14 00:00:00,Health Articles,5.1,iOS
MM_2363,2024-08-01,2024-09-19 00:00:00,Period Tracker,11.9,Android
MM_2363,2024-08-01,2024-09-22 00:00:00,Health Articles,4.7,iOS
MM_2363,2024-08-01,2024-09-28 00:00:00,Period Tracker,,iOS
MM_2364,2024-08-26,2024-08-30 00:00:00,Period Tracker,12.7,Android
MM_2364,2024-08-26,2024-10-07 00:00:00,Period Tracker,10.7,Android
MM_2364,2024-08-26,2024-10-17 00:00:00,Period Tracker,7.0,iOS
MM_2364,2024-08-26,2024-10-05 00:00:00,Community Forum,1.0,iOS
MM_2364,2024-08-26,2024-09-08 00:00:00,Period Tracker,8.3,Android
MM_2364,2024-08-26,2024-08-29 00:00:00,Community Forum,14.5,Android
MM_2364,2024-08-26,2024-10-05 00:00:00,Community Forum,5.0,Android
MM_2365,2024-08-24,2024-09-20 00:00:00,Health Articles,3.7,Android
MM_2365,2024-08-24,2024-09-02 00:00:00,Period Tracker,4.1,iOS
MM_2366,2024-09-19,2024-10-29 00:00:00,Period Tracker,8.6,Android
MM_2366,2024-09-19,2024-11-08 00:00:00,Period Tracker,1.4,iOS
MM_2366,2024-09-19,2024-10-02 00:00:00,Community Forum,4.6,Android
MM_2366,2024-09-19,2024-10-30 00:00:00,Period Tracker,6.4,Android
MM_2366,2024-09-19,2024-11-18 00:00:00,Community Forum,11.3,iOS
MM_2366,2024-09-19,2024-10-05 00:00:00,Period Tracker,6.5,iOS
MM_2366,2024-09-19,2024-10-08 00:00:00,Period Tracker,11.0,iOS
MM_2366,2024-09-19,2024-10-03 00:00:00,Period Tracker,10.8,iOS
MM_2366,2024-09-19,2024-11-05 00:00:00,Period Tracker,10.4,Android
MM_2366,2024-09-19,2024-11-03 00:00:00,Symptom Logger,12.8,Android
MM_2366,2024-09-19,2024-10-04 00:00:00,Community Forum,12.4,Android
MM_2366,2024-09-19,2024-10-31 00:00:00,Symptom Logger,8.2,Android
MM_2366,2024-09-19,2024-10-21 00:00:00,Symptom Logger,10.8,Android
MM_2366,2024-09-19,2024-10-07 00:00:00,Period Tracker,12.7,Android
MM_2366,2024-09-19,2024-10-17 00:00:00,Symptom Logger,13.8,iOS
MM_2366,2024-09-19,2024-10-04 00:00:00,Health Articles,1.7,Android
MM_2366,2024-09-19,2024-10-11 00:00:00,Period Tracker,11.8,iOS
MM_2366,2024-09-19,2024-11-17 00:00:00,Period Tracker,7.5,Android
MM_2366,2024-09-19,2024-10-29 00:00:00,Community Forum,11.0,Android
MM_2366,2024-09-19,2024-11-03 00:00:00,Period Tracker,9.2,iOS
MM_2367,2024-08-28,2024-08-28 00:00:00,Period Tracker,4.8,iOS
MM_2367,2024-08-28,2024-10-04 00:00:00,Period Tracker,4.9,iOS
MM_2367,2024-08-28,2024-10-23 00:00:00,Period Tracker,9.4,Android
MM_2367,2024-08-28,2024-09-19 00:00:00,Period Tracker,8.8,iOS
MM_2367,2024-08-28,2024-09-24 00:00:00,Health Articles,3.2,Android
MM_2367,2024-08-28,2024-10-18 00:00:00,Period Tracker,3.2,iOS
MM_2367,2024-08-28,2024-09-19 00:00:00,Health Articles,2.6,iOS
MM_2368,2024-08-09,2024-08-28 00:00:00,Period Tracker,5.0,Android
MM_2368,2024-08-09,2024-09-16 00:00:00,Period Tracker,13.8,Android
MM_2368,2024-08-09,2024-08-17 00:00:00,Period Tracker,4.3,Android
MM_2368,2024-08-09,2024-08-12 00:00:00,Symptom Logger,14.6,iOS
MM_2368,2024-08-09,2024-09-29 00:00:00,Period Tracker,9.7,iOS
MM_2368,2024-08-09,2024-09-19 00:00:00,Period Tracker,6.7,Android
MM_2368,2024-08-09,2024-09-03 00:00:00,Period Tracker,5.9,iOS
MM_2369,2024-09-13,2024-09-14 00:00:00,Period Tracker,7.3,iOS
MM_2369,2024-09-13,2024-10-10 00:00:00,Health Articles,7.1,iOS
MM_2369,2024-09-13,2024-11-05 00:00:00,Period Tracker,5.6,Android
MM_2369,2024-09-13,2024-10-26 00:00:00,Period Tracker,2.0,iOS
MM_2369,2024-09-13,2024-09-28 00:00:00,Community Forum,11.7,iOS
MM_2369,2024-09-13,2024-09-19 00:00:00,Symptom Logger,8.7,iOS
MM_2369,2024-09-13,2024-10-17 00:00:00,Period Tracker,14.7,iOS
MM_2370,2024-10-23,2024-11-21 00:00:00,Period Tracker,14.1,Android
MM_2370,2024-10-23,2024-11-29 00:00:00,Period Tracker,12.8,iOS
MM_2370,2024-10-23,2024-11-01 00:00:00,Community Forum,5.5,iOS
MM_2370,2024-10-23,2024-11-22 00:00:00,Period Tracker,14.9,Android
MM_2370,2024-10-23,2024-11-25 00:00:00,Period Tracker,14.6,Android
MM_2370,2024-10-23,2024-11-21 00:00:00,Period Tracker,13.6,Android
MM_2370,2024-10-23,2024-11-22 00:00:00,Symptom Logger,4.6,Android
MM_2370,2024-10-23,2024-12-01 00:00:00,Community Forum,11.1,Android
MM_2370,2024-10-23,2024-12-07 00:00:00,Symptom Logger,8.8,iOS
MM_2370,2024-10-23,2024-12-05 00:00:00,Symptom Logger,10.1,Android
MM_2370,2024-10-23,2024-11-01 00:00:00,Period Tracker,5.7,Android
MM_2370,2024-10-23,2024-10-31 00:00:00,Symptom Logger,5.1,Android
MM_2370,2024-10-23,2024-12-17 00:00:00,Community Forum,10.2,iOS
MM_2370,2024-10-23,2024-12-07 00:00:00,Symptom Logger,5.6,iOS
MM_2370,2024-10-23,2024-10-31 00:00:00,Symptom Logger,10.5,iOS
MM_2370,2024-10-23,2024-11-04 00:00:00,Period Tracker,14.3,Android
MM_2370,2024-10-23,2024-11-07 00:00:00,Symptom Logger,4.1,Android
MM_2371,2024-08-26,2024-09-26 00:00:00,Period Tracker,1.8,Android
MM_2371,2024-08-26,2024-09-07 00:00:00,Symptom Logger,13.8,Android
MM_2372,2024-10-14,2024-11-01 00:00:00,Period Tracker,8.1,Android
MM_2372,2024-10-14,2024-11-16 00:00:00,Period Tracker,11.9,iOS
MM_2372,2024-10-14,2024-11-12 00:00:00,Period Tracker,12.1,iOS
MM_2372,2024-10-14,2024-10-16 00:00:00,Period Tracker,14.5,iOS
MM_2372,2024-10-14,2024-10-26 00:00:00,Symptom Logger,9.6,iOS
MM_2372,2024-10-14,2024-12-05 00:00:00,Period Tracker,1.5,Android
MM_2372,2024-10-14,2024-10-22 00:00:00,Symptom Logger,2.3,iOS
MM_2372,2024-10-14,2024-10-29 00:00:00,Community Forum,6.3,iOS
MM_2372,2024-10-14,2024-11-27 00:00:00,Period Tracker,1.1,Android
MM_2372,2024-10-14,2024-11-21 00:00:00,Period Tracker,10.2,Android
MM_2372,2024-10-14,2024-12-02 00:00:00,Period Tracker,10.3,Android
MM_2373,2024-08-01,2024-09-21 00:00:00,Period Tracker,9.2,Android
MM_2373,2024-08-01,2024-08-02 00:00:00,Symptom Logger,12.7,iOS
MM_2373,2024-08-01,2024-08-20 00:00:00,Symptom Logger,2.5,Android
MM_2373,2024-08-01,2024-08-26 00:00:00,Period Tracker,11.1,iOS
MM_2373,2024-08-01,2024-09-01 00:00:00,Community Forum,13.6,iOS
MM_2373,2024-08-01,2024-08-05 00:00:00,Period Tracker,8.5,Android
MM_2373,2024-08-01,2024-09-13 00:00:00,Period Tracker,10.6,Android
MM_2373,2024-08-01,2024-09-13 00:00:00,Symptom Logger,10.6,iOS
MM_2373,2024-08-01,2024-08-12 00:00:00,Period Tracker,,Android
MM_2373,2024-08-01,2024-08-26 00:00:00,Symptom Logger,11.2,iOS
MM_2374,2024-10-10,2024-12-05 00:00:00,Symptom Logger,12.0,Android
MM_2374,2024-10-10,2024-12-03 00:00:00,Period Tracker,10.1,iOS
MM_2374,2024-10-10,2024-11-03 00:00:00,Period Tracker,7.5,Android
MM_2374,2024-10-10,2024-11-17 00:00:00,Period Tracker,,Android
MM_2374,2024-10-10,2024-12-01 00:00:00,Health Articles,3.6,Android
MM_2374,2024-10-10,2024-11-22 00:00:00,Period Tracker,6.2,iOS
MM_2374,2024-10-10,2024-10-12 00:00:00,Period Tracker,3.2,iOS
MM_2374,2024-10-10,2024-11-16 00:00:00,Period Tracker,10.9,iOS
MM_2374,2024-10-10,2024-11-17 00:00:00,Health Articles,6.4,iOS
MM_2374,2024-10-10,2024-12-08 00:00:00,Health Articles,13.2,Android
MM_2374,2024-10-10,2024-11-04 00:00:00,Period Tracker,2.8,Android
MM_2374,2024-10-10,2024-10-11 00:00:00,Period Tracker,13.1,iOS
MM_2374,2024-10-10,2024-10-22 00:00:00,Period Tracker,8.3,Android
MM_2374,2024-10-10,2024-11-13 00:00:00,Period Tracker,9.0,iOS
MM_2374,2024-10-10,2024-11-19 00:00:00,Period Tracker,12.1,iOS
MM_2375,2024-09-13,2024-09-17 00:00:00,Symptom Logger,11.6,Android
MM_2375,2024-09-13,2024-09-15 00:00:00,Health Articles,2.2,Android
MM_2375,2024-09-13,2024-10-13 00:00:00,Period Tracker,7.9,Android
MM_2375,2024-09-13,2024-11-07 00:00:00,Period Tracker,13.1,Android
MM_2375,2024-09-13,2024-09-16 00:00:00,Period Tracker,1.1,iOS
MM_2375,2024-09-13,2024-10-07 00:00:00,Community Forum,14.3,Android
MM_2376,2024-08-31,2024-09-27 00:00:00,Period Tracker,12.0,Android
MM_2376,2024-08-31,2024-10-03 00:00:00,Community Forum,2.2,Android
MM_2376,2024-08-31,2024-10-12 00:00:00,Community Forum,11.3,Android
MM_2376,2024-08-31,2024-08-31 00:00:00,Period Tracker,11.5,Android
MM_2376,2024-08-31,2024-09-13 00:00:00,Community Forum,9.6,iOS
MM_2376,2024-08-31,2024-09-20 00:00:00,Period Tracker,8.4,iOS
MM_2376,2024-08-31,2024-09-17 00:00:00,Period Tracker,1.4,Android
MM_2376,2024-08-31,2024-10-10 00:00:00,Health Articles,1.9,iOS
MM_2376,2024-08-31,2024-09-29 00:00:00,Symptom Logger,10.6,Android
MM_2377,2024-09-19,2024-11-04 00:00:00,Period Tracker,2.4,iOS
MM_2377,2024-09-19,2024-11-10 00:00:00,Symptom Logger,9.5,iOS
MM_2377,2024-09-19,2024-09-28 00:00:00,Period Tracker,5.7,Android
MM_2377,2024-09-19,2024-11-05 00:00:00,Period Tracker,12.5,Android
MM_2377,2024-09-19,2024-11-18 00:00:00,Period Tracker,7.0,iOS
MM_2377,2024-09-19,2024-10-22 00:00:00,Period Tracker,7.3,iOS
MM_2377,2024-09-19,2024-10-11 00:00:00,Period Tracker,14.5,Android
MM_2377,2024-09-19,2024-10-07 00:00:00,Period Tracker,11.1,iOS
MM_2377,2024-09-19,2024-10-13 00:00:00,Period Tracker,4.9,Android
MM_2377,2024-09-19,2024-10-05 00:00:00,Period Tracker,13.9,Android
MM_2377,2024-09-19,2024-11-13 00:00:00,Period Tracker,11.0,Android
MM_2377,2024-09-19,2024-10-13 00:00:00,Period Tracker,11.9,Android
MM_2377,2024-09-19,2024-09-24 00:00:00,Period Tracker,7.7,Android
MM_2377,2024-09-19,2024-09-24 00:00:00,Period Tracker,5.4,iOS
MM_2377,2024-09-19,2024-09-28 00:00:00,Community Forum,5.2,iOS
MM_2377,2024-09-19,2024-10-27 00:00:00,Period Tracker,5.1,Android
MM_2377,2024-09-19,2024-09-21 00:00:00,Period Tracker,5.5,iOS
MM_2377,2024-09-19,2024-09-28 00:00:00,Community Forum,14.4,Android
MM_2377,2024-09-19,2024-11-14 00:00:00,Community Forum,5.8,iOS
MM_2377,2024-09-19,2024-11-11 00:00:00,Health Articles,2.4,iOS
MM_2378,2024-09-01,2024-09-25 00:00:00,Community Forum,6.9,iOS
MM_2378,2024-09-01,2024-10-17 00:00:00,Period Tracker,9.9,Android
MM_2378,2024-09-01,2024-09-16 00:00:00,Period Tracker,4.9,Android
MM_2378,2024-09-01,2024-09-29 00:00:00,Community Forum,11.9,iOS
MM_2378,2024-09-01,2024-10-14 00:00:00,Symptom Logger,6.8,Android
MM_2379,2024-09-25,2024-09-28 00:00:00,Period Tracker,13.2,iOS
MM_2379,2024-09-25,2024-10-05 00:00:00,Period Tracker,4.1,Android
MM_2379,2024-09-25,2024-11-22 00:00:00,Community Forum,5.9,iOS
MM_2379,2024-09-25,2024-10-31 00:00:00,Period Tracker,4.0,iOS
MM_2379,2024-09-25,2024-09-26 00:00:00,Health Articles,4.5,Android
MM_2379,2024-09-25,2024-11-16 00:00:00,Health Articles,5.3,iOS
MM_2379,2024-09-25,2024-09-29 00:00:00,Period Tracker,12.4,Android
MM_2379,2024-09-25,2024-09-26 00:00:00,Period Tracker,3.5,Android
MM_2379,2024-09-25,2024-10-23 00:00:00,Period Tracker,8.0,Android
MM_2380,2024-10-04,2024-11-25 00:00:00,Period Tracker,11.8,iOS
MM_2380,2024-10-04,2024-11-21 00:00:00,Symptom Logger,10.0,iOS
MM_2380,2024-10-04,2024-10-31 00:00:00,Health Articles,11.6,Android
MM_2380,2024-10-04,2024-11-05 00:00:00,Symptom Logger,14.5,iOS
MM_2380,2024-10-04,2024-11-04 00:00:00,Period Tracker,14.1,Android
MM_2380,2024-10-04,2024-11-02 00:00:00,Period Tracker,5.3,Android
MM_2380,2024-10-04,2024-10-16 00:00:00,Health Articles,9.5,Android
MM_2380,2024-10-04,2024-10-21 00:00:00,Period Tracker,13.9,iOS
MM_2380,2024-10-04,2024-11-27 00:00:00,Symptom Logger,6.1,iOS
MM_2380,2024-10-04,2024-10-21 00:00:00,Symptom Logger,1.1,Android
MM_2380,2024-10-04,2024-11-20 00:00:00,Health Articles,8.1,iOS
MM_2380,2024-10-04,2024-11-13 00:00:00,Period Tracker,7.9,iOS
MM_2380,2024-10-04,2024-11-02 00:00:00,Symptom Logger,13.1,iOS
MM_2380,2024-10-04,2024-11-22 00:00:00,Period Tracker,2.1,Android
MM_2380,2024-10-04,2024-12-03 00:00:00,Period Tracker,4.2,Android
MM_2380,2024-10-04,2024-10-26 00:00:00,Symptom Logger,4.4,iOS
MM_2380,2024-10-04,2024-10-18 00:00:00,Community Forum,12.7,Android
MM_2381,2024-10-14,2024-11-01 00:00:00,Period Tracker,2.4,iOS
MM_2382,2024-08-27,2024-09-02 00:00:00,Health Articles,1.3,Android
MM_2383,2024-08-09,2024-09-07 00:00:00,Period Tracker,13.2,Android
MM_2383,2024-08-09,2024-09-25 00:00:00,Period Tracker,1.5,Android
MM_2383,2024-08-09,2024-09-12 00:00:00,Period Tracker,9.2,iOS
MM_2383,2024-08-09,2024-08-19 00:00:00,Symptom Logger,12.9,iOS
MM_2383,2024-08-09,2024-10-06 00:00:00,Period Tracker,10.7,Android
MM_2383,2024-08-09,2024-09-02 00:00:00,Period Tracker,14.6,iOS
MM_2383,2024-08-09,2024-09-25 00:00:00,Period Tracker,11.5,Android
MM_2383,2024-08-09,2024-09-22 00:00:00,Community Forum,2.0,Android
MM_2383,2024-08-09,2024-08-25 00:00:00,Period Tracker,14.4,Android
MM_2383,2024-08-09,2024-09-23 00:00:00,Symptom Logger,6.4,iOS
MM_2383,2024-08-09,2024-09-22 00:00:00,Symptom Logger,8.8,iOS
MM_2383,2024-08-09,2024-08-20 00:00:00,Period Tracker,1.9,iOS
MM_2383,2024-08-09,2024-08-17 00:00:00,Period Tracker,7.4,Android
MM_2383,2024-08-09,2024-08-24 00:00:00,Period Tracker,6.3,iOS
MM_2383,2024-08-09,2024-09-02 00:00:00,Period Tracker,6.3,iOS
MM_2383,2024-08-09,2024-09-16 00:00:00,Period Tracker,10.9,iOS
MM_2383,2024-08-09,2024-08-25 00:00:00,Health Articles,1.6,iOS
MM_2383,2024-08-09,2024-08-26 00:00:00,Period Tracker,4.2,iOS
MM_2383,2024-08-09,2024-08-21 00:00:00,Community Forum,5.4,Android
MM_2383,2024-08-09,2024-10-08 00:00:00,Symptom Logger,9.5,iOS
MM_2384,2024-09-21,2024-11-13 00:00:00,Period Tracker,4.0,Android
MM_2384,2024-09-21,2024-09-22 00:00:00,Symptom Logger,14.9,Android
MM_2384,2024-09-21,2024-10-10 00:00:00,Community Forum,4.2,iOS
MM_2384,2024-09-21,2024-09-25 00:00:00,Period Tracker,14.8,iOS
MM_2384,2024-09-21,2024-09-28 00:00:00,Period Tracker,14.2,Android
MM_2384,2024-09-21,2024-10-27 00:00:00,Community Forum,,iOS
MM_2384,2024-09-21,2024-10-15 00:00:00,Community Forum,7.3,Android
MM_2384,2024-09-21,2024-11-14 00:00:00,Community Forum,9.3,iOS
MM_2384,2024-09-21,2024-11-13 00:00:00,Period Tracker,9.8,iOS
MM_2384,2024-09-21,2024-10-27 00:00:00,Period Tracker,11.4,iOS
MM_2384,2024-09-21,2024-11-07 00:00:00,Symptom Logger,8.6,iOS
MM_2384,2024-09-21,2024-10-25 00:00:00,Period Tracker,10.8,iOS
MM_2384,2024-09-21,2024-10-07 00:00:00,Health Articles,2.2,iOS
MM_2385,2024-09-12,2024-10-06 00:00:00,Community Forum,10.9,Android
MM_2385,2024-09-12,2024-10-14 00:00:00,Period Tracker,6.2,Android
MM_2385,2024-09-12,2024-09-23 00:00:00,Period Tracker,11.0,iOS
MM_2385,2024-09-12,2024-09-23 00:00:00,Symptom Logger,3.6,Android
MM_2385,2024-09-12,2024-09-13 00:00:00,Community Forum,3.0,Android
MM_2385,2024-09-12,2024-09-17 00:00:00,Period Tracker,5.8,Android
MM_2385,2024-09-12,2024-11-05 00:00:00,Period Tracker,11.4,iOS
MM_2385,2024-09-12,2024-11-01 00:00:00,Symptom Logger,13.9,iOS
MM_2385,2024-09-12,2024-10-26 00:00:00,Health Articles,12.7,iOS
MM_2385,2024-09-12,2024-11-11 00:00:00,Period Tracker,5.3,iOS
MM_2385,2024-09-12,2024-10-12 00:00:00,Symptom Logger,13.9,Android
MM_2385,2024-09-12,2024-09-16 00:00:00,Period Tracker,7.6,Android
MM_2385,2024-09-12,2024-10-29 00:00:00,Period Tracker,3.3,Android
MM_2385,2024-09-12,2024-09-22 00:00:00,Period Tracker,4.7,Android
MM_2385,2024-09-12,2024-10-30 00:00:00,Community Forum,5.8,iOS
MM_2385,2024-09-12,2024-09-18 00:00:00,Community Forum,11.0,iOS
MM_2386,2024-09-01,2024-09-06 00:00:00,Period Tracker,4.5,iOS
MM_2386,2024-09-01,2024-09-30 00:00:00,Period Tracker,14.5,Android
MM_2386,2024-09-01,2024-09-23 00:00:00,Symptom Logger,8.2,iOS
MM_2386,2024-09-01,2024-09-22 00:00:00,Period Tracker,9.6,iOS
MM_2386,2024-09-01,2024-09-21 00:00:00,Period Tracker,4.7,iOS
MM_2386,2024-09-01,2024-10-26 00:00:00,Period Tracker,12.6,iOS
MM_2386,2024-09-01,2024-10-09 00:00:00,Symptom Logger,10.2,Android
MM_2386,2024-09-01,2024-10-17 00:00:00,Symptom Logger,2.7,Android
MM_2386,2024-09-01,2024-09-08 00:00:00,Symptom Logger,13.8,Android
MM_2387,2024-10-22,2024-11-11 00:00:00,Community Forum,3.4,Android
MM_2387,2024-10-22,2024-12-19 00:00:00,Symptom Logger,9.1,Android
MM_2387,2024-10-22,2024-11-03 00:00:00,Period Tracker,1.4,iOS
MM_2387,2024-10-22,2024-12-16 00:00:00,Period Tracker,14.7,iOS
MM_2387,2024-10-22,2024-11-30 00:00:00,Period Tracker,6.4,Android
MM_2387,2024-10-22,2024-12-18 00:00:00,Period Tracker,2.9,iOS
MM_2387,2024-10-22,2024-12-13 00:00:00,Health Articles,6.0,iOS
MM_2387,2024-10-22,2024-10-23 00:00:00,Period Tracker,2.2,iOS
MM_2388,2024-09-17,2024-10-17 00:00:00,Period Tracker,1.8,iOS
MM_2388,2024-09-17,2024-10-12 00:00:00,Health Articles,10.8,iOS
MM_2388,2024-09-17,2024-09-19 00:00:00,Period Tracker,9.8,iOS
MM_2389,2024-08-01,2024-08-26 00:00:00,Period Tracker,12.4,iOS
MM_2390,2024-08-12,2024-09-10 00:00:00,Period Tracker,13.8,iOS
MM_2390,2024-08-12,2024-09-17 00:00:00,Period Tracker,4.6,Android
MM_2390,2024-08-12,2024-08-18 00:00:00,Community Forum,1.1,Android
MM_2390,2024-08-12,2024-08-23 00:00:00,Period Tracker,4.4,iOS
MM_2390,2024-08-12,2024-09-27 00:00:00,Health Articles,7.3,Android
MM_2390,2024-08-12,2024-09-29 00:00:00,Community Forum,13.2,Android
MM_2390,2024-08-12,2024-09-16 00:00:00,Period Tracker,7.6,Android
MM_2390,2024-08-12,2024-09-07 00:00:00,Period Tracker,15.0,Android
MM_2390,2024-08-12,2024-09-11 00:00:00,Community Forum,12.7,iOS
MM_2390,2024-08-12,2024-09-06 00:00:00,Period Tracker,4.4,Android
MM_2390,2024-08-12,2024-08-24 00:00:00,Period Tracker,2.7,Android
MM_2390,2024-08-12,2024-09-25 00:00:00,Period Tracker,10.7,Android
MM_2390,2024-08-12,2024-08-13 00:00:00,Symptom Logger,11.0,Android
MM_2390,2024-08-12,2024-09-18 00:00:00,Period Tracker,11.8,iOS
MM_2390,2024-08-12,2024-09-26 00:00:00,Symptom Logger,12.3,iOS
MM_2391,2024-10-01,2024-10-27 00:00:00,Period Tracker,14.1,Android
MM_2391,2024-10-01,2024-10-18 00:00:00,Period Tracker,7.3,iOS
MM_2391,2024-10-01,2024-11-09 00:00:00,Community Forum,13.1,iOS
MM_2391,2024-10-01,2024-10-02 00:00:00,Period Tracker,13.4,Android
MM_2391,2024-10-01,2024-11-03 00:00:00,Community Forum,15.0,Android
MM_2391,2024-10-01,2024-11-23 00:00:00,Health Articles,11.2,Android
MM_2391,2024-10-01,2024-10-18 00:00:00,Community Forum,2.7,Android
MM_2391,2024-10-01,2024-11-14 00:00:00,Period Tracker,,Android
MM_2391,2024-10-01,2024-10-31 00:00:00,Community Forum,3.0,iOS
MM_2391,2024-10-01,2024-10-31 00:00:00,Community Forum,4.2,iOS
MM_2391,2024-10-01,2024-11-22 00:00:00,Community Forum,14.6,iOS
MM_2391,2024-10-01,2024-10-09 00:00:00,Symptom Logger,2.6,Android
MM_2391,2024-10-01,2024-11-24 00:00:00,Period Tracker,3.7,iOS
MM_2391,2024-10-01,2024-10-05 00:00:00,Community Forum,14.3,iOS
MM_2391,2024-10-01,2024-11-19 00:00:00,Symptom Logger,5.8,Android
MM_2391,2024-10-01,2024-10-20 00:00:00,Period Tracker,9.3,iOS
MM_2391,2024-10-01,2024-11-25 00:00:00,Period Tracker,12.2,Android
MM_2391,2024-10-01,2024-11-06 00:00:00,Symptom Logger,12.6,iOS
MM_2391,2024-10-01,2024-11-02 00:00:00,Period Tracker,9.3,Android
MM_2391,2024-10-01,2024-10-25 00:00:00,Health Articles,12.7,Android
MM_2392,2024-10-19,2024-10-28 00:00:00,Period Tracker,7.2,Android
MM_2393,2024-08-17,2024-10-03 00:00:00,Period Tracker,2.7,Android
MM_2394,2024-09-26,2024-11-12 00:00:00,Period Tracker,2.8,Android
MM_2394,2024-09-26,2024-10-06 00:00:00,Period Tracker,4.7,Android
MM_2394,2024-09-26,2024-09-26 00:00:00,Period Tracker,1.8,iOS
MM_2394,2024-09-26,2024-09-28 00:00:00,Symptom Logger,4.5,Android
MM_2394,2024-09-26,2024-10-01 00:00:00,Period Tracker,2.2,iOS
MM_2394,2024-09-26,2024-10-07 00:00:00,Period Tracker,12.5,iOS
MM_2394,2024-09-26,2024-10-07 00:00:00,Period Tracker,3.6,iOS
MM_2394,2024-09-26,2024-10-15 00:00:00,Period Tracker,11.0,iOS
MM_2394,2024-09-26,2024-10-08 00:00:00,Period Tracker,11.5,Android
MM_2394,2024-09-26,2024-11-25 00:00:00,Symptom Logger,12.3,Android
MM_2394,2024-09-26,2024-09-28 00:00:00,Symptom Logger,1.7,iOS
MM_2394,2024-09-26,2024-11-20 00:00:00,Period Tracker,7.0,Android
MM_2394,2024-09-26,2024-10-10 00:00:00,Health Articles,6.0,iOS
MM_2394,2024-09-26,2024-10-05 00:00:00,Period Tracker,13.6,iOS
MM_2395,2024-08-06,2024-08-06 00:00:00,Health Articles,7.4,Android
MM_2395,2024-08-06,2024-09-27 00:00:00,Period Tracker,9.5,iOS
MM_2395,2024-08-06,2024-09-04 00:00:00,Period Tracker,12.1,Android
MM_2395,2024-08-06,2024-09-29 00:00:00,Symptom Logger,8.3,Android
MM_2395,2024-08-06,2024-08-16 00:00:00,Period Tracker,12.0,iOS
MM_2395,2024-08-06,2024-09-15 00:00:00,Community Forum,8.3,Android
MM_2395,2024-08-06,2024-09-01 00:00:00,Period Tracker,4.0,iOS
MM_2395,2024-08-06,2024-09-13 00:00:00,Period Tracker,7.4,Android
MM_2395,2024-08-06,2024-08-28 00:00:00,Period Tracker,6.5,Android
MM_2395,2024-08-06,2024-09-15 00:00:00,Health Articles,13.2,iOS
MM_2396,2024-08-07,2024-08-19 00:00:00,Symptom Logger,3.7,iOS
MM_2397,2024-09-15,2024-10-18 00:00:00,Period Tracker,1.6,Android
MM_2397,2024-09-15,2024-11-02 00:00:00,Period Tracker,13.2,iOS
MM_2397,2024-09-15,2024-10-13 00:00:00,Community Forum,2.0,Android
MM_2398,2024-08-18,2024-09-13 00:00:00,Community Forum,4.1,iOS
MM_2399,2024-09-15,2024-10-06 00:00:00,Health Articles,5.7,Android
MM_2399,2024-09-15,2024-10-05 00:00:00,Community Forum,2.6,iOS
MM_2399,2024-09-15,2024-10-03 00:00:00,Period Tracker,10.1,iOS
MM_2399,2024-09-15,2024-10-06 00:00:00,Period Tracker,14.9,iOS
MM_2399,2024-09-15,2024-09-19 00:00:00,Symptom Logger,5.8,iOS
MM_2399,2024-09-15,2024-10-05 00:00:00,Period Tracker,10.6,iOS
MM_2399,2024-09-15,2024-09-15 00:00:00,Period Tracker,3.2,iOS
MM_2399,2024-09-15,2024-10-14 00:00:00,Period Tracker,13.7,Android
MM_2399,2024-09-15,2024-09-25 00:00:00,Community Forum,14.6,iOS
MM_2399,2024-09-15,2024-10-11 00:00:00,Community Forum,13.7,Android
MM_2399,2024-09-15,2024-09-28 00:00:00,Period Tracker,3.7,iOS
MM_2399,2024-09-15,2024-11-03 00:00:00,Community Forum,8.8,Android
MM_2399,2024-09-15,2024-10-16 00:00:00,Period Tracker,14.3,iOS
MM_2399,2024-09-15,2024-10-05 00:00:00,Community Forum,14.3,iOS
MM_2400,2024-10-23,2024-12-17 00:00:00,Community Forum,8.1,iOS
MM_2400,2024-10-23,2024-12-12 00:00:00,Period Tracker,3.6,Android
MM_2400,2024-10-23,2024-11-09 00:00:00,Period Tracker,1.7,Android
MM_2400,2024-10-23,2024-11-06 00:00:00,Symptom Logger,1.6,Android
MM_2400,2024-10-23,2024-12-15 00:00:00,Community Forum,9.2,Android
MM_2400,2024-10-23,2024-10-26 00:00:00,Community Forum,13.4,Android
MM_2400,2024-10-23,2024-10-26 00:00:00,Period Tracker,2.6,Android
MM_2400,2024-10-23,2024-11-17 00:00:00,Symptom Logger,4.4,iOS
MM_2400,2024-10-23,2024-12-19 00:00:00,Symptom Logger,5.7,Android
MM_2400,2024-10-23,2024-11-03 00:00:00,Symptom Logger,1.9,iOS
MM_2400,2024-10-23,2024-11-08 00:00:00,Period Tracker,1.8,iOS
MM_2400,2024-10-23,2024-11-18 00:00:00,Community Forum,3.3,iOS
MM_2400,2024-10-23,2024-11-09 00:00:00,Community Forum,8.3,Android
MM_2400,2024-10-23,2024-11-17 00:00:00,Period Tracker,2.4,iOS
MM_2401,2024-08-08,2024-09-04 00:00:00,Community Forum,9.5,iOS
MM_2401,2024-08-08,2024-08-23 00:00:00,Period Tracker,2.4,Android
MM_2401,2024-08-08,2024-09-21 00:00:00,Symptom Logger,4.8,iOS
MM_2401,2024-08-08,2024-08-28 00:00:00,Period Tracker,11.0,Android
MM_2401,2024-08-08,2024-08-27 00:00:00,Symptom Logger,10.0,Android
MM_2401,2024-08-08,2024-09-29 00:00:00,Health Articles,8.5,Android
MM_2401,2024-08-08,2024-10-01 00:00:00,Community Forum,12.5,iOS
MM_2401,2024-08-08,2024-08-31 00:00:00,Health Articles,4.5,iOS
MM_2401,2024-08-08,2024-10-03 00:00:00,Community Forum,9.3,Android
MM_2401,2024-08-08,2024-09-17 00:00:00,Symptom Logger,11.4,iOS
MM_2401,2024-08-08,2024-09-30 00:00:00,Community Forum,2.8,iOS
MM_2401,2024-08-08,2024-08-22 00:00:00,Period Tracker,14.0,iOS
MM_2401,2024-08-08,2024-08-13 00:00:00,Period Tracker,2.9,iOS
MM_2401,2024-08-08,2024-09-26 00:00:00,Symptom Logger,3.0,Android
MM_2401,2024-08-08,2024-09-08 00:00:00,Health Articles,12.3,Android
MM_2401,2024-08-08,2024-10-07 00:00:00,Symptom Logger,3.8,Android
MM_2401,2024-08-08,2024-09-11 00:00:00,Period Tracker,5.9,Android
MM_2401,2024-08-08,2024-08-28 00:00:00,Symptom Logger,2.6,iOS
MM_2401,2024-08-08,2024-09-05 00:00:00,Symptom Logger,3.5,Android
MM_2401,2024-08-08,2024-08-23 00:00:00,Symptom Logger,6.4,iOS
MM_2402,2024-10-23,2024-11-06 00:00:00,Symptom Logger,3.7,iOS
MM_2402,2024-10-23,2024-11-13 00:00:00,Period Tracker,4.3,Android
MM_2402,2024-10-23,2024-12-18 00:00:00,Period Tracker,5.0,iOS
MM_2402,2024-10-23,2024-11-21 00:00:00,Symptom Logger,5.5,Android
MM_2402,2024-10-23,2024-12-13 00:00:00,Period Tracker,4.4,iOS
MM_2402,2024-10-23,2024-12-03 00:00:00,Period Tracker,10.0,Android
MM_2402,2024-10-23,2024-12-08 00:00:00,Period Tracker,12.7,iOS
MM_2402,2024-10-23,2024-12-16 00:00:00,Symptom Logger,13.3,iOS
MM_2402,2024-10-23,2024-11-20 00:00:00,Period Tracker,8.8,Android
MM_2402,2024-10-23,2024-10-24 00:00:00,Community Forum,14.6,iOS
MM_2402,2024-10-23,2024-12-17 00:00:00,Symptom Logger,11.8,Android
MM_2402,2024-10-23,2024-11-26 00:00:00,Period Tracker,10.4,iOS
MM_2402,2024-10-23,2024-10-24 00:00:00,Period Tracker,1.4,Android
MM_2402,2024-10-23,2024-11-07 00:00:00,Community Forum,6.9,iOS
MM_2402,2024-10-23,2024-11-02 00:00:00,Health Articles,1.1,iOS
MM_2402,2024-10-23,2024-11-22 00:00:00,Period Tracker,8.5,Android
MM_2402,2024-10-23,2024-12-13 00:00:00,Symptom Logger,12.2,Android
MM_2402,2024-10-23,2024-10-23 00:00:00,Period Tracker,3.5,iOS
MM_2402,2024-10-23,2024-10-28 00:00:00,Symptom Logger,8.2,iOS
MM_2402,2024-10-23,2024-11-24 00:00:00,Period Tracker,14.6,iOS
MM_2403,2024-10-10,2024-11-23 00:00:00,Period Tracker,14.0,iOS
MM_2403,2024-10-10,2024-10-20 00:00:00,Period Tracker,9.3,Android
MM_2403,2024-10-10,2024-12-05 00:00:00,Period Tracker,2.6,iOS
MM_2403,2024-10-10,2024-11-01 00:00:00,Period Tracker,1.1,Android
MM_2403,2024-10-10,2024-10-17 00:00:00,Period Tracker,7.5,iOS
MM_2403,2024-10-10,2024-11-07 00:00:00,Period Tracker,4.4,Android
MM_2403,2024-10-10,2024-10-11 00:00:00,Symptom Logger,4.1,Android
MM_2403,2024-10-10,2024-10-18 00:00:00,Period Tracker,7.4,Android
MM_2403,2024-10-10,2024-10-28 00:00:00,Period Tracker,9.0,Android
MM_2403,2024-10-10,2024-10-11 00:00:00,Health Articles,6.8,Android
MM_2403,2024-10-10,2024-11-15 00:00:00,Community Forum,12.4,iOS
MM_2403,2024-10-10,2024-10-12 00:00:00,Health Articles,8.2,iOS
MM_2404,2024-10-05,2024-11-13 00:00:00,Health Articles,12.6,Android
MM_2404,2024-10-05,2024-11-26 00:00:00,Period Tracker,8.7,iOS
MM_2404,2024-10-05,2024-11-14 00:00:00,Period Tracker,5.9,iOS
MM_2404,2024-10-05,2024-10-17 00:00:00,Community Forum,14.7,Android
MM_2404,2024-10-05,2024-10-18 00:00:00,Period Tracker,7.2,iOS
MM_2404,2024-10-05,2024-11-23 00:00:00,Period Tracker,13.3,iOS
MM_2405,2024-10-29,2024-12-04 00:00:00,Period Tracker,10.9,Android
MM_2405,2024-10-29,2024-11-03 00:00:00,Period Tracker,14.7,Android
MM_2405,2024-10-29,2024-11-01 00:00:00,Period Tracker,8.3,iOS
MM_2405,2024-10-29,2024-10-29 00:00:00,Community Forum,2.8,iOS
MM_2405,2024-10-29,2024-12-14 00:00:00,Period Tracker,14.8,Android
MM_2405,2024-10-29,2024-11-21 00:00:00,Period Tracker,9.1,Android
MM_2405,2024-10-29,2024-11-22 00:00:00,Symptom Logger,3.4,Android
MM_2405,2024-10-29,2024-12-18 00:00:00,Period Tracker,10.0,Android
MM_2405,2024-10-29,2024-12-14 00:00:00,Period Tracker,8.6,Android
MM_2406,2024-08-25,2024-10-15 00:00:00,Health Articles,11.6,Android
MM_2406,2024-08-25,2024-09-08 00:00:00,Health Articles,13.5,iOS
MM_2407,2024-08-25,2024-09-18 00:00:00,Period Tracker,3.3,iOS
MM_2407,2024-08-25,2024-09-24 00:00:00,Period Tracker,5.3,Android
MM_2407,2024-08-25,2024-09-08 00:00:00,Symptom Logger,13.4,Android
MM_2407,2024-08-25,2024-10-21 00:00:00,Period Tracker,6.2,Android
MM_2407,2024-08-25,2024-10-20 00:00:00,Symptom Logger,12.6,Android
MM_2407,2024-08-25,2024-09-07 00:00:00,Period Tracker,2.6,Android
MM_2407,2024-08-25,2024-10-12 00:00:00,Community Forum,1.4,Android
MM_2407,2024-08-25,2024-10-04 00:00:00,Symptom Logger,6.3,Android
MM_2408,2024-08-03,2024-08-24 00:00:00,Period Tracker,11.0,iOS
MM_2408,2024-08-03,2024-10-02 00:00:00,Period Tracker,14.4,iOS
MM_2408,2024-08-03,2024-09-28 00:00:00,Community Forum,3.2,Android
MM_2408,2024-08-03,2024-09-27 00:00:00,Period Tracker,14.3,iOS
MM_2408,2024-08-03,2024-08-22 00:00:00,Period Tracker,11.9,Android
MM_2408,2024-08-03,2024-09-28 00:00:00,Symptom Logger,10.6,Android
MM_2408,2024-08-03,2024-09-10 00:00:00,Period Tracker,14.8,iOS
MM_2408,2024-08-03,2024-09-22 00:00:00,Symptom Logger,10.0,Android
MM_2409,2024-08-13,2024-10-08 00:00:00,Symptom Logger,14.8,Android
MM_2409,2024-08-13,2024-09-26 00:00:00,Period Tracker,2.9,Android
MM_2409,2024-08-13,2024-09-27 00:00:00,Symptom Logger,11.8,iOS
MM_2409,2024-08-13,2024-10-11 00:00:00,Period Tracker,12.0,Android
MM_2409,2024-08-13,2024-09-22 00:00:00,Symptom Logger,9.5,Android
MM_2409,2024-08-13,2024-09-16 00:00:00,Health Articles,7.8,iOS
MM_2409,2024-08-13,2024-09-03 00:00:00,Symptom Logger,10.7,Android
MM_2409,2024-08-13,2024-09-29 00:00:00,Community Forum,14.2,Android
MM_2409,2024-08-13,2024-08-25 00:00:00,Health Articles,3.9,Android
MM_2409,2024-08-13,2024-09-18 00:00:00,Period Tracker,8.4,iOS
MM_2409,2024-08-13,2024-08-28 00:00:00,Period Tracker,2.4,Android
MM_2409,2024-08-13,2024-09-17 00:00:00,Symptom Logger,11.8,Android
MM_2409,2024-08-13,2024-09-26 00:00:00,Symptom Logger,2.1,Android
MM_2409,2024-08-13,2024-09-16 00:00:00,Community Forum,1.0,iOS
MM_2409,2024-08-13,2024-09-23 00:00:00,Community Forum,1.8,Android
MM_2409,2024-08-13,2024-08-14 00:00:00,Period Tracker,2.5,iOS
MM_2409,2024-08-13,2024-09-11 00:00:00,Community Forum,12.8,iOS
MM_2409,2024-08-13,2024-09-23 00:00:00,Symptom Logger,6.1,iOS
MM_2410,2024-10-15,2024-11-17 00:00:00,Period Tracker,13.2,Android
MM_2410,2024-10-15,2024-12-07 00:00:00,Period Tracker,12.2,Android
MM_2410,2024-10-15,2024-11-16 00:00:00,Community Forum,13.9,iOS
MM_2410,2024-10-15,2024-11-25 00:00:00,Period Tracker,5.2,iOS
MM_2410,2024-10-15,2024-11-25 00:00:00,Community Forum,3.2,iOS
MM_2410,2024-10-15,2024-12-12 00:00:00,Health Articles,9.4,Android
MM_2410,2024-10-15,2024-11-24 00:00:00,Health Articles,1.5,Android
MM_2410,2024-10-15,2024-11-29 00:00:00,Period Tracker,9.6,Android
MM_2410,2024-10-15,2024-12-09 00:00:00,Period Tracker,5.4,Android
MM_2410,2024-10-15,2024-11-02 00:00:00,Community Forum,2.1,Android
MM_2410,2024-10-15,2024-10-22 00:00:00,Period Tracker,6.4,Android
MM_2410,2024-10-15,2024-11-24 00:00:00,Period Tracker,13.1,iOS
MM_2410,2024-10-15,2024-11-04 00:00:00,Period Tracker,14.6,iOS
MM_2410,2024-10-15,2024-11-02 00:00:00,Community Forum,8.1,Android
MM_2410,2024-10-15,2024-11-18 00:00:00,Period Tracker,6.3,Android
MM_2410,2024-10-15,2024-11-29 00:00:00,Period Tracker,1.5,iOS
MM_2410,2024-10-15,2024-12-07 00:00:00,Symptom Logger,12.7,Android
MM_2410,2024-10-15,2024-11-14 00:00:00,Symptom Logger,13.0,Android
MM_2410,2024-10-15,2024-11-16 00:00:00,Symptom Logger,11.3,Android
MM_2411,2024-09-10,2024-10-25 00:00:00,Community Forum,2.9,Android
MM_2411,2024-09-10,2024-11-09 00:00:00,Symptom Logger,11.0,Android
MM_2411,2024-09-10,2024-11-07 00:00:00,Period Tracker,13.2,Android
MM_2411,2024-09-10,2024-11-04 00:00:00,Period Tracker,5.5,iOS
MM_2411,2024-09-10,2024-10-30 00:00:00,Period Tracker,13.7,iOS
MM_2411,2024-09-10,2024-11-07 00:00:00,Community Forum,13.0,Android
MM_2411,2024-09-10,2024-09-14 00:00:00,Community Forum,1.9,iOS
MM_2411,2024-09-10,2024-10-21 00:00:00,Community Forum,,Android
MM_2411,2024-09-10,2024-10-29 00:00:00,Period Tracker,4.4,Android
MM_2411,2024-09-10,2024-10-11 00:00:00,Symptom Logger,1.9,iOS
MM_2411,2024-09-10,2024-10-25 00:00:00,Community Forum,14.8,iOS
MM_2411,2024-09-10,2024-10-21 00:00:00,Period Tracker,12.7,iOS
MM_2411,2024-09-10,2024-10-28 00:00:00,Period Tracker,2.2,iOS
MM_2412,2024-08-11,2024-10-01 00:00:00,Period Tracker,8.4,Android
MM_2412,2024-08-11,2024-09-24 00:00:00,Period Tracker,5.8,Android
MM_2412,2024-08-11,2024-08-28 00:00:00,Symptom Logger,13.4,Android
MM_2412,2024-08-11,2024-10-01 00:00:00,Community Forum,9.1,iOS
MM_2412,2024-08-11,2024-08-14 00:00:00,Community Forum,4.1,iOS
MM_2412,2024-08-11,2024-09-02 00:00:00,Period Tracker,6.3,Android
MM_2412,2024-08-11,2024-08-17 00:00:00,Health Articles,5.9,Android
MM_2412,2024-08-11,2024-10-10 00:00:00,Period Tracker,6.5,Android
MM_2412,2024-08-11,2024-08-22 00:00:00,Period Tracker,2.9,iOS
MM_2412,2024-08-11,2024-09-03 00:00:00,Symptom Logger,7.2,Android
MM_2413,2024-09-17,2024-09-25 00:00:00,Community Forum,3.3,Android
MM_2413,2024-09-17,2024-10-22 00:00:00,Health Articles,4.0,iOS
MM_2414,2024-08-26,2024-10-10 00:00:00,Symptom Logger,7.5,iOS
MM_2415,2024-09-02,2024-10-23 00:00:00,Symptom Logger,7.0,Android
MM_2415,2024-09-02,2024-11-01 00:00:00,Health Articles,7.9,Android
MM_2415,2024-09-02,2024-09-28 00:00:00,Community Forum,3.4,iOS
MM_2415,2024-09-02,2024-10-07 00:00:00,Period Tracker,10.2,iOS
MM_2415,2024-09-02,2024-10-16 00:00:00,Community Forum,11.8,iOS
MM_2415,2024-09-02,2024-09-27 00:00:00,Symptom Logger,11.7,Android
MM_2415,2024-09-02,2024-09-09 00:00:00,Symptom Logger,9.0,Android
MM_2415,2024-09-02,2024-09-09 00:00:00,Period Tracker,11.6,iOS
MM_2415,2024-09-02,2024-10-26 00:00:00,Community Forum,,Android
MM_2415,2024-09-02,2024-09-08 00:00:00,Period Tracker,2.7,Android
MM_2415,2024-09-02,2024-10-22 00:00:00,Period Tracker,3.8,Android
MM_2415,2024-09-02,2024-10-16 00:00:00,Period Tracker,8.7,iOS
MM_2415,2024-09-02,2024-10-08 00:00:00,Period Tracker,3.3,iOS
MM_2415,2024-09-02,2024-10-29 00:00:00,Period Tracker,1.7,Android
MM_2415,2024-09-02,2024-09-07 00:00:00,Period Tracker,6.8,Android
MM_2416,2024-09-25,2024-10-02 00:00:00,Period Tracker,3.8,Android
MM_2416,2024-09-25,2024-11-19 00:00:00,Period Tracker,14.4,Android
MM_2416,2024-09-25,2024-10-28 00:00:00,Period Tracker,14.3,Android
MM_2416,2024-09-25,2024-09-27 00:00:00,Period Tracker,13.2,Android
MM_2416,2024-09-25,2024-11-08 00:00:00,Period Tracker,7.3,iOS
MM_2416,2024-09-25,2024-10-05 00:00:00,Symptom Logger,9.9,Android
MM_2416,2024-09-25,2024-09-28 00:00:00,Symptom Logger,5.8,Android
MM_2416,2024-09-25,2024-10-11 00:00:00,Community Forum,13.9,iOS
MM_2416,2024-09-25,2024-10-30 00:00:00,Period Tracker,11.5,iOS
MM_2416,2024-09-25,2024-10-01 00:00:00,Period Tracker,11.2,iOS
MM_2416,2024-09-25,2024-10-06 00:00:00,Community Forum,6.3,Android
MM_2416,2024-09-25,2024-09-25 00:00:00,Period Tracker,12.9,iOS
MM_2417,2024-09-21,2024-11-20 00:00:00,Period Tracker,10.9,Android
MM_2417,2024-09-21,2024-11-07 00:00:00,Symptom Logger,5.0,iOS
MM_2417,2024-09-21,2024-10-02 00:00:00,Symptom Logger,4.6,Android
MM_2417,2024-09-21,2024-10-24 00:00:00,Period Tracker,6.1,iOS
MM_2417,2024-09-21,2024-10-09 00:00:00,Community Forum,13.8,Android
MM_2417,2024-09-21,2024-09-30 00:00:00,Health Articles,,iOS
MM_2417,2024-09-21,2024-10-31 00:00:00,Symptom Logger,1.8,iOS
MM_2417,2024-09-21,2024-11-19 00:00:00,Community Forum,14.6,Android
MM_2417,2024-09-21,2024-10-31 00:00:00,Period Tracker,8.9,iOS
MM_2417,2024-09-21,2024-09-21 00:00:00,Period Tracker,4.0,iOS
MM_2417,2024-09-21,2024-10-04 00:00:00,Health Articles,10.8,iOS
MM_2418,2024-08-08,2024-08-11 00:00:00,Community Forum,14.4,iOS
MM_2418,2024-08-08,2024-08-19 00:00:00,Community Forum,425.0,iOS
MM_2418,2024-08-08,2024-08-13 00:00:00,Period Tracker,9.1,Android
MM_2418,2024-08-08,2024-10-04 00:00:00,Community Forum,9.4,Android
MM_2418,2024-08-08,2024-08-08 00:00:00,Period Tracker,2.6,Android
MM_2418,2024-08-08,2024-09-29 00:00:00,Period Tracker,5.9,iOS
MM_2418,2024-08-08,2024-09-23 00:00:00,Health Articles,7.5,Android
MM_2418,2024-08-08,2024-09-27 00:00:00,Period Tracker,5.2,Android
MM_2418,2024-08-08,2024-09-08 00:00:00,Symptom Logger,10.6,iOS
MM_2418,2024-08-08,2024-09-30 00:00:00,Community Forum,7.5,Android
MM_2418,2024-08-08,2024-09-16 00:00:00,Health Articles,3.2,iOS
MM_2418,2024-08-08,2024-09-09 00:00:00,Period Tracker,6.8,iOS
MM_2418,2024-08-08,2024-09-12 00:00:00,Period Tracker,1.4,iOS
MM_2418,2024-08-08,2024-09-24 00:00:00,Period Tracker,5.2,iOS
MM_2418,2024-08-08,2024-09-06 00:00:00,Period Tracker,9.8,iOS
MM_2418,2024-08-08,2024-09-04 00:00:00,Period Tracker,1.9,iOS
MM_2418,2024-08-08,2024-09-28 00:00:00,Health Articles,13.8,iOS
MM_2419,2024-08-04,2024-08-08 00:00:00,Period Tracker,12.5,Android
MM_2420,2024-09-15,2024-10-19 00:00:00,Period Tracker,4.3,iOS
MM_2421,2024-08-07,2024-10-05 00:00:00,Period Tracker,10.2,Android
MM_2421,2024-08-07,2024-08-19 00:00:00,Period Tracker,5.6,Android
MM_2421,2024-08-07,2024-09-04 00:00:00,Community Forum,4.4,Android
MM_2421,2024-08-07,2024-09-20 00:00:00,Period Tracker,12.9,Android
MM_2421,2024-08-07,2024-08-08 00:00:00,Period Tracker,13.4,iOS
MM_2421,2024-08-07,2024-08-13 00:00:00,Period Tracker,6.3,iOS
MM_2421,2024-08-07,2024-09-30 00:00:00,Period Tracker,12.0,Android
MM_2421,2024-08-07,2024-08-17 00:00:00,Community Forum,13.8,iOS
MM_2421,2024-08-07,2024-09-19 00:00:00,Community Forum,8.2,Android
MM_2421,2024-08-07,2024-08-25 00:00:00,Period Tracker,14.6,Android
MM_2421,2024-08-07,2024-08-31 00:00:00,Period Tracker,13.5,Android
MM_2421,2024-08-07,2024-08-28 00:00:00,Symptom Logger,11.7,iOS
MM_2421,2024-08-07,2024-08-13 00:00:00,Period Tracker,10.9,Android
MM_2421,2024-08-07,2024-08-21 00:00:00,Symptom Logger,13.0,iOS
MM_2421,2024-08-07,2024-09-02 00:00:00,Period Tracker,14.9,Android
MM_2421,2024-08-07,2024-09-22 00:00:00,Period Tracker,4.4,iOS
MM_2421,2024-08-07,2024-09-24 00:00:00,Community Forum,2.9,Android
MM_2421,2024-08-07,2024-09-11 00:00:00,Period Tracker,3.3,Android
MM_2422,2024-09-14,2024-10-12 00:00:00,Period Tracker,,iOS
MM_2422,2024-09-14,2024-09-15 00:00:00,Community Forum,6.2,Android
MM_2422,2024-09-14,2024-11-13 00:00:00,Period Tracker,11.1,Android
MM_2422,2024-09-14,2024-11-07 00:00:00,Period Tracker,12.2,iOS
MM_2422,2024-09-14,2024-10-11 00:00:00,Symptom Logger,3.1,Android
MM_2422,2024-09-14,2024-11-05 00:00:00,Period Tracker,10.4,Android
MM_2422,2024-09-14,2024-10-10 00:00:00,Period Tracker,4.6,iOS
MM_2422,2024-09-14,2024-11-13 00:00:00,Health Articles,7.9,Android
MM_2422,2024-09-14,2024-10-22 00:00:00,Period Tracker,8.0,Android
MM_2422,2024-09-14,2024-10-01 00:00:00,Health Articles,8.0,Android
MM_2422,2024-09-14,2024-09-24 00:00:00,Period Tracker,5.6,Android
MM_2422,2024-09-14,2024-10-02 00:00:00,Period Tracker,2.3,iOS
MM_2422,2024-09-14,2024-10-02 00:00:00,Period Tracker,13.5,Android
MM_2422,2024-09-14,2024-11-06 00:00:00,Symptom Logger,3.0,iOS
MM_2423,2024-08-06,2024-08-06 00:00:00,Symptom Logger,10.3,Android
MM_2423,2024-08-06,2024-08-11 00:00:00,Health Articles,8.0,Android
MM_2423,2024-08-06,2024-09-14 00:00:00,Community Forum,3.2,Android
MM_2424,2024-09-03,2024-09-21 00:00:00,Community Forum,1.4,iOS
MM_2424,2024-09-03,2024-09-08 00:00:00,Period Tracker,4.4,iOS
MM_2425,2024-10-10,2024-11-01 00:00:00,Period Tracker,10.3,Android
MM_2425,2024-10-10,2024-10-23 00:00:00,Community Forum,3.9,Android
MM_2425,2024-10-10,2024-12-07 00:00:00,Period Tracker,5.7,iOS
MM_2425,2024-10-10,2024-11-11 00:00:00,Period Tracker,12.3,iOS
MM_2425,2024-10-10,2024-10-23 00:00:00,Community Forum,4.6,Android
MM_2425,2024-10-10,2024-10-24 00:00:00,Period Tracker,11.8,iOS
MM_2425,2024-10-10,2024-11-06 00:00:00,Symptom Logger,12.9,iOS
MM_2425,2024-10-10,2024-10-23 00:00:00,Community Forum,2.2,iOS
MM_2425,2024-10-10,2024-11-15 00:00:00,Period Tracker,14.9,Android
MM_2425,2024-10-10,2024-11-19 00:00:00,Period Tracker,,Android
MM_2425,2024-10-10,2024-11-15 00:00:00,Period Tracker,3.5,Android
MM_2425,2024-10-10,2024-11-20 00:00:00,Period Tracker,12.2,Android
MM_2425,2024-10-10,2024-11-10 00:00:00,Symptom Logger,1.7,Android
MM_2425,2024-10-10,2024-12-02 00:00:00,Period Tracker,13.7,iOS
MM_2425,2024-10-10,2024-10-18 00:00:00,Period Tracker,1.9,Android
MM_2425,2024-10-10,2024-11-01 00:00:00,Period Tracker,13.1,Android
MM_2425,2024-10-10,2024-10-13 00:00:00,Health Articles,14.8,iOS
MM_2425,2024-10-10,2024-10-26 00:00:00,Health Articles,8.9,iOS
MM_2425,2024-10-10,2024-10-10 00:00:00,Symptom Logger,12.3,iOS
MM_2426,2024-08-09,2024-09-27 00:00:00,Period Tracker,8.4,Android
MM_2427,2024-08-24,2024-09-09 00:00:00,Period Tracker,12.6,Android
MM_2427,2024-08-24,2024-09-21 00:00:00,Community Forum,13.1,Android
MM_2427,2024-08-24,2024-09-28 00:00:00,Community Forum,8.6,iOS
MM_2427,2024-08-24,2024-09-07 00:00:00,Community Forum,9.0,Android
MM_2427,2024-08-24,2024-09-14 00:00:00,Health Articles,5.8,Android
MM_2427,2024-08-24,2024-09-10 00:00:00,Symptom Logger,1.4,Android
MM_2427,2024-08-24,2024-08-27 00:00:00,Health Articles,9.9,Android
MM_2427,2024-08-24,2024-10-04 00:00:00,Period Tracker,4.0,iOS
MM_2427,2024-08-24,2024-10-07 00:00:00,Period Tracker,12.1,iOS
MM_2427,2024-08-24,2024-09-09 00:00:00,Period Tracker,14.7,iOS
MM_2427,2024-08-24,2024-10-16 00:00:00,Symptom Logger,6.7,Android
MM_2427,2024-08-24,2024-09-25 00:00:00,Period Tracker,8.8,iOS
MM_2428,2024-09-05,2024-09-15 00:00:00,Community Forum,4.2,Android
MM_2428,2024-09-05,2024-10-09 00:00:00,Period Tracker,1.1,iOS
MM_2428,2024-09-05,2024-09-18 00:00:00,Health Articles,12.6,iOS
MM_2429,2024-08-25,2024-09-25 00:00:00,Community Forum,7.5,iOS
MM_2429,2024-08-25,2024-09-17 00:00:00,Period Tracker,8.4,Android
MM_2429,2024-08-25,2024-09-25 00:00:00,Health Articles,7.5,Android
MM_2429,2024-08-25,2024-08-30 00:00:00,Community Forum,6.9,Android
MM_2429,2024-08-25,2024-10-19 00:00:00,Symptom Logger,9.2,iOS
MM_2429,2024-08-25,2024-10-07 00:00:00,Period Tracker,10.7,Android
MM_2429,2024-08-25,2024-10-05 00:00:00,Period Tracker,3.4,iOS
MM_2429,2024-08-25,2024-09-22 00:00:00,Symptom Logger,2.5,Android
MM_2429,2024-08-25,2024-10-05 00:00:00,Community Forum,5.9,iOS
MM_2429,2024-08-25,2024-09-06 00:00:00,Symptom Logger,6.8,Android
MM_2429,2024-08-25,2024-09-28 00:00:00,Period Tracker,2.6,Android
MM_2429,2024-08-25,2024-08-29 00:00:00,Community Forum,12.1,iOS
MM_2430,2024-10-14,2024-12-07 00:00:00,Community Forum,14.7,Android
MM_2430,2024-10-14,2024-10-30 00:00:00,Period Tracker,11.7,iOS
MM_2430,2024-10-14,2024-12-02 00:00:00,Period Tracker,4.3,iOS
MM_2430,2024-10-14,2024-11-24 00:00:00,Symptom Logger,2.2,Android
MM_2430,2024-10-14,2024-10-17 00:00:00,Period Tracker,10.6,iOS
MM_2430,2024-10-14,2024-10-22 00:00:00,Period Tracker,5.1,iOS
MM_2430,2024-10-14,2024-11-17 00:00:00,Symptom Logger,14.2,Android
MM_2430,2024-10-14,2024-12-09 00:00:00,Period Tracker,1.7,Android
MM_2430,2024-10-14,2024-10-26 00:00:00,Period Tracker,10.5,iOS
MM_2430,2024-10-14,2024-11-09 00:00:00,Period Tracker,12.3,iOS
MM_2430,2024-10-14,2024-10-15 00:00:00,Period Tracker,9.0,Android
MM_2430,2024-10-14,2024-12-07 00:00:00,Health Articles,14.3,iOS
MM_2430,2024-10-14,2024-11-04 00:00:00,Community Forum,14.3,Android
MM_2430,2024-10-14,2024-11-01 00:00:00,Period Tracker,4.7,Android
MM_2430,2024-10-14,2024-11-23 00:00:00,Period Tracker,2.6,Android
MM_2430,2024-10-14,2024-10-24 00:00:00,Period Tracker,2.0,iOS
MM_2431,2024-08-31,2024-10-03 00:00:00,Period Tracker,7.1,iOS
MM_2432,2024-10-25,2024-11-06 00:00:00,Health Articles,5.6,iOS
MM_2432,2024-10-25,2024-11-26 00:00:00,Symptom Logger,8.6,Android
MM_2432,2024-10-25,2024-12-01 00:00:00,Period Tracker,8.6,Android
MM_2432,2024-10-25,2024-10-30 00:00:00,Period Tracker,4.7,iOS
MM_2432,2024-10-25,2024-12-15 00:00:00,Health Articles,12.1,Android
MM_2432,2024-10-25,2024-11-12 00:00:00,Period Tracker,14.4,Android
MM_2432,2024-10-25,2024-11-09 00:00:00,Period Tracker,3.0,iOS
MM_2432,2024-10-25,2024-11-12 00:00:00,Period Tracker,14.0,iOS
MM_2432,2024-10-25,2024-11-01 00:00:00,Symptom Logger,12.5,Android
MM_2432,2024-10-25,2024-12-09 00:00:00,Community Forum,7.2,iOS
MM_2432,2024-10-25,2024-10-28 00:00:00,Symptom Logger,7.9,Android
MM_2432,2024-10-25,2024-12-22 00:00:00,Period Tracker,5.0,Android
MM_2432,2024-10-25,2024-11-08 00:00:00,Period Tracker,3.0,iOS
MM_2432,2024-10-25,2024-10-25 00:00:00,Period Tracker,5.3,iOS
MM_2432,2024-10-25,2024-12-23 00:00:00,Symptom Logger,6.4,iOS
MM_2432,2024-10-25,2024-11-17 00:00:00,Symptom Logger,13.4,Android
MM_2432,2024-10-25,2024-12-24 00:00:00,Community Forum,5.6,iOS
MM_2432,2024-10-25,2024-12-20 00:00:00,Period Tracker,14.0,Android
MM_2433,2024-10-17,2024-10-29 00:00:00,Period Tracker,3.2,Android
MM_2433,2024-10-17,2024-11-21 00:00:00,Period Tracker,5.0,iOS
MM_2433,2024-10-17,2024-12-11 00:00:00,Symptom Logger,12.3,iOS
MM_2433,2024-10-17,2024-11-16 00:00:00,Symptom Logger,7.8,Android
MM_2433,2024-10-17,2024-11-02 00:00:00,Symptom Logger,6.8,iOS
MM_2433,2024-10-17,2024-11-26 00:00:00,Period Tracker,10.7,iOS
MM_2433,2024-10-17,2024-11-30 00:00:00,Period Tracker,4.7,Android
MM_2433,2024-10-17,2024-12-01 00:00:00,Community Forum,14.9,Android
MM_2433,2024-10-17,2024-11-16 00:00:00,Health Articles,1.8,iOS
MM_2434,2024-09-02,2024-09-11 00:00:00,Period Tracker,11.3,Android
MM_2435,2024-10-17,2024-11-04 00:00:00,Period Tracker,7.3,Android
MM_2435,2024-10-17,2024-12-07 00:00:00,Community Forum,6.3,iOS
MM_2435,2024-10-17,2024-12-08 00:00:00,Period Tracker,10.3,iOS
MM_2436,2024-08-30,2024-09-11 00:00:00,Period Tracker,5.1,iOS
MM_2436,2024-08-30,2024-09-13 00:00:00,Symptom Logger,14.9,iOS
MM_2436,2024-08-30,2024-10-01 00:00:00,Period Tracker,14.9,iOS
MM_2436,2024-08-30,2024-09-21 00:00:00,Period Tracker,,Android
MM_2436,2024-08-30,2024-10-22 00:00:00,Community Forum,9.6,iOS
MM_2436,2024-08-30,2024-09-14 00:00:00,Community Forum,11.0,Android
MM_2436,2024-08-30,2024-10-10 00:00:00,Period Tracker,8.4,iOS
MM_2436,2024-08-30,2024-10-29 00:00:00,Period Tracker,5.7,iOS
MM_2436,2024-08-30,2024-10-10 00:00:00,Symptom Logger,9.0,Android
MM_2436,2024-08-30,2024-10-28 00:00:00,Symptom Logger,13.3,Android
MM_2436,2024-08-30,2024-10-18 00:00:00,Period Tracker,9.9,iOS
MM_2436,2024-08-30,2024-10-09 00:00:00,Period Tracker,14.9,Android
MM_2436,2024-08-30,2024-09-24 00:00:00,Symptom Logger,5.7,iOS
MM_2436,2024-08-30,2024-09-26 00:00:00,Period Tracker,7.2,Android
MM_2436,2024-08-30,2024-10-29 00:00:00,Health Articles,7.7,Android
MM_2436,2024-08-30,2024-10-19 00:00:00,Period Tracker,14.1,iOS
MM_2437,2024-10-23,2024-11-02 00:00:00,Symptom Logger,10.0,Android
MM_2437,2024-10-23,2024-11-27 00:00:00,Health Articles,6.9,Android
MM_2438,2024-08-28,2024-10-01 00:00:00,Period Tracker,7.6,iOS
MM_2438,2024-08-28,2024-10-05 00:00:00,Period Tracker,4.4,Android
MM_2438,2024-08-28,2024-10-10 00:00:00,Community Forum,13.1,iOS
MM_2438,2024-08-28,2024-09-19 00:00:00,Period Tracker,11.4,Android
MM_2438,2024-08-28,2024-09-30 00:00:00,Health Articles,11.5,iOS
MM_2438,2024-08-28,2024-09-20 00:00:00,Period Tracker,13.8,Android
MM_2438,2024-08-28,2024-09-29 00:00:00,Period Tracker,11.1,Android
MM_2439,2024-10-08,2024-11-09 00:00:00,Symptom Logger,7.0,Android
MM_2440,2024-09-17,2024-10-05 00:00:00,Period Tracker,8.4,iOS
MM_2440,2024-09-17,2024-09-20 00:00:00,Health Articles,12.2,iOS
MM_2440,2024-09-17,2024-09-22 00:00:00,Symptom Logger,3.5,Android
MM_2440,2024-09-17,2024-09-27 00:00:00,Symptom Logger,13.0,iOS
MM_2440,2024-09-17,2024-10-07 00:00:00,Period Tracker,13.1,Android
MM_2440,2024-09-17,2024-10-06 00:00:00,Period Tracker,5.4,iOS
MM_2440,2024-09-17,2024-10-08 00:00:00,Health Articles,4.0,iOS
MM_2440,2024-09-17,2024-10-21 00:00:00,Period Tracker,14.6,iOS
MM_2440,2024-09-17,2024-11-03 00:00:00,Community Forum,4.1,Android
MM_2440,2024-09-17,2024-11-13 00:00:00,Period Tracker,4.5,Android
MM_2440,2024-09-17,2024-10-19 00:00:00,Symptom Logger,425.0,iOS
MM_2440,2024-09-17,2024-10-04 00:00:00,Symptom Logger,9.3,iOS
MM_2440,2024-09-17,2024-10-06 00:00:00,Period Tracker,9.4,iOS
MM_2440,2024-09-17,2024-09-20 00:00:00,Period Tracker,1.1,Android
MM_2440,2024-09-17,2024-10-09 00:00:00,Period Tracker,5.8,Android
MM_2440,2024-09-17,2024-10-02 00:00:00,Period Tracker,5.3,Android
MM_2440,2024-09-17,2024-10-29 00:00:00,Community Forum,1.2,Android
MM_2440,2024-09-17,2024-10-27 00:00:00,Symptom Logger,10.8,iOS
MM_2440,2024-09-17,2024-10-15 00:00:00,Period Tracker,4.1,iOS
MM_2441,2024-09-21,2024-11-19 00:00:00,Health Articles,2.1,iOS
MM_2441,2024-09-21,2024-11-15 00:00:00,Period Tracker,2.4,Android
MM_2441,2024-09-21,2024-10-19 00:00:00,Period Tracker,10.8,iOS
MM_2441,2024-09-21,2024-10-20 00:00:00,Period Tracker,5.8,Android
MM_2441,2024-09-21,2024-11-05 00:00:00,Period Tracker,11.4,iOS
MM_2441,2024-09-21,2024-11-08 00:00:00,Community Forum,11.3,Android
MM_2441,2024-09-21,2024-09-22 00:00:00,Community Forum,9.6,iOS
MM_2441,2024-09-21,2024-11-10 00:00:00,Period Tracker,8.1,iOS
MM_2441,2024-09-21,2024-10-12 00:00:00,Period Tracker,1.0,Android
MM_2441,2024-09-21,2024-10-22 00:00:00,Health Articles,9.2,iOS
MM_2441,2024-09-21,2024-10-19 00:00:00,Period Tracker,7.0,Android
MM_2441,2024-09-21,2024-09-28 00:00:00,Period Tracker,7.1,Android
MM_2441,2024-09-21,2024-09-25 00:00:00,Period Tracker,8.3,Android
MM_2441,2024-09-21,2024-11-01 00:00:00,Community Forum,6.8,iOS
MM_2441,2024-09-21,2024-10-16 00:00:00,Period Tracker,7.9,Android
MM_2441,2024-09-21,2024-11-12 00:00:00,Health Articles,8.8,Android
MM_2441,2024-09-21,2024-10-28 00:00:00,Community Forum,12.7,iOS
MM_2441,2024-09-21,2024-11-16 00:00:00,Period Tracker,7.7,Android
MM_2441,2024-09-21,2024-10-04 00:00:00,Period Tracker,3.0,Android
MM_2442,2024-09-13,2024-09-29 00:00:00,Period Tracker,3.5,Android
MM_2443,2024-09-22,2024-10-05 00:00:00,Period Tracker,7.7,Android
MM_2444,2024-08-02,2024-09-27 00:00:00,Period Tracker,10.6,Android
MM_2445,2024-10-17,2024-10-22 00:00:00,Period Tracker,12.3,iOS
MM_2445,2024-10-17,2024-11-04 00:00:00,Period Tracker,10.4,iOS
MM_2445,2024-10-17,2024-12-13 00:00:00,Community Forum,7.0,iOS
MM_2446,2024-08-09,2024-08-25 00:00:00,Period Tracker,5.1,Android
MM_2446,2024-08-09,2024-09-03 00:00:00,Period Tracker,8.4,Android
MM_2446,2024-08-09,2024-09-16 00:00:00,Symptom Logger,3.7,Android
MM_2446,2024-08-09,2024-10-07 00:00:00,Community Forum,9.6,Android
MM_2446,2024-08-09,2024-09-16 00:00:00,Community Forum,9.8,iOS
MM_2446,2024-08-09,2024-09-16 00:00:00,Period Tracker,14.3,iOS
MM_2446,2024-08-09,2024-08-16 00:00:00,Period Tracker,5.2,iOS
MM_2446,2024-08-09,2024-09-27 00:00:00,Period Tracker,2.2,iOS
MM_2446,2024-08-09,2024-09-22 00:00:00,Symptom Logger,11.1,iOS
MM_2446,2024-08-09,2024-08-17 00:00:00,Community Forum,9.9,Android
MM_2446,2024-08-09,2024-09-07 00:00:00,Period Tracker,14.6,iOS
MM_2446,2024-08-09,2024-08-25 00:00:00,Period Tracker,10.5,iOS
MM_2446,2024-08-09,2024-09-14 00:00:00,Symptom Logger,12.2,Android
MM_2446,2024-08-09,2024-10-01 00:00:00,Symptom Logger,13.0,Android
MM_2446,2024-08-09,2024-09-19 00:00:00,Period Tracker,5.2,Android
MM_2447,2024-09-27,2024-10-28 00:00:00,Health Articles,8.2,iOS
MM_2447,2024-09-27,2024-11-21 00:00:00,Period Tracker,6.5,iOS
MM_2448,2024-10-09,2024-11-06 00:00:00,Period Tracker,14.3,iOS
MM_2448,2024-10-09,2024-10-16 00:00:00,Period Tracker,11.0,iOS
MM_2449,2024-09-11,2024-09-25 00:00:00,Symptom Logger,10.0,Android
MM_2449,2024-09-11,2024-09-26 00:00:00,Symptom Logger,10.2,iOS
MM_2450,2024-08-25,2024-09-26 00:00:00,Period Tracker,3.7,iOS
MM_2450,2024-08-25,2024-08-26 00:00:00,Period Tracker,10.1,iOS
MM_2450,2024-08-25,2024-10-02 00:00:00,Community Forum,4.4,iOS
MM_2450,2024-08-25,2024-09-14 00:00:00,Period Tracker,14.7,iOS
MM_2450,2024-08-25,2024-09-29 00:00:00,Symptom Logger,11.2,Android
MM_2450,2024-08-25,2024-09-16 00:00:00,Symptom Logger,9.9,iOS
MM_2450,2024-08-25,2024-10-09 00:00:00,Symptom Logger,13.2,Android
MM_2450,2024-08-25,2024-10-07 00:00:00,Period Tracker,7.4,Android
MM_2450,2024-08-25,2024-09-28 00:00:00,Period Tracker,3.2,Android
MM_2450,2024-08-25,2024-09-16 00:00:00,Period Tracker,7.5,Android
MM_2450,2024-08-25,2024-10-01 00:00:00,Health Articles,11.5,iOS
MM_2450,2024-08-25,2024-09-07 00:00:00,Community Forum,14.9,iOS
MM_2450,2024-08-25,2024-09-06 00:00:00,Period Tracker,7.6,iOS
MM_2450,2024-08-25,2024-10-03 00:00:00,Period Tracker,14.0,Android
MM_2450,2024-08-25,2024-09-12 00:00:00,Health Articles,11.5,Android
MM_2450,2024-08-25,2024-09-20 00:00:00,Symptom Logger,7.1,iOS
MM_2450,2024-08-25,2024-09-13 00:00:00,Period Tracker,4.0,Android
MM_2451,2024-08-14,2024-08-23 00:00:00,Health Articles,7.6,iOS
MM_2452,2024-10-06,2024-11-04 00:00:00,Period Tracker,1.0,iOS
MM_2452,2024-10-06,2024-10-19 00:00:00,Period Tracker,7.4,iOS
MM_2452,2024-10-06,2024-11-21 00:00:00,Period Tracker,1.8,Android
MM_2452,2024-10-06,2024-11-05 00:00:00,Symptom Logger,9.3,iOS
MM_2452,2024-10-06,2024-12-04 00:00:00,Symptom Logger,9.3,iOS
MM_2452,2024-10-06,2024-12-02 00:00:00,Period Tracker,5.3,iOS
MM_2452,2024-10-06,2024-11-30 00:00:00,Community Forum,7.1,Android
MM_2452,2024-10-06,2024-10-20 00:00:00,Period Tracker,4.5,Android
MM_2452,2024-10-06,2024-10-29 00:00:00,Period Tracker,14.0,Android
MM_2452,2024-10-06,2024-11-28 00:00:00,Community Forum,6.5,Android
MM_2452,2024-10-06,2024-11-28 00:00:00,Health Articles,2.7,iOS
MM_2452,2024-10-06,2024-11-13 00:00:00,Community Forum,3.2,iOS
MM_2452,2024-10-06,2024-11-24 00:00:00,Period Tracker,14.6,iOS
MM_2452,2024-10-06,2024-10-30 00:00:00,Period Tracker,4.6,Android
MM_2452,2024-10-06,2024-11-12 00:00:00,Period Tracker,10.4,Android
MM_2452,2024-10-06,2024-10-08 00:00:00,Period Tracker,4.5,iOS
MM_2452,2024-10-06,2024-11-27 00:00:00,Symptom Logger,13.5,iOS
MM_2453,2024-09-19,2024-10-04 00:00:00,Health Articles,6.2,iOS
MM_2453,2024-09-19,2024-10-10 00:00:00,Symptom Logger,9.4,Android
MM_2453,2024-09-19,2024-10-06 00:00:00,Health Articles,10.3,iOS
MM_2453,2024-09-19,2024-10-31 00:00:00,Community Forum,13.4,iOS
MM_2453,2024-09-19,2024-10-28 00:00:00,Community Forum,10.1,Android
MM_2453,2024-09-19,2024-11-05 00:00:00,Community Forum,9.3,Android
MM_2453,2024-09-19,2024-10-14 00:00:00,Period Tracker,12.9,iOS
MM_2453,2024-09-19,2024-10-21 00:00:00,Period Tracker,4.0,iOS
MM_2453,2024-09-19,2024-10-17 00:00:00,Period Tracker,6.3,iOS
MM_2453,2024-09-19,2024-11-08 00:00:00,Period Tracker,13.3,iOS
MM_2453,2024-09-19,2024-10-12 00:00:00,Period Tracker,8.2,iOS
MM_2453,2024-09-19,2024-10-17 00:00:00,Health Articles,12.7,iOS
MM_2453,2024-09-19,2024-10-02 00:00:00,Health Articles,6.1,iOS
MM_2453,2024-09-19,2024-10-16 00:00:00,Health Articles,10.3,iOS
MM_2453,2024-09-19,2024-11-15 00:00:00,Period Tracker,4.6,Android
MM_2453,2024-09-19,2024-09-22 00:00:00,Period Tracker,4.3,Android
MM_2453,2024-09-19,2024-10-23 00:00:00,Period Tracker,8.4,Android
MM_2453,2024-09-19,2024-11-08 00:00:00,Symptom Logger,6.5,iOS
MM_2453,2024-09-19,2024-10-24 00:00:00,Community Forum,14.4,iOS
MM_2453,2024-09-19,2024-10-07 00:00:00,Community Forum,14.2,Android
MM_2454,2024-09-13,2024-09-29 00:00:00,Period Tracker,1.7,Android
MM_2454,2024-09-13,2024-10-23 00:00:00,Symptom Logger,12.1,iOS
MM_2454,2024-09-13,2024-10-08 00:00:00,Period Tracker,5.5,iOS
MM_2454,2024-09-13,2024-10-22 00:00:00,Period Tracker,12.3,iOS
MM_2454,2024-09-13,2024-10-13 00:00:00,Period Tracker,7.0,Android
MM_2454,2024-09-13,2024-10-29 00:00:00,Period Tracker,1.9,iOS
MM_2454,2024-09-13,2024-11-07 00:00:00,Period Tracker,5.1,iOS
MM_2454,2024-09-13,2024-11-10 00:00:00,Health Articles,12.7,iOS
MM_2454,2024-09-13,2024-11-01 00:00:00,Period Tracker,3.1,iOS
MM_2454,2024-09-13,2024-10-17 00:00:00,Period Tracker,1.5,iOS
MM_2454,2024-09-13,2024-11-12 00:00:00,Period Tracker,13.9,Android
MM_2454,2024-09-13,2024-10-15 00:00:00,Community Forum,9.0,Android
MM_2454,2024-09-13,2024-09-23 00:00:00,Period Tracker,11.8,Android
MM_2454,2024-09-13,2024-10-12 00:00:00,Period Tracker,10.1,iOS
MM_2454,2024-09-13,2024-10-07 00:00:00,Period Tracker,8.8,Android
MM_2454,2024-09-13,2024-09-21 00:00:00,Period Tracker,8.6,Android
MM_2455,2024-08-07,2024-09-15 00:00:00,Community Forum,5.6,Android
MM_2455,2024-08-07,2024-09-06 00:00:00,Period Tracker,12.0,Android
MM_2455,2024-08-07,2024-08-11 00:00:00,Health Articles,13.4,iOS
MM_2455,2024-08-07,2024-09-22 00:00:00,Period Tracker,,iOS
MM_2455,2024-08-07,2024-09-06 00:00:00,Period Tracker,5.3,iOS
MM_2455,2024-08-07,2024-09-23 00:00:00,Period Tracker,9.7,Android
MM_2456,2024-08-12,2024-09-02 00:00:00,Community Forum,2.3,iOS
MM_2456,2024-08-12,2024-09-02 00:00:00,Period Tracker,8.7,iOS
MM_2457,2024-08-27,2024-09-06 00:00:00,Period Tracker,13.1,iOS
MM_2457,2024-08-27,2024-09-05 00:00:00,Period Tracker,11.2,Android
MM_2457,2024-08-27,2024-09-19 00:00:00,Period Tracker,1.7,iOS
MM_2457,2024-08-27,2024-08-27 00:00:00,Period Tracker,4.6,iOS
MM_2457,2024-08-27,2024-10-18 00:00:00,Symptom Logger,1.9,iOS
MM_2457,2024-08-27,2024-09-21 00:00:00,Period Tracker,13.7,Android
MM_2457,2024-08-27,2024-10-16 00:00:00,Period Tracker,9.5,iOS
MM_2457,2024-08-27,2024-09-01 00:00:00,Symptom Logger,4.2,iOS
MM_2457,2024-08-27,2024-10-23 00:00:00,Symptom Logger,12.0,Android
MM_2457,2024-08-27,2024-09-19 00:00:00,Community Forum,13.0,iOS
MM_2457,2024-08-27,2024-10-22 00:00:00,Period Tracker,12.4,Android
MM_2457,2024-08-27,2024-10-10 00:00:00,Period Tracker,4.8,iOS
MM_2457,2024-08-27,2024-09-09 00:00:00,Period Tracker,10.8,Android
MM_2457,2024-08-27,2024-08-29 00:00:00,Period Tracker,11.9,iOS
MM_2457,2024-08-27,2024-09-06 00:00:00,Period Tracker,11.5,Android
MM_2457,2024-08-27,2024-09-05 00:00:00,Period Tracker,3.5,iOS
MM_2457,2024-08-27,2024-09-25 00:00:00,Period Tracker,10.0,iOS
MM_2457,2024-08-27,2024-09-28 00:00:00,Period Tracker,6.3,Android
MM_2458,2024-09-22,2024-11-17 00:00:00,Symptom Logger,13.0,iOS
MM_2459,2024-08-08,2024-09-20 00:00:00,Symptom Logger,4.6,iOS
MM_2460,2024-08-25,2024-09-08 00:00:00,Period Tracker,,iOS
MM_2460,2024-08-25,2024-10-04 00:00:00,Symptom Logger,5.8,Android
MM_2460,2024-08-25,2024-08-30 00:00:00,Period Tracker,2.7,iOS
MM_2460,2024-08-25,2024-10-05 00:00:00,Community Forum,9.9,iOS
MM_2460,2024-08-25,2024-10-24 00:00:00,Symptom Logger,5.5,Android
MM_2460,2024-08-25,2024-10-24 00:00:00,Symptom Logger,5.9,iOS
MM_2460,2024-08-25,2024-09-30 00:00:00,Period Tracker,1.1,iOS
MM_2460,2024-08-25,2024-09-23 00:00:00,Period Tracker,7.1,Android
MM_2461,2024-09-17,2024-09-28 00:00:00,Period Tracker,11.7,Android
MM_2461,2024-09-17,2024-09-18 00:00:00,Health Articles,8.2,iOS
MM_2462,2024-08-19,2024-09-14 00:00:00,Symptom Logger,12.0,iOS
MM_2462,2024-08-19,2024-09-10 00:00:00,Period Tracker,11.7,iOS
MM_2462,2024-08-19,2024-10-13 00:00:00,Symptom Logger,9.4,Android
MM_2462,2024-08-19,2024-10-05 00:00:00,Symptom Logger,13.2,iOS
MM_2462,2024-08-19,2024-09-10 00:00:00,Health Articles,1.7,Android
MM_2462,2024-08-19,2024-09-10 00:00:00,Community Forum,5.7,iOS
MM_2462,2024-08-19,2024-09-26 00:00:00,Period Tracker,8.5,iOS
MM_2463,2024-08-06,2024-08-14 00:00:00,Period Tracker,2.0,Android
MM_2463,2024-08-06,2024-08-30 00:00:00,Community Forum,5.3,Android
MM_2463,2024-08-06,2024-08-19 00:00:00,Symptom Logger,8.0,Android
MM_2463,2024-08-06,2024-08-21 00:00:00,Period Tracker,11.2,Android
MM_2463,2024-08-06,2024-09-13 00:00:00,Period Tracker,12.5,Android
MM_2463,2024-08-06,2024-09-24 00:00:00,Period Tracker,2.0,iOS
MM_2463,2024-08-06,2024-09-29 00:00:00,Symptom Logger,13.8,iOS
MM_2463,2024-08-06,2024-09-29 00:00:00,Community Forum,9.4,iOS
MM_2463,2024-08-06,2024-08-23 00:00:00,Period Tracker,5.4,Android
MM_2463,2024-08-06,2024-09-25 00:00:00,Symptom Logger,3.8,iOS
MM_2463,2024-08-06,2024-09-23 00:00:00,Period Tracker,6.5,Android
MM_2463,2024-08-06,2024-09-30 00:00:00,Symptom Logger,4.1,iOS
MM_2463,2024-08-06,2024-09-01 00:00:00,Period Tracker,10.7,Android
MM_2463,2024-08-06,2024-09-01 00:00:00,Symptom Logger,14.2,Android
MM_2463,2024-08-06,2024-09-12 00:00:00,Period Tracker,3.4,Android
MM_2463,2024-08-06,2024-08-16 00:00:00,Health Articles,4.0,Android
MM_2463,2024-08-06,2024-09-23 00:00:00,Health Articles,8.0,Android
MM_2463,2024-08-06,2024-08-27 00:00:00,Period Tracker,10.1,iOS
MM_2464,2024-08-24,2024-10-05 00:00:00,Period Tracker,5.6,Android
MM_2464,2024-08-24,2024-10-22 00:00:00,Period Tracker,8.2,Android
MM_2465,2024-08-19,2024-08-24 00:00:00,Period Tracker,1.6,iOS
MM_2465,2024-08-19,2024-09-24 00:00:00,Health Articles,11.7,iOS
MM_2465,2024-08-19,2024-08-30 00:00:00,Community Forum,4.6,iOS
MM_2465,2024-08-19,2024-09-25 00:00:00,Symptom Logger,8.0,Android
MM_2465,2024-08-19,2024-09-25 00:00:00,Health Articles,12.6,Android
MM_2465,2024-08-19,2024-08-22 00:00:00,Health Articles,3.5,iOS
MM_2465,2024-08-19,2024-10-09 00:00:00,Symptom Logger,8.5,iOS
MM_2465,2024-08-19,2024-10-13 00:00:00,Community Forum,6.7,iOS
MM_2465,2024-08-19,2024-10-04 00:00:00,Community Forum,14.9,Android
MM_2465,2024-08-19,2024-09-10 00:00:00,Period Tracker,12.0,iOS
MM_2465,2024-08-19,2024-08-30 00:00:00,Health Articles,7.0,iOS
MM_2465,2024-08-19,2024-09-16 00:00:00,Community Forum,9.1,iOS
MM_2465,2024-08-19,2024-09-25 00:00:00,Period Tracker,12.4,iOS
MM_2465,2024-08-19,2024-09-30 00:00:00,Period Tracker,4.3,Android
MM_2466,2024-10-04,2024-11-28 00:00:00,Period Tracker,10.1,Android
MM_2467,2024-09-21,2024-09-24 00:00:00,Community Forum,11.3,Android
MM_2467,2024-09-21,2024-10-21 00:00:00,Health Articles,8.0,Android
MM_2467,2024-09-21,2024-10-26 00:00:00,Community Forum,3.8,Android
MM_2467,2024-09-21,2024-10-16 00:00:00,Health Articles,7.3,iOS
MM_2467,2024-09-21,2024-10-19 00:00:00,Period Tracker,9.9,Android
MM_2467,2024-09-21,2024-11-02 00:00:00,Period Tracker,3.9,Android
MM_2467,2024-09-21,2024-09-21 00:00:00,Health Articles,3.6,iOS
MM_2468,2024-09-29,2024-10-30 00:00:00,Community Forum,15.0,Android
MM_2468,2024-09-29,2024-10-17 00:00:00,Symptom Logger,6.9,iOS
MM_2468,2024-09-29,2024-10-04 00:00:00,Period Tracker,1.2,iOS
MM_2468,2024-09-29,2024-11-14 00:00:00,Community Forum,11.6,iOS
MM_2468,2024-09-29,2024-10-11 00:00:00,Period Tracker,7.2,Android
MM_2468,2024-09-29,2024-10-31 00:00:00,Period Tracker,9.9,iOS
MM_2468,2024-09-29,2024-10-09 00:00:00,Symptom Logger,5.6,iOS
MM_2469,2024-08-27,2024-10-03 00:00:00,Health Articles,7.7,iOS
MM_2469,2024-08-27,2024-10-14 00:00:00,Symptom Logger,9.9,iOS
MM_2469,2024-08-27,2024-08-30 00:00:00,Period Tracker,6.2,Android
MM_2469,2024-08-27,2024-10-16 00:00:00,Period Tracker,12.6,iOS
MM_2469,2024-08-27,2024-09-29 00:00:00,Period Tracker,10.1,Android
MM_2470,2024-10-20,2024-11-14 00:00:00,Symptom Logger,8.9,iOS
MM_2470,2024-10-20,2024-11-07 00:00:00,Health Articles,5.6,iOS
MM_2471,2024-09-18,2024-11-12 00:00:00,Community Forum,8.5,iOS
MM_2471,2024-09-18,2024-10-06 00:00:00,Period Tracker,13.0,Android
MM_2471,2024-09-18,2024-10-08 00:00:00,Period Tracker,9.2,Android
MM_2471,2024-09-18,2024-11-08 00:00:00,Period Tracker,14.3,Android
MM_2471,2024-09-18,2024-10-18 00:00:00,Symptom Logger,2.5,Android
MM_2471,2024-09-18,2024-10-06 00:00:00,Period Tracker,11.1,Android
MM_2471,2024-09-18,2024-10-15 00:00:00,Period Tracker,7.4,iOS
MM_2471,2024-09-18,2024-10-19 00:00:00,Period Tracker,5.4,iOS
MM_2471,2024-09-18,2024-11-07 00:00:00,Symptom Logger,10.5,Android
MM_2472,2024-10-14,2024-11-29 00:00:00,Community Forum,3.9,iOS
MM_2472,2024-10-14,2024-10-17 00:00:00,Period Tracker,8.0,Android
MM_2472,2024-10-14,2024-11-27 00:00:00,Symptom Logger,9.4,iOS
MM_2472,2024-10-14,2024-12-08 00:00:00,Period Tracker,11.8,iOS
MM_2472,2024-10-14,2024-10-29 00:00:00,Period Tracker,7.7,iOS
MM_2472,2024-10-14,2024-12-03 00:00:00,Period Tracker,6.6,iOS
MM_2472,2024-10-14,2024-11-24 00:00:00,Health Articles,2.4,Android
MM_2472,2024-10-14,2024-11-11 00:00:00,Health Articles,11.5,iOS
MM_2472,2024-10-14,2024-11-17 00:00:00,Symptom Logger,11.2,Android
MM_2472,2024-10-14,2024-11-17 00:00:00,Period Tracker,8.0,iOS
MM_2473,2024-09-09,2024-09-23 00:00:00,Symptom Logger,,Android
MM_2473,2024-09-09,2024-11-07 00:00:00,Period Tracker,14.0,iOS
MM_2473,2024-09-09,2024-09-16 00:00:00,Period Tracker,4.9,Android
MM_2474,2024-10-01,2024-10-24 00:00:00,Health Articles,12.2,iOS
MM_2475,2024-08-11,2024-08-11 00:00:00,Period Tracker,14.3,iOS
MM_2475,2024-08-11,2024-09-07 00:00:00,Period Tracker,12.3,iOS
MM_2475,2024-08-11,2024-10-04 00:00:00,Community Forum,11.8,iOS
MM_2475,2024-08-11,2024-08-22 00:00:00,Community Forum,8.2,Android
MM_2475,2024-08-11,2024-09-30 00:00:00,Period Tracker,3.8,iOS
MM_2475,2024-08-11,2024-08-24 00:00:00,Period Tracker,4.5,Android
MM_2475,2024-08-11,2024-08-24 00:00:00,Period Tracker,8.8,iOS
MM_2475,2024-08-11,2024-09-13 00:00:00,Period Tracker,12.0,Android
MM_2475,2024-08-11,2024-09-07 00:00:00,Period Tracker,13.1,iOS
MM_2475,2024-08-11,2024-08-13 00:00:00,Period Tracker,11.8,iOS
MM_2475,2024-08-11,2024-09-18 00:00:00,Period Tracker,12.8,iOS
MM_2475,2024-08-11,2024-08-28 00:00:00,Period Tracker,14.0,iOS
MM_2475,2024-08-11,2024-09-15 00:00:00,Period Tracker,10.2,iOS
MM_2476,2024-08-12,2024-08-16 00:00:00,Health Articles,7.1,Android
MM_2476,2024-08-12,2024-09-06 00:00:00,Community Forum,10.7,iOS
MM_2476,2024-08-12,2024-08-18 00:00:00,Period Tracker,1.9,Android
MM_2476,2024-08-12,2024-08-23 00:00:00,Period Tracker,2.0,Android
MM_2476,2024-08-12,2024-08-25 00:00:00,Period Tracker,12.3,iOS
MM_2476,2024-08-12,2024-09-12 00:00:00,Period Tracker,9.5,Android
MM_2476,2024-08-12,2024-09-24 00:00:00,Community Forum,9.4,iOS
MM_2476,2024-08-12,2024-10-11 00:00:00,Period Tracker,6.1,Android
MM_2476,2024-08-12,2024-09-04 00:00:00,Symptom Logger,,Android
MM_2476,2024-08-12,2024-09-26 00:00:00,Community Forum,6.0,Android
MM_2476,2024-08-12,2024-08-30 00:00:00,Health Articles,9.4,iOS
MM_2476,2024-08-12,2024-08-23 00:00:00,Health Articles,14.2,Android
MM_2476,2024-08-12,2024-09-26 00:00:00,Symptom Logger,6.5,Android
MM_2476,2024-08-12,2024-10-09 00:00:00,Community Forum,11.6,iOS
MM_2476,2024-08-12,2024-08-20 00:00:00,Community Forum,3.4,Android
MM_2477,2024-08-15,2024-08-27 00:00:00,Period Tracker,9.7,Android
MM_2477,2024-08-15,2024-08-17 00:00:00,Period Tracker,2.8,iOS
MM_2477,2024-08-15,2024-09-23 00:00:00,Period Tracker,9.7,Android
MM_2477,2024-08-15,2024-10-07 00:00:00,Period Tracker,12.4,Android
MM_2477,2024-08-15,2024-09-17 00:00:00,Period Tracker,1.7,iOS
MM_2477,2024-08-15,2024-10-07 00:00:00,Period Tracker,13.7,Android
MM_2477,2024-08-15,2024-10-03 00:00:00,Period Tracker,4.2,Android
MM_2477,2024-08-15,2024-08-27 00:00:00,Period Tracker,8.6,iOS
MM_2477,2024-08-15,2024-09-30 00:00:00,Period Tracker,11.2,Android
MM_2477,2024-08-15,2024-10-01 00:00:00,Period Tracker,8.3,iOS
MM_2477,2024-08-15,2024-09-28 00:00:00,Community Forum,6.6,iOS
MM_2477,2024-08-15,2024-09-27 00:00:00,Symptom Logger,13.4,Android
MM_2477,2024-08-15,2024-09-16 00:00:00,Period Tracker,2.8,iOS
MM_2477,2024-08-15,2024-09-18 00:00:00,Symptom Logger,10.1,Android
MM_2477,2024-08-15,2024-08-19 00:00:00,Period Tracker,7.1,Android
MM_2477,2024-08-15,2024-09-17 00:00:00,Symptom Logger,4.8,iOS
MM_2477,2024-08-15,2024-09-09 00:00:00,Period Tracker,13.6,Android
MM_2477,2024-08-15,2024-10-02 00:00:00,Period Tracker,4.9,iOS
MM_2477,2024-08-15,2024-09-07 00:00:00,Period Tracker,3.2,Android
MM_2478,2024-08-11,2024-09-24 00:00:00,Period Tracker,1.8,iOS
MM_2479,2024-08-15,2024-09-26 00:00:00,Symptom Logger,7.4,iOS
MM_2479,2024-08-15,2024-09-12 00:00:00,Period Tracker,2.8,iOS
MM_2480,2024-09-20,2024-11-08 00:00:00,Period Tracker,3.2,Android
MM_2480,2024-09-20,2024-11-17 00:00:00,Period Tracker,4.0,iOS
MM_2480,2024-09-20,2024-10-24 00:00:00,Period Tracker,2.4,iOS
MM_2480,2024-09-20,2024-10-24 00:00:00,Period Tracker,12.4,Android
MM_2480,2024-09-20,2024-11-15 00:00:00,Symptom Logger,1.6,iOS
MM_2480,2024-09-20,2024-09-27 00:00:00,Period Tracker,14.9,Android
MM_2481,2024-09-09,2024-10-19 00:00:00,Health Articles,7.7,iOS
MM_2481,2024-09-09,2024-11-01 00:00:00,Health Articles,9.8,iOS
MM_2481,2024-09-09,2024-10-13 00:00:00,Period Tracker,6.5,iOS
MM_2481,2024-09-09,2024-09-28 00:00:00,Symptom Logger,2.6,iOS
MM_2481,2024-09-09,2024-10-02 00:00:00,Symptom Logger,7.2,iOS
MM_2481,2024-09-09,2024-11-06 00:00:00,Community Forum,1.3,iOS
MM_2481,2024-09-09,2024-11-05 00:00:00,Period Tracker,8.0,iOS
MM_2481,2024-09-09,2024-10-24 00:00:00,Period Tracker,10.5,Android
MM_2481,2024-09-09,2024-09-27 00:00:00,Period Tracker,9.1,iOS
MM_2481,2024-09-09,2024-10-09 00:00:00,Community Forum,4.8,iOS
MM_2482,2024-10-18,2024-12-15 00:00:00,Period Tracker,14.6,iOS
MM_2482,2024-10-18,2024-12-15 00:00:00,Period Tracker,3.0,Android
MM_2482,2024-10-18,2024-11-23 00:00:00,Health Articles,8.7,Android
MM_2483,2024-09-15,2024-10-03 00:00:00,Health Articles,9.0,Android
MM_2483,2024-09-15,2024-10-05 00:00:00,Symptom Logger,3.7,Android
MM_2484,2024-08-04,2024-08-26 00:00:00,Period Tracker,2.9,Android
MM_2484,2024-08-04,2024-09-18 00:00:00,Symptom Logger,5.7,iOS
MM_2484,2024-08-04,2024-08-16 00:00:00,Period Tracker,8.7,iOS
MM_2484,2024-08-04,2024-09-04 00:00:00,Health Articles,13.0,Android
MM_2484,2024-08-04,2024-09-19 00:00:00,Community Forum,1.7,iOS
MM_2484,2024-08-04,2024-08-15 00:00:00,Period Tracker,8.8,iOS
MM_2484,2024-08-04,2024-10-02 00:00:00,Period Tracker,5.3,Android
MM_2484,2024-08-04,2024-08-24 00:00:00,Period Tracker,9.4,Android
MM_2484,2024-08-04,2024-09-12 00:00:00,Period Tracker,7.6,Android
MM_2484,2024-08-04,2024-08-07 00:00:00,Period Tracker,7.2,iOS
MM_2484,2024-08-04,2024-08-20 00:00:00,Period Tracker,9.1,iOS
MM_2484,2024-08-04,2024-08-04 00:00:00,Period Tracker,6.4,iOS
MM_2484,2024-08-04,2024-09-02 00:00:00,Period Tracker,10.3,iOS
MM_2484,2024-08-04,2024-08-16 00:00:00,Period Tracker,,Android
MM_2484,2024-08-04,2024-09-10 00:00:00,Community Forum,4.4,iOS
MM_2484,2024-08-04,2024-09-30 00:00:00,Period Tracker,14.6,Android
MM_2484,2024-08-04,2024-09-26 00:00:00,Community Forum,14.2,Android
MM_2484,2024-08-04,2024-08-12 00:00:00,Period Tracker,14.2,Android
MM_2484,2024-08-04,2024-08-04 00:00:00,Period Tracker,11.4,iOS
MM_2484,2024-08-04,2024-08-27 00:00:00,Period Tracker,7.3,iOS
MM_2485,2024-09-04,2024-09-29 00:00:00,Health Articles,8.4,iOS
MM_2486,2024-09-21,2024-10-08 00:00:00,Symptom Logger,,Android
MM_2486,2024-09-21,2024-10-21 00:00:00,Period Tracker,6.0,iOS
MM_2486,2024-09-21,2024-10-24 00:00:00,Period Tracker,14.6,iOS
MM_2486,2024-09-21,2024-11-01 00:00:00,Symptom Logger,12.2,iOS
MM_2486,2024-09-21,2024-11-05 00:00:00,Period Tracker,3.6,Android
MM_2486,2024-09-21,2024-10-21 00:00:00,Period Tracker,13.4,iOS
MM_2486,2024-09-21,2024-10-27 00:00:00,Period Tracker,4.3,Android
MM_2486,2024-09-21,2024-10-31 00:00:00,Period Tracker,13.6,iOS
MM_2486,2024-09-21,2024-10-24 00:00:00,Period Tracker,8.4,Android
MM_2486,2024-09-21,2024-11-16 00:00:00,Health Articles,2.7,Android
MM_2486,2024-09-21,2024-10-07 00:00:00,Health Articles,7.2,Android
MM_2486,2024-09-21,2024-11-12 00:00:00,Period Tracker,1.6,Android
MM_2486,2024-09-21,2024-11-02 00:00:00,Period Tracker,7.2,Android
MM_2487,2024-08-28,2024-10-22 00:00:00,Period Tracker,1.6,Android
MM_2487,2024-08-28,2024-10-04 00:00:00,Period Tracker,10.0,iOS
MM_2487,2024-08-28,2024-10-20 00:00:00,Period Tracker,14.3,iOS
MM_2487,2024-08-28,2024-08-31 00:00:00,Symptom Logger,4.0,Android
MM_2487,2024-08-28,2024-09-19 00:00:00,Symptom Logger,14.9,Android
MM_2487,2024-08-28,2024-10-13 00:00:00,Period Tracker,7.0,Android
MM_2487,2024-08-28,2024-09-02 00:00:00,Health Articles,14.3,Android
MM_2487,2024-08-28,2024-09-01 00:00:00,Community Forum,9.7,Android
MM_2487,2024-08-28,2024-10-24 00:00:00,Health Articles,4.7,iOS
MM_2487,2024-08-28,2024-08-28 00:00:00,Period Tracker,10.9,Android
MM_2487,2024-08-28,2024-10-09 00:00:00,Health Articles,14.1,Android
MM_2487,2024-08-28,2024-10-01 00:00:00,Symptom Logger,10.2,Android
MM_2487,2024-08-28,2024-09-08 00:00:00,Symptom Logger,9.1,iOS
MM_2487,2024-08-28,2024-09-21 00:00:00,Symptom Logger,6.0,iOS
MM_2488,2024-10-13,2024-11-11 00:00:00,Symptom Logger,12.8,iOS
MM_2488,2024-10-13,2024-11-03 00:00:00,Period Tracker,5.3,iOS
MM_2488,2024-10-13,2024-11-11 00:00:00,Symptom Logger,5.6,iOS
MM_2488,2024-10-13,2024-11-12 00:00:00,Period Tracker,10.1,iOS
MM_2488,2024-10-13,2024-11-05 00:00:00,Period Tracker,7.5,iOS
MM_2488,2024-10-13,2024-10-24 00:00:00,Community Forum,10.1,iOS
MM_2488,2024-10-13,2024-10-28 00:00:00,Period Tracker,9.9,Android
MM_2488,2024-10-13,2024-12-02 00:00:00,Period Tracker,11.9,Android
MM_2488,2024-10-13,2024-11-05 00:00:00,Symptom Logger,7.1,Android
MM_2488,2024-10-13,2024-11-10 00:00:00,Community Forum,14.0,Android
MM_2488,2024-10-13,2024-12-05 00:00:00,Period Tracker,8.5,iOS
MM_2488,2024-10-13,2024-10-20 00:00:00,Community Forum,7.2,Android
MM_2489,2024-10-20,2024-10-28 00:00:00,Symptom Logger,13.9,iOS
MM_2489,2024-10-20,2024-11-05 00:00:00,Health Articles,9.9,iOS
MM_2489,2024-10-20,2024-11-05 00:00:00,Period Tracker,2.7,Android
MM_2489,2024-10-20,2024-10-23 00:00:00,Community Forum,13.8,iOS
MM_2489,2024-10-20,2024-11-11 00:00:00,Period Tracker,2.2,iOS
MM_2489,2024-10-20,2024-11-28 00:00:00,Period Tracker,10.0,iOS
MM_2489,2024-10-20,2024-11-07 00:00:00,Period Tracker,7.9,iOS
MM_2489,2024-10-20,2024-11-27 00:00:00,Symptom Logger,3.5,iOS
MM_2489,2024-10-20,2024-10-26 00:00:00,Period Tracker,14.3,Android
MM_2489,2024-10-20,2024-12-18 00:00:00,Community Forum,2.7,iOS
MM_2489,2024-10-20,2024-10-23 00:00:00,Period Tracker,13.2,Android
MM_2489,2024-10-20,2024-10-31 00:00:00,Period Tracker,12.0,Android
MM_2489,2024-10-20,2024-12-01 00:00:00,Period Tracker,9.1,iOS
MM_2489,2024-10-20,2024-11-02 00:00:00,Period Tracker,5.7,iOS
MM_2489,2024-10-20,2024-12-09 00:00:00,Period Tracker,1.3,iOS
MM_2489,2024-10-20,2024-12-17 00:00:00,Period Tracker,9.6,Android
MM_2489,2024-10-20,2024-12-18 00:00:00,Symptom Logger,8.2,iOS
MM_2489,2024-10-20,2024-11-05 00:00:00,Period Tracker,9.8,Android
MM_2490,2024-10-12,2024-10-13 00:00:00,Community Forum,8.3,iOS
MM_2490,2024-10-12,2024-10-19 00:00:00,Period Tracker,7.7,Android
MM_2491,2024-09-23,2024-10-30 00:00:00,Period Tracker,2.4,Android
MM_2491,2024-09-23,2024-10-20 00:00:00,Period Tracker,4.7,iOS
MM_2491,2024-09-23,2024-11-07 00:00:00,Period Tracker,5.4,Android
MM_2491,2024-09-23,2024-11-12 00:00:00,Period Tracker,14.6,iOS
MM_2491,2024-09-23,2024-09-28 00:00:00,Symptom Logger,8.8,iOS
MM_2491,2024-09-23,2024-11-16 00:00:00,Period Tracker,11.7,Android
MM_2491,2024-09-23,2024-11-12 00:00:00,Period Tracker,9.6,iOS
MM_2491,2024-09-23,2024-11-20 00:00:00,Period Tracker,4.3,Android
MM_2491,2024-09-23,2024-09-27 00:00:00,Period Tracker,5.2,iOS
MM_2491,2024-09-23,2024-10-25 00:00:00,Period Tracker,14.2,Android
MM_2491,2024-09-23,2024-10-12 00:00:00,Symptom Logger,7.6,iOS
MM_2491,2024-09-23,2024-11-04 00:00:00,Symptom Logger,9.0,Android
MM_2491,2024-09-23,2024-11-19 00:00:00,Period Tracker,3.1,Android
MM_2491,2024-09-23,2024-10-04 00:00:00,Symptom Logger,8.3,Android
MM_2491,2024-09-23,2024-10-04 00:00:00,Period Tracker,7.8,iOS
MM_2491,2024-09-23,2024-11-14 00:00:00,Community Forum,2.9,Android
MM_2491,2024-09-23,2024-11-11 00:00:00,Symptom Logger,3.4,Android
MM_2492,2024-08-20,2024-08-26 00:00:00,Period Tracker,8.0,iOS
MM_2492,2024-08-20,2024-10-18 00:00:00,Period Tracker,10.0,Android
MM_2492,2024-08-20,2024-09-29 00:00:00,Period Tracker,11.5,iOS
MM_2492,2024-08-20,2024-09-02 00:00:00,Period Tracker,2.2,Android
MM_2492,2024-08-20,2024-10-19 00:00:00,Period Tracker,5.4,iOS
MM_2492,2024-08-20,2024-10-11 00:00:00,Period Tracker,6.8,Android
MM_2492,2024-08-20,2024-10-06 00:00:00,Period Tracker,1.2,Android
MM_2492,2024-08-20,2024-10-05 00:00:00,Community Forum,4.4,iOS
MM_2492,2024-08-20,2024-10-17 00:00:00,Period Tracker,12.7,Android
MM_2492,2024-08-20,2024-09-29 00:00:00,Period Tracker,6.2,Android
MM_2493,2024-10-10,2024-11-02 00:00:00,Symptom Logger,5.2,iOS
MM_2493,2024-10-10,2024-11-05 00:00:00,Symptom Logger,5.7,Android
MM_2493,2024-10-10,2024-11-16 00:00:00,Period Tracker,6.4,iOS
MM_2493,2024-10-10,2024-11-23 00:00:00,Community Forum,10.9,Android
MM_2493,2024-10-10,2024-11-24 00:00:00,Community Forum,9.6,Android
MM_2493,2024-10-10,2024-11-03 00:00:00,Period Tracker,4.2,Android
MM_2493,2024-10-10,2024-11-01 00:00:00,Symptom Logger,4.5,iOS
MM_2493,2024-10-10,2024-11-21 00:00:00,Period Tracker,4.1,iOS
MM_2493,2024-10-10,2024-11-23 00:00:00,Community Forum,14.0,Android
MM_2493,2024-10-10,2024-10-25 00:00:00,Period Tracker,8.2,Android
MM_2493,2024-10-10,2024-11-04 00:00:00,Symptom Logger,8.7,iOS
MM_2493,2024-10-10,2024-10-27 00:00:00,Community Forum,5.6,iOS
MM_2493,2024-10-10,2024-11-04 00:00:00,Community Forum,8.3,iOS
MM_2493,2024-10-10,2024-10-12 00:00:00,Symptom Logger,1.5,Android
MM_2493,2024-10-10,2024-10-14 00:00:00,Period Tracker,10.5,Android
MM_2493,2024-10-10,2024-11-15 00:00:00,Period Tracker,6.9,Android
MM_2493,2024-10-10,2024-10-27 00:00:00,Period Tracker,8.3,iOS
MM_2494,2024-08-25,2024-09-29 00:00:00,Period Tracker,2.6,iOS
MM_2494,2024-08-25,2024-09-16 00:00:00,Period Tracker,11.9,Android
MM_2494,2024-08-25,2024-09-22 00:00:00,Period Tracker,10.0,Android
MM_2494,2024-08-25,2024-10-17 00:00:00,Period Tracker,5.9,iOS
MM_2494,2024-08-25,2024-09-01 00:00:00,Period Tracker,7.2,Android
MM_2494,2024-08-25,2024-10-09 00:00:00,Symptom Logger,12.5,iOS
MM_2494,2024-08-25,2024-09-07 00:00:00,Period Tracker,14.6,iOS
MM_2494,2024-08-25,2024-10-06 00:00:00,Period Tracker,12.1,iOS
MM_2494,2024-08-25,2024-08-28 00:00:00,Period Tracker,4.2,Android
MM_2494,2024-08-25,2024-09-07 00:00:00,Period Tracker,4.4,iOS
MM_2494,2024-08-25,2024-09-05 00:00:00,Health Articles,3.2,Android
MM_2494,2024-08-25,2024-09-17 00:00:00,Community Forum,6.9,Android
MM_2495,2024-08-07,2024-09-11 00:00:00,Period Tracker,6.3,Android
MM_2495,2024-08-07,2024-09-08 00:00:00,Period Tracker,3.0,iOS
MM_2495,2024-08-07,2024-09-14 00:00:00,Community Forum,13.3,Android
MM_2495,2024-08-07,2024-09-04 00:00:00,Symptom Logger,8.4,iOS
MM_2495,2024-08-07,2024-09-30 00:00:00,Symptom Logger,2.0,iOS
MM_2495,2024-08-07,2024-08-07 00:00:00,Period Tracker,1.2,Android
MM_2495,2024-08-07,2024-08-09 00:00:00,Period Tracker,10.7,Android
MM_2495,2024-08-07,2024-08-08 00:00:00,Period Tracker,5.1,Android
MM_2495,2024-08-07,2024-09-29 00:00:00,Period Tracker,9.7,Android
MM_2495,2024-08-07,2024-10-02 00:00:00,Community Forum,1.4,Android
MM_2495,2024-08-07,2024-08-15 00:00:00,Symptom Logger,6.8,Android
MM_2495,2024-08-07,2024-08-15 00:00:00,Period Tracker,9.2,iOS
MM_2495,2024-08-07,2024-09-07 00:00:00,Symptom Logger,12.9,iOS
MM_2496,2024-08-13,2024-09-02 00:00:00,Community Forum,14.9,Android
MM_2496,2024-08-13,2024-09-21 00:00:00,Symptom Logger,6.9,Android
MM_2497,2024-10-10,2024-11-20 00:00:00,Period Tracker,13.5,Android
MM_2497,2024-10-10,2024-10-11 00:00:00,Community Forum,13.4,Android
MM_2497,2024-10-10,2024-11-10 00:00:00,Health Articles,4.0,Android
MM_2497,2024-10-10,2024-10-25 00:00:00,Period Tracker,13.5,iOS
MM_2497,2024-10-10,2024-11-11 00:00:00,Community Forum,3.3,Android
MM_2497,2024-10-10,2024-12-07 00:00:00,Period Tracker,9.4,Android
MM_2497,2024-10-10,2024-12-04 00:00:00,Symptom Logger,6.5,Android
MM_2497,2024-10-10,2024-11-22 00:00:00,Period Tracker,4.2,iOS
MM_2497,2024-10-10,2024-10-13 00:00:00,Health Articles,4.6,Android
MM_2497,2024-10-10,2024-11-29 00:00:00,Period Tracker,12.7,iOS
MM_2497,2024-10-10,2024-11-22 00:00:00,Health Articles,12.7,Android
MM_2497,2024-10-10,2024-10-29 00:00:00,Period Tracker,14.0,Android
MM_2498,2024-09-11,2024-09-25 00:00:00,Symptom Logger,4.5,Android
MM_2499,2024-10-13,2024-11-20 00:00:00,Health Articles,7.9,Android
MM_2499,2024-10-13,2024-12-08 00:00:00,Period Tracker,14.3,iOS
MM_2499,2024-10-13,2024-11-08 00:00:00,Period Tracker,9.4,iOS
MM_2499,2024-10-13,2024-11-21 00:00:00,Symptom Logger,1.8,Android
MM_2499,2024-10-13,2024-11-02 00:00:00,Health Articles,13.0,Android
MM_2499,2024-10-13,2024-12-03 00:00:00,Symptom Logger,2.8,Android
MM_2499,2024-10-13,2024-12-07 00:00:00,Symptom Logger,14.5,iOS
MM_2499,2024-10-13,2024-10-13 00:00:00,Community Forum,14.5,Android
MM_2499,2024-10-13,2024-11-09 00:00:00,Period Tracker,2.5,iOS
MM_2499,2024-10-13,2024-11-21 00:00:00,Period Tracker,7.9,Android
MM_2499,2024-10-13,2024-11-23 00:00:00,Period Tracker,4.5,Android
MM_2499,2024-10-13,2024-12-10 00:00:00,Period Tracker,12.5,Android
MM_2499,2024-10-13,2024-10-28 00:00:00,Symptom Logger,9.7,iOS
MM_2499,2024-10-13,2024-11-13 00:00:00,Period Tracker,9.3,Android
MM_2499,2024-10-13,2024-10-23 00:00:00,Period Tracker,8.1,iOS
MM_2499,2024-10-13,2024-12-05 00:00:00,Symptom Logger,9.5,Android
MM_2499,2024-10-13,2024-10-20 00:00:00,Community Forum,7.3,Android
MM_2499,2024-10-13,2024-11-20 00:00:00,Period Tracker,3.5,Android
MM_2500,2024-09-16,2024-10-16 00:00:00,Period Tracker,12.6,iOS
MM_2500,2024-09-16,2024-09-24 00:00:00,Period Tracker,8.7,iOS
MM_2500,2024-09-16,2024-10-15 00:00:00,Health Articles,3.3,Android
MM_2500,2024-09-16,2024-11-12 00:00:00,Symptom Logger,3.6,Android
MM_2500,2024-09-16,2024-11-15 00:00:00,Period Tracker,7.4,iOS
MM_2500,2024-09-16,2024-10-18 00:00:00,Period Tracker,10.6,iOS
MM_2501,2024-08-20,2024-09-16 00:00:00,Community Forum,4.1,Android
MM_2501,2024-08-20,2024-10-01 00:00:00,Symptom Logger,7.8,Android
MM_2501,2024-08-20,2024-10-09 00:00:00,Period Tracker,10.2,Android
MM_2502,2024-10-14,2024-10-27 00:00:00,Period Tracker,4.1,Android
MM_2502,2024-10-14,2024-10-27 00:00:00,Health Articles,14.3,Android
MM_2502,2024-10-14,2024-11-27 00:00:00,Health Articles,7.6,iOS
MM_2502,2024-10-14,2024-12-04 00:00:00,Community Forum,5.3,iOS
MM_2502,2024-10-14,2024-11-25 00:00:00,Symptom Logger,7.0,Android
MM_2502,2024-10-14,2024-12-06 00:00:00,Community Forum,12.7,iOS
MM_2502,2024-10-14,2024-11-04 00:00:00,Community Forum,8.9,iOS
MM_2502,2024-10-14,2024-12-01 00:00:00,Period Tracker,9.3,iOS
MM_2502,2024-10-14,2024-10-31 00:00:00,Period Tracker,,Android
MM_2502,2024-10-14,2024-10-17 00:00:00,Period Tracker,1.8,Android
MM_2502,2024-10-14,2024-11-21 00:00:00,Community Forum,13.4,iOS
MM_2502,2024-10-14,2024-12-09 00:00:00,Period Tracker,9.2,iOS
MM_2503,2024-10-19,2024-10-21 00:00:00,Period Tracker,8.8,iOS
MM_2503,2024-10-19,2024-12-04 00:00:00,Period Tracker,3.5,Android
MM_2503,2024-10-19,2024-12-13 00:00:00,Period Tracker,11.6,iOS
MM_2503,2024-10-19,2024-11-25 00:00:00,Community Forum,2.5,iOS
MM_2503,2024-10-19,2024-11-16 00:00:00,Symptom Logger,1.8,Android
MM_2503,2024-10-19,2024-10-27 00:00:00,Period Tracker,12.3,iOS
MM_2503,2024-10-19,2024-12-09 00:00:00,Symptom Logger,2.5,Android
MM_2503,2024-10-19,2024-12-05 00:00:00,Community Forum,2.7,Android
MM_2503,2024-10-19,2024-10-22 00:00:00,Period Tracker,6.0,Android
MM_2504,2024-08-27,2024-09-04 00:00:00,Period Tracker,9.1,iOS
MM_2504,2024-08-27,2024-09-16 00:00:00,Period Tracker,12.5,iOS
MM_2504,2024-08-27,2024-08-27 00:00:00,Health Articles,7.5,Android
MM_2504,2024-08-27,2024-10-04 00:00:00,Period Tracker,10.3,iOS
MM_2504,2024-08-27,2024-09-19 00:00:00,Symptom Logger,4.2,Android
MM_2504,2024-08-27,2024-09-13 00:00:00,Community Forum,5.2,Android
MM_2504,2024-08-27,2024-09-07 00:00:00,Period Tracker,9.5,Android
MM_2504,2024-08-27,2024-09-04 00:00:00,Period Tracker,1.2,iOS
MM_2504,2024-08-27,2024-09-07 00:00:00,Health Articles,10.9,Android
MM_2504,2024-08-27,2024-10-18 00:00:00,Period Tracker,,Android
MM_2504,2024-08-27,2024-09-02 00:00:00,Period Tracker,9.1,Android
MM_2504,2024-08-27,2024-09-20 00:00:00,Period Tracker,,iOS
MM_2504,2024-08-27,2024-10-03 00:00:00,Period Tracker,15.0,Android
MM_2504,2024-08-27,2024-09-20 00:00:00,Period Tracker,7.7,Android
MM_2504,2024-08-27,2024-10-22 00:00:00,Period Tracker,2.3,iOS
MM_2505,2024-09-02,2024-09-05 00:00:00,Period Tracker,9.6,iOS
MM_2505,2024-09-02,2024-09-26 00:00:00,Period Tracker,12.7,iOS
MM_2505,2024-09-02,2024-10-07 00:00:00,Period Tracker,8.0,Android
MM_2505,2024-09-02,2024-10-28 00:00:00,Period Tracker,1.2,Android
MM_2505,2024-09-02,2024-09-27 00:00:00,Period Tracker,8.1,iOS
MM_2505,2024-09-02,2024-09-04 00:00:00,Period Tracker,4.2,iOS
MM_2505,2024-09-02,2024-10-11 00:00:00,Period Tracker,3.2,Android
MM_2505,2024-09-02,2024-10-18 00:00:00,Period Tracker,13.6,iOS
MM_2506,2024-08-07,2024-09-13 00:00:00,Community Forum,1.1,iOS
MM_2507,2024-09-12,2024-09-19 00:00:00,Period Tracker,8.4,Android
MM_2507,2024-09-12,2024-09-17 00:00:00,Health Articles,3.8,iOS
MM_2508,2024-10-25,2024-12-20 00:00:00,Health Articles,9.0,iOS
MM_2508,2024-10-25,2024-12-24 00:00:00,Health Articles,8.0,Android
MM_2508,2024-10-25,2024-11-27 00:00:00,Community Forum,12.0,iOS
MM_2509,2024-09-04,2024-10-22 00:00:00,Community Forum,14.2,iOS
MM_2509,2024-09-04,2024-09-28 00:00:00,Symptom Logger,13.9,iOS
MM_2509,2024-09-04,2024-09-08 00:00:00,Period Tracker,8.4,iOS
MM_2510,2024-10-24,2024-11-18 00:00:00,Period Tracker,2.1,iOS
MM_2510,2024-10-24,2024-11-18 00:00:00,Period Tracker,1.6,Android
MM_2510,2024-10-24,2024-11-22 00:00:00,Community Forum,12.8,iOS
MM_2510,2024-10-24,2024-10-24 00:00:00,Symptom Logger,11.0,iOS
MM_2510,2024-10-24,2024-12-23 00:00:00,Symptom Logger,3.9,Android
MM_2510,2024-10-24,2024-11-10 00:00:00,Period Tracker,4.7,iOS
MM_2510,2024-10-24,2024-12-02 00:00:00,Symptom Logger,2.9,iOS
MM_2511,2024-09-28,2024-10-03 00:00:00,Period Tracker,12.2,Android
MM_2511,2024-09-28,2024-10-14 00:00:00,Period Tracker,8.7,iOS
MM_2512,2024-09-10,2024-10-01 00:00:00,Period Tracker,12.7,Android
MM_2512,2024-09-10,2024-11-01 00:00:00,Period Tracker,11.5,iOS
MM_2512,2024-09-10,2024-11-06 00:00:00,Health Articles,7.2,Android
MM_2512,2024-09-10,2024-09-10 00:00:00,Community Forum,13.0,iOS
MM_2512,2024-09-10,2024-09-24 00:00:00,Community Forum,7.4,Android
MM_2512,2024-09-10,2024-09-14 00:00:00,Period Tracker,7.2,Android
MM_2512,2024-09-10,2024-10-27 00:00:00,Symptom Logger,3.0,Android
MM_2512,2024-09-10,2024-10-09 00:00:00,Period Tracker,5.1,Android
MM_2512,2024-09-10,2024-09-12 00:00:00,Health Articles,4.8,Android
MM_2512,2024-09-10,2024-09-23 00:00:00,Period Tracker,12.4,Android
MM_2512,2024-09-10,2024-10-17 00:00:00,Period Tracker,11.7,Android
MM_2512,2024-09-10,2024-10-17 00:00:00,Symptom Logger,10.8,Android
MM_2512,2024-09-10,2024-11-05 00:00:00,Period Tracker,11.9,Android
MM_2512,2024-09-10,2024-10-18 00:00:00,Period Tracker,9.9,iOS
MM_2512,2024-09-10,2024-10-03 00:00:00,Period Tracker,6.9,Android
MM_2512,2024-09-10,2024-10-14 00:00:00,Period Tracker,2.5,Android
MM_2513,2024-09-18,2024-10-09 00:00:00,Period Tracker,3.0,iOS
MM_2513,2024-09-18,2024-11-13 00:00:00,Community Forum,7.0,iOS
MM_2513,2024-09-18,2024-11-15 00:00:00,Community Forum,10.1,iOS
MM_2513,2024-09-18,2024-10-24 00:00:00,Health Articles,13.4,Android
MM_2513,2024-09-18,2024-10-27 00:00:00,Health Articles,2.2,Android
MM_2513,2024-09-18,2024-09-26 00:00:00,Community Forum,14.6,Android
MM_2513,2024-09-18,2024-10-19 00:00:00,Health Articles,2.6,iOS
MM_2513,2024-09-18,2024-11-11 00:00:00,Community Forum,2.7,Android
MM_2513,2024-09-18,2024-10-28 00:00:00,Symptom Logger,11.3,Android
MM_2513,2024-09-18,2024-09-18 00:00:00,Period Tracker,10.9,Android
MM_2513,2024-09-18,2024-10-04 00:00:00,Period Tracker,9.5,iOS
MM_2513,2024-09-18,2024-09-28 00:00:00,Community Forum,6.8,Android
MM_2513,2024-09-18,2024-11-09 00:00:00,Community Forum,15.0,iOS
MM_2513,2024-09-18,2024-10-15 00:00:00,Period Tracker,6.2,Android
MM_2513,2024-09-18,2024-10-05 00:00:00,Period Tracker,15.0,Android
MM_2513,2024-09-18,2024-11-13 00:00:00,Community Forum,13.8,Android
MM_2514,2024-10-04,2024-10-22 00:00:00,Symptom Logger,12.6,Android
MM_2514,2024-10-04,2024-10-28 00:00:00,Period Tracker,9.4,iOS
MM_2514,2024-10-04,2024-10-13 00:00:00,Period Tracker,10.3,Android
MM_2514,2024-10-04,2024-11-27 00:00:00,Symptom Logger,13.6,Android
MM_2514,2024-10-04,2024-11-13 00:00:00,Period Tracker,2.9,iOS
MM_2514,2024-10-04,2024-11-06 00:00:00,Community Forum,4.9,Android
MM_2514,2024-10-04,2024-10-23 00:00:00,Health Articles,9.5,Android
MM_2514,2024-10-04,2024-11-24 00:00:00,Period Tracker,5.1,iOS
MM_2514,2024-10-04,2024-11-10 00:00:00,Community Forum,9.3,iOS
MM_2514,2024-10-04,2024-10-21 00:00:00,Period Tracker,2.7,Android
MM_2514,2024-10-04,2024-11-20 00:00:00,Period Tracker,11.1,Android
MM_2514,2024-10-04,2024-12-03 00:00:00,Community Forum,1.0,iOS
MM_2514,2024-10-04,2024-10-30 00:00:00,Symptom Logger,12.3,Android
MM_2514,2024-10-04,2024-10-20 00:00:00,Community Forum,11.5,iOS
MM_2514,2024-10-04,2024-11-23 00:00:00,Period Tracker,14.5,iOS
MM_2514,2024-10-04,2024-12-03 00:00:00,Period Tracker,9.1,iOS
MM_2514,2024-10-04,2024-10-24 00:00:00,Period Tracker,1.7,Android
MM_2514,2024-10-04,2024-11-17 00:00:00,Symptom Logger,10.6,iOS
MM_2514,2024-10-04,2024-10-31 00:00:00,Period Tracker,12.7,Android
MM_2515,2024-08-06,2024-08-28 00:00:00,Period Tracker,4.1,iOS
MM_2515,2024-08-06,2024-08-15 00:00:00,Period Tracker,3.1,Android
MM_2515,2024-08-06,2024-09-22 00:00:00,Period Tracker,14.5,Android
MM_2515,2024-08-06,2024-08-20 00:00:00,Period Tracker,2.4,Android
MM_2515,2024-08-06,2024-09-03 00:00:00,Health Articles,6.7,Android
MM_2515,2024-08-06,2024-09-06 00:00:00,Period Tracker,3.8,iOS
MM_2515,2024-08-06,2024-09-25 00:00:00,Symptom Logger,6.1,Android
MM_2515,2024-08-06,2024-08-31 00:00:00,Period Tracker,6.2,Android
MM_2515,2024-08-06,2024-09-19 00:00:00,Symptom Logger,4.3,Android
MM_2515,2024-08-06,2024-09-28 00:00:00,Community Forum,14.7,iOS
MM_2515,2024-08-06,2024-08-26 00:00:00,Period Tracker,9.8,Android
MM_2515,2024-08-06,2024-10-03 00:00:00,Period Tracker,11.9,Android
MM_2515,2024-08-06,2024-10-05 00:00:00,Period Tracker,12.5,iOS
MM_2515,2024-08-06,2024-08-30 00:00:00,Period Tracker,1.6,Android
MM_2515,2024-08-06,2024-08-21 00:00:00,Period Tracker,7.8,Android
MM_2515,2024-08-06,2024-08-18 00:00:00,Period Tracker,9.4,iOS
MM_2515,2024-08-06,2024-10-03 00:00:00,Period Tracker,9.1,iOS
MM_2516,2024-09-07,2024-10-14 00:00:00,Symptom Logger,14.9,iOS
MM_2516,2024-09-07,2024-09-08 00:00:00,Period Tracker,3.8,iOS
MM_2516,2024-09-07,2024-11-03 00:00:00,Period Tracker,3.3,iOS
MM_2516,2024-09-07,2024-11-03 00:00:00,Period Tracker,12.8,iOS
MM_2516,2024-09-07,2024-10-28 00:00:00,Period Tracker,14.9,iOS
MM_2516,2024-09-07,2024-09-17 00:00:00,Symptom Logger,14.5,Android
MM_2516,2024-09-07,2024-10-08 00:00:00,Health Articles,2.6,Android
MM_2516,2024-09-07,2024-09-07 00:00:00,Community Forum,12.4,iOS
MM_2516,2024-09-07,2024-10-04 00:00:00,Period Tracker,12.5,Android
MM_2516,2024-09-07,2024-09-29 00:00:00,Period Tracker,8.3,Android
MM_2516,2024-09-07,2024-11-03 00:00:00,Health Articles,3.0,iOS
MM_2516,2024-09-07,2024-10-25 00:00:00,Period Tracker,8.1,iOS
MM_2516,2024-09-07,2024-10-02 00:00:00,Period Tracker,15.0,iOS
MM_2516,2024-09-07,2024-09-09 00:00:00,Health Articles,7.0,Android
MM_2516,2024-09-07,2024-09-28 00:00:00,Community Forum,6.5,Android
MM_2516,2024-09-07,2024-09-10 00:00:00,Period Tracker,8.5,Android
MM_2516,2024-09-07,2024-11-06 00:00:00,Health Articles,12.7,iOS
MM_2517,2024-09-17,2024-11-11 00:00:00,Community Forum,,iOS
MM_2518,2024-08-27,2024-10-02 00:00:00,Community Forum,8.5,Android
MM_2518,2024-08-27,2024-10-07 00:00:00,Period Tracker,10.8,iOS
MM_2518,2024-08-27,2024-09-09 00:00:00,Community Forum,9.2,iOS
MM_2518,2024-08-27,2024-10-08 00:00:00,Period Tracker,7.0,iOS
MM_2518,2024-08-27,2024-09-19 00:00:00,Period Tracker,10.3,iOS
MM_2518,2024-08-27,2024-09-13 00:00:00,Period Tracker,8.8,iOS
MM_2518,2024-08-27,2024-10-16 00:00:00,Period Tracker,3.2,iOS
MM_2518,2024-08-27,2024-09-15 00:00:00,Community Forum,7.1,Android
MM_2518,2024-08-27,2024-09-21 00:00:00,Period Tracker,5.5,Android
MM_2518,2024-08-27,2024-09-12 00:00:00,Health Articles,3.6,iOS
MM_2518,2024-08-27,2024-09-05 00:00:00,Period Tracker,9.4,iOS
MM_2518,2024-08-27,2024-09-24 00:00:00,Symptom Logger,2.5,iOS
MM_2518,2024-08-27,2024-10-13 00:00:00,Period Tracker,10.9,iOS
MM_2518,2024-08-27,2024-10-18 00:00:00,Community Forum,9.0,iOS
MM_2518,2024-08-27,2024-09-20 00:00:00,Period Tracker,2.1,iOS
MM_2518,2024-08-27,2024-09-06 00:00:00,Symptom Logger,6.3,iOS
MM_2518,2024-08-27,2024-09-16 00:00:00,Symptom Logger,14.9,Android
MM_2518,2024-08-27,2024-09-13 00:00:00,Symptom Logger,9.9,Android
MM_2518,2024-08-27,2024-10-24 00:00:00,Period Tracker,6.7,Android
MM_2518,2024-08-27,2024-09-21 00:00:00,Period Tracker,13.3,Android
MM_2519,2024-10-11,2024-11-11 00:00:00,Symptom Logger,5.3,iOS
MM_2519,2024-10-11,2024-11-27 00:00:00,Symptom Logger,1.1,iOS
MM_2519,2024-10-11,2024-12-06 00:00:00,Community Forum,8.8,iOS
MM_2519,2024-10-11,2024-11-07 00:00:00,Symptom Logger,3.0,iOS
MM_2519,2024-10-11,2024-10-28 00:00:00,Period Tracker,14.9,iOS
MM_2519,2024-10-11,2024-11-12 00:00:00,Period Tracker,1.9,iOS
MM_2519,2024-10-11,2024-11-25 00:00:00,Period Tracker,13.0,Android
MM_2519,2024-10-11,2024-12-10 00:00:00,Community Forum,4.5,Android
MM_2519,2024-10-11,2024-11-13 00:00:00,Period Tracker,7.0,Android
MM_2519,2024-10-11,2024-10-28 00:00:00,Symptom Logger,12.1,Android
MM_2520,2024-09-30,2024-11-27 00:00:00,Period Tracker,5.9,Android
MM_2520,2024-09-30,2024-10-23 00:00:00,Symptom Logger,8.5,iOS
MM_2520,2024-09-30,2024-10-29 00:00:00,Community Forum,6.3,Android
MM_2520,2024-09-30,2024-10-08 00:00:00,Symptom Logger,4.1,Android
MM_2520,2024-09-30,2024-11-05 00:00:00,Period Tracker,12.6,Android
MM_2520,2024-09-30,2024-10-13 00:00:00,Period Tracker,10.2,iOS
MM_2520,2024-09-30,2024-10-25 00:00:00,Symptom Logger,8.6,Android
MM_2520,2024-09-30,2024-11-24 00:00:00,Period Tracker,6.5,Android
MM_2520,2024-09-30,2024-11-26 00:00:00,Health Articles,7.2,iOS
MM_2520,2024-09-30,2024-11-14 00:00:00,Symptom Logger,11.2,iOS
MM_2520,2024-09-30,2024-10-04 00:00:00,Period Tracker,3.5,iOS
MM_2520,2024-09-30,2024-11-14 00:00:00,Health Articles,7.2,Android
MM_2520,2024-09-30,2024-11-14 00:00:00,Period Tracker,5.9,Android
MM_2520,2024-09-30,2024-10-11 00:00:00,Period Tracker,11.2,iOS
MM_2520,2024-09-30,2024-09-30 00:00:00,Period Tracker,5.1,iOS
MM_2520,2024-09-30,2024-10-08 00:00:00,Period Tracker,13.9,Android
MM_2520,2024-09-30,2024-10-15 00:00:00,Community Forum,1.6,Android
MM_2520,2024-09-30,2024-11-22 00:00:00,Period Tracker,14.7,iOS
MM_2520,2024-09-30,2024-11-14 00:00:00,Symptom Logger,5.3,iOS
MM_2520,2024-09-30,2024-10-25 00:00:00,Community Forum,7.1,iOS
MM_2521,2024-08-21,2024-09-15 00:00:00,Health Articles,5.7,iOS
MM_2521,2024-08-21,2024-10-01 00:00:00,Period Tracker,1.8,Android
MM_2521,2024-08-21,2024-09-14 00:00:00,Community Forum,10.4,iOS
MM_2521,2024-08-21,2024-09-13 00:00:00,Symptom Logger,7.6,Android
MM_2521,2024-08-21,2024-09-01 00:00:00,Period Tracker,12.1,Android
MM_2521,2024-08-21,2024-09-20 00:00:00,Community Forum,7.6,Android
MM_2521,2024-08-21,2024-10-10 00:00:00,Period Tracker,5.3,iOS
MM_2521,2024-08-21,2024-08-29 00:00:00,Symptom Logger,10.0,Android
MM_2521,2024-08-21,2024-09-23 00:00:00,Period Tracker,12.1,iOS
MM_2522,2024-08-24,2024-09-05 00:00:00,Period Tracker,,iOS
MM_2522,2024-08-24,2024-09-25 00:00:00,Period Tracker,2.7,Android
MM_2522,2024-08-24,2024-10-12 00:00:00,Symptom Logger,1.5,iOS
MM_2522,2024-08-24,2024-08-30 00:00:00,Symptom Logger,4.3,Android
MM_2522,2024-08-24,2024-09-28 00:00:00,Period Tracker,1.4,Android
MM_2522,2024-08-24,2024-08-24 00:00:00,Period Tracker,10.6,iOS
MM_2522,2024-08-24,2024-09-20 00:00:00,Community Forum,3.2,Android
MM_2522,2024-08-24,2024-10-05 00:00:00,Period Tracker,6.4,iOS
MM_2522,2024-08-24,2024-09-25 00:00:00,Symptom Logger,14.6,iOS
MM_2522,2024-08-24,2024-10-12 00:00:00,Period Tracker,12.0,Android
MM_2522,2024-08-24,2024-09-03 00:00:00,Community Forum,14.4,Android
MM_2522,2024-08-24,2024-10-22 00:00:00,Period Tracker,7.7,Android
MM_2522,2024-08-24,2024-09-08 00:00:00,Period Tracker,3.2,iOS
MM_2522,2024-08-24,2024-09-17 00:00:00,Period Tracker,6.5,iOS
MM_2522,2024-08-24,2024-09-23 00:00:00,Health Articles,1.6,Android
MM_2523,2024-08-15,2024-08-31 00:00:00,Symptom Logger,5.3,iOS
MM_2524,2024-08-15,2024-09-07 00:00:00,Community Forum,14.6,iOS
MM_2524,2024-08-15,2024-09-19 00:00:00,Period Tracker,9.3,iOS
MM_2524,2024-08-15,2024-10-02 00:00:00,Period Tracker,10.9,iOS
MM_2524,2024-08-15,2024-09-26 00:00:00,Period Tracker,3.8,Android
MM_2524,2024-08-15,2024-10-12 00:00:00,Symptom Logger,5.6,iOS
MM_2524,2024-08-15,2024-09-10 00:00:00,Period Tracker,6.2,Android
MM_2524,2024-08-15,2024-09-30 00:00:00,Period Tracker,10.3,Android
MM_2524,2024-08-15,2024-09-23 00:00:00,Period Tracker,9.6,iOS
MM_2524,2024-08-15,2024-08-22 00:00:00,Period Tracker,4.8,Android
MM_2524,2024-08-15,2024-09-11 00:00:00,Community Forum,2.2,Android
MM_2524,2024-08-15,2024-09-01 00:00:00,Symptom Logger,14.2,Android
MM_2524,2024-08-15,2024-10-07 00:00:00,Health Articles,1.2,Android
MM_2524,2024-08-15,2024-09-28 00:00:00,Period Tracker,12.5,iOS
MM_2524,2024-08-15,2024-09-11 00:00:00,Symptom Logger,5.3,iOS
MM_2524,2024-08-15,2024-09-23 00:00:00,Period Tracker,12.4,Android
MM_2524,2024-08-15,2024-10-10 00:00:00,Period Tracker,3.7,iOS
MM_2524,2024-08-15,2024-08-30 00:00:00,Health Articles,10.6,iOS
MM_2525,2024-10-23,2024-11-08 00:00:00,Period Tracker,11.9,Android
MM_2526,2024-09-07,2024-09-18 00:00:00,Period Tracker,8.6,Android
MM_2526,2024-09-07,2024-10-17 00:00:00,Period Tracker,13.5,Android
MM_2526,2024-09-07,2024-10-21 00:00:00,Period Tracker,8.8,iOS
MM_2526,2024-09-07,2024-09-21 00:00:00,Symptom Logger,6.9,iOS
MM_2526,2024-09-07,2024-10-14 00:00:00,Community Forum,4.0,iOS
MM_2526,2024-09-07,2024-09-09 00:00:00,Health Articles,6.5,iOS
MM_2526,2024-09-07,2024-10-04 00:00:00,Period Tracker,7.2,iOS
MM_2526,2024-09-07,2024-10-14 00:00:00,Period Tracker,6.8,Android
MM_2526,2024-09-07,2024-10-18 00:00:00,Symptom Logger,4.3,iOS
MM_2527,2024-10-21,2024-11-05 00:00:00,Period Tracker,5.2,iOS
MM_2527,2024-10-21,2024-10-26 00:00:00,Period Tracker,5.1,iOS
MM_2527,2024-10-21,2024-12-02 00:00:00,Period Tracker,12.9,Android
MM_2527,2024-10-21,2024-10-24 00:00:00,Health Articles,7.3,iOS
MM_2527,2024-10-21,2024-12-11 00:00:00,Period Tracker,8.5,Android
MM_2527,2024-10-21,2024-11-16 00:00:00,Period Tracker,8.2,iOS
MM_2527,2024-10-21,2024-11-29 00:00:00,Community Forum,12.6,Android
MM_2527,2024-10-21,2024-11-04 00:00:00,Period Tracker,3.9,Android
MM_2527,2024-10-21,2024-11-12 00:00:00,Period Tracker,12.6,iOS
MM_2527,2024-10-21,2024-11-04 00:00:00,Community Forum,11.1,iOS
MM_2527,2024-10-21,2024-11-16 00:00:00,Symptom Logger,10.7,iOS
MM_2528,2024-09-21,2024-09-21 00:00:00,Symptom Logger,9.6,Android
MM_2528,2024-09-21,2024-11-16 00:00:00,Period Tracker,7.1,iOS
MM_2528,2024-09-21,2024-10-19 00:00:00,Period Tracker,8.0,Android
MM_2528,2024-09-21,2024-11-15 00:00:00,Community Forum,11.1,Android
MM_2528,2024-09-21,2024-10-04 00:00:00,Community Forum,12.6,Android
MM_2528,2024-09-21,2024-10-04 00:00:00,Period Tracker,5.5,iOS
MM_2528,2024-09-21,2024-10-27 00:00:00,Period Tracker,13.4,iOS
MM_2528,2024-09-21,2024-09-26 00:00:00,Symptom Logger,2.3,iOS
MM_2528,2024-09-21,2024-10-21 00:00:00,Health Articles,11.4,Android
MM_2528,2024-09-21,2024-11-15 00:00:00,Symptom Logger,4.2,Android
MM_2528,2024-09-21,2024-11-20 00:00:00,Period Tracker,4.9,Android
MM_2528,2024-09-21,2024-10-27 00:00:00,Period Tracker,6.2,Android
MM_2528,2024-09-21,2024-11-11 00:00:00,Symptom Logger,1.6,Android
MM_2529,2024-08-05,2024-09-24 00:00:00,Period Tracker,9.9,iOS
MM_2529,2024-08-05,2024-08-30 00:00:00,Period Tracker,3.2,Android
MM_2529,2024-08-05,2024-09-28 00:00:00,Period Tracker,12.9,iOS
MM_2529,2024-08-05,2024-08-07 00:00:00,Period Tracker,10.5,Android
MM_2529,2024-08-05,2024-09-02 00:00:00,Symptom Logger,7.9,Android
MM_2529,2024-08-05,2024-09-23 00:00:00,Period Tracker,13.3,iOS
MM_2529,2024-08-05,2024-09-23 00:00:00,Symptom Logger,13.7,Android
MM_2529,2024-08-05,2024-08-31 00:00:00,Period Tracker,2.4,iOS
MM_2530,2024-09-03,2024-10-15 00:00:00,Period Tracker,13.3,Android
MM_2530,2024-09-03,2024-09-16 00:00:00,Period Tracker,1.5,iOS
MM_2530,2024-09-03,2024-09-19 00:00:00,Period Tracker,12.4,iOS
MM_2530,2024-09-03,2024-09-04 00:00:00,Health Articles,13.8,Android
MM_2530,2024-09-03,2024-09-06 00:00:00,Period Tracker,14.6,Android
MM_2530,2024-09-03,2024-09-18 00:00:00,Health Articles,5.5,iOS
MM_2530,2024-09-03,2024-09-11 00:00:00,Period Tracker,13.7,Android
MM_2530,2024-09-03,2024-09-26 00:00:00,Symptom Logger,2.0,Android
MM_2530,2024-09-03,2024-09-05 00:00:00,Health Articles,4.9,iOS
MM_2530,2024-09-03,2024-09-20 00:00:00,Period Tracker,13.9,iOS
MM_2530,2024-09-03,2024-10-26 00:00:00,Community Forum,12.9,Android
MM_2530,2024-09-03,2024-10-03 00:00:00,Period Tracker,,iOS
MM_2530,2024-09-03,2024-09-10 00:00:00,Period Tracker,10.5,iOS
MM_2531,2024-08-22,2024-09-09 00:00:00,Period Tracker,6.0,iOS
MM_2531,2024-08-22,2024-09-06 00:00:00,Health Articles,3.8,iOS
MM_2531,2024-08-22,2024-10-06 00:00:00,Period Tracker,4.8,iOS
MM_2532,2024-08-27,2024-09-18 00:00:00,Period Tracker,2.2,iOS
MM_2532,2024-08-27,2024-10-21 00:00:00,Community Forum,13.7,Android
MM_2532,2024-08-27,2024-09-06 00:00:00,Period Tracker,3.8,Android
MM_2532,2024-08-27,2024-09-16 00:00:00,Symptom Logger,1.3,iOS
MM_2532,2024-08-27,2024-09-03 00:00:00,Symptom Logger,2.5,Android
MM_2532,2024-08-27,2024-09-10 00:00:00,Period Tracker,11.3,iOS
MM_2532,2024-08-27,2024-09-29 00:00:00,Period Tracker,9.8,Android
MM_2532,2024-08-27,2024-09-19 00:00:00,Period Tracker,11.0,Android
MM_2532,2024-08-27,2024-08-27 00:00:00,Symptom Logger,6.8,iOS
MM_2532,2024-08-27,2024-09-16 00:00:00,Symptom Logger,10.4,iOS
MM_2532,2024-08-27,2024-09-14 00:00:00,Period Tracker,5.8,Android
MM_2532,2024-08-27,2024-09-02 00:00:00,Period Tracker,3.6,Android
MM_2532,2024-08-27,2024-10-04 00:00:00,Period Tracker,9.9,Android
MM_2532,2024-08-27,2024-10-11 00:00:00,Period Tracker,2.8,iOS
MM_2532,2024-08-27,2024-09-05 00:00:00,Symptom Logger,3.4,iOS
MM_2533,2024-10-23,2024-12-01 00:00:00,Period Tracker,3.5,iOS
MM_2533,2024-10-23,2024-12-03 00:00:00,Period Tracker,14.6,Android
MM_2533,2024-10-23,2024-12-21 00:00:00,Period Tracker,2.7,iOS
MM_2533,2024-10-23,2024-12-05 00:00:00,Community Forum,5.5,Android
MM_2533,2024-10-23,2024-11-21 00:00:00,Symptom Logger,3.2,Android
MM_2533,2024-10-23,2024-10-23 00:00:00,Period Tracker,3.1,iOS
MM_2533,2024-10-23,2024-10-25 00:00:00,Community Forum,9.0,iOS
MM_2533,2024-10-23,2024-11-14 00:00:00,Period Tracker,12.8,Android
MM_2533,2024-10-23,2024-11-18 00:00:00,Period Tracker,6.5,Android
MM_2533,2024-10-23,2024-12-06 00:00:00,Period Tracker,4.3,iOS
MM_2533,2024-10-23,2024-12-01 00:00:00,Period Tracker,9.8,iOS
MM_2533,2024-10-23,2024-12-01 00:00:00,Period Tracker,4.5,Android
MM_2533,2024-10-23,2024-11-24 00:00:00,Community Forum,3.3,Android
MM_2533,2024-10-23,2024-12-22 00:00:00,Period Tracker,11.6,Android
MM_2533,2024-10-23,2024-11-30 00:00:00,Period Tracker,1.0,iOS
MM_2533,2024-10-23,2024-11-09 00:00:00,Period Tracker,,Android
MM_2533,2024-10-23,2024-11-09 00:00:00,Period Tracker,5.2,Android
MM_2533,2024-10-23,2024-12-22 00:00:00,Period Tracker,10.5,Android
MM_2533,2024-10-23,2024-12-20 00:00:00,Community Forum,2.8,iOS
MM_2534,2024-10-23,2024-12-12 00:00:00,Community Forum,4.3,iOS
MM_2534,2024-10-23,2024-12-02 00:00:00,Period Tracker,10.4,Android
MM_2534,2024-10-23,2024-11-15 00:00:00,Period Tracker,7.0,Android
MM_2534,2024-10-23,2024-10-29 00:00:00,Community Forum,12.4,iOS
MM_2534,2024-10-23,2024-12-03 00:00:00,Health Articles,9.6,iOS
MM_2534,2024-10-23,2024-12-09 00:00:00,Health Articles,6.8,iOS
MM_2534,2024-10-23,2024-12-06 00:00:00,Period Tracker,14.4,iOS
MM_2534,2024-10-23,2024-11-24 00:00:00,Symptom Logger,13.5,Android
MM_2534,2024-10-23,2024-12-17 00:00:00,Symptom Logger,5.5,Android
MM_2534,2024-10-23,2024-12-16 00:00:00,Period Tracker,7.9,iOS
MM_2534,2024-10-23,2024-10-31 00:00:00,Period Tracker,14.2,iOS
MM_2534,2024-10-23,2024-11-11 00:00:00,Health Articles,7.7,Android
MM_2534,2024-10-23,2024-12-18 00:00:00,Period Tracker,1.4,Android
MM_2534,2024-10-23,2024-12-04 00:00:00,Period Tracker,8.7,Android
MM_2534,2024-10-23,2024-12-08 00:00:00,Period Tracker,12.0,Android
MM_2534,2024-10-23,2024-12-18 00:00:00,Health Articles,5.8,iOS
MM_2534,2024-10-23,2024-12-19 00:00:00,Community Forum,11.5,Android
MM_2534,2024-10-23,2024-11-24 00:00:00,Period Tracker,11.6,Android
MM_2535,2024-08-01,2024-09-01 00:00:00,Period Tracker,12.5,Android
MM_2535,2024-08-01,2024-09-24 00:00:00,Period Tracker,13.3,iOS
MM_2535,2024-08-01,2024-09-01 00:00:00,Period Tracker,4.9,iOS
MM_2535,2024-08-01,2024-08-19 00:00:00,Symptom Logger,14.7,iOS
MM_2535,2024-08-01,2024-09-13 00:00:00,Period Tracker,3.4,Android
MM_2535,2024-08-01,2024-08-16 00:00:00,Health Articles,2.3,Android
MM_2535,2024-08-01,2024-09-14 00:00:00,Period Tracker,13.2,Android
MM_2535,2024-08-01,2024-08-09 00:00:00,Symptom Logger,1.7,iOS
MM_2536,2024-08-15,2024-09-21 00:00:00,Health Articles,14.2,Android
MM_2536,2024-08-15,2024-09-03 00:00:00,Community Forum,3.4,Android
MM_2536,2024-08-15,2024-10-11 00:00:00,Symptom Logger,7.6,iOS
MM_2537,2024-10-09,2024-11-12 00:00:00,Period Tracker,5.8,Android
MM_2537,2024-10-09,2024-11-12 00:00:00,Period Tracker,14.7,iOS
MM_2537,2024-10-09,2024-10-30 00:00:00,Health Articles,7.2,Android
MM_2537,2024-10-09,2024-11-09 00:00:00,Health Articles,14.2,iOS
MM_2537,2024-10-09,2024-10-19 00:00:00,Period Tracker,13.8,iOS
MM_2537,2024-10-09,2024-10-16 00:00:00,Health Articles,3.4,Android
MM_2537,2024-10-09,2024-10-24 00:00:00,Period Tracker,9.7,iOS
MM_2537,2024-10-09,2024-11-21 00:00:00,Period Tracker,5.1,Android
MM_2537,2024-10-09,2024-11-25 00:00:00,Period Tracker,10.8,iOS
MM_2537,2024-10-09,2024-10-23 00:00:00,Period Tracker,10.7,Android
MM_2537,2024-10-09,2024-10-31 00:00:00,Community Forum,8.6,iOS
MM_2537,2024-10-09,2024-11-20 00:00:00,Period Tracker,14.1,Android
MM_2537,2024-10-09,2024-10-09 00:00:00,Health Articles,9.6,iOS
MM_2537,2024-10-09,2024-11-20 00:00:00,Symptom Logger,8.2,iOS
MM_2537,2024-10-09,2024-10-29 00:00:00,Period Tracker,13.6,iOS
MM_2537,2024-10-09,2024-11-27 00:00:00,Period Tracker,13.5,Android
MM_2537,2024-10-09,2024-11-02 00:00:00,Period Tracker,8.4,iOS
MM_2537,2024-10-09,2024-10-29 00:00:00,Period Tracker,9.3,iOS
MM_2538,2024-09-20,2024-10-08 00:00:00,Symptom Logger,,Android
MM_2539,2024-10-07,2024-11-14 00:00:00,Symptom Logger,3.6,iOS
MM_2539,2024-10-07,2024-11-25 00:00:00,Period Tracker,4.0,iOS
MM_2539,2024-10-07,2024-10-07 00:00:00,Period Tracker,7.8,iOS
MM_2539,2024-10-07,2024-11-30 00:00:00,Health Articles,1.2,iOS
MM_2539,2024-10-07,2024-11-11 00:00:00,Period Tracker,4.2,Android
MM_2539,2024-10-07,2024-11-03 00:00:00,Period Tracker,7.8,Android
MM_2539,2024-10-07,2024-10-25 00:00:00,Symptom Logger,8.2,Android
MM_2539,2024-10-07,2024-11-23 00:00:00,Period Tracker,11.1,iOS
MM_2539,2024-10-07,2024-11-13 00:00:00,Symptom Logger,,iOS
MM_2539,2024-10-07,2024-10-26 00:00:00,Symptom Logger,13.6,Android
MM_2539,2024-10-07,2024-10-30 00:00:00,Period Tracker,2.8,Android
MM_2539,2024-10-07,2024-10-26 00:00:00,Period Tracker,13.9,iOS
MM_2539,2024-10-07,2024-11-13 00:00:00,Period Tracker,4.2,Android
MM_2539,2024-10-07,2024-11-10 00:00:00,Symptom Logger,4.9,iOS
MM_2539,2024-10-07,2024-10-07 00:00:00,Community Forum,8.5,iOS
MM_2539,2024-10-07,2024-10-31 00:00:00,Period Tracker,10.5,Android
MM_2539,2024-10-07,2024-11-01 00:00:00,Period Tracker,3.8,Android
MM_2539,2024-10-07,2024-11-07 00:00:00,Symptom Logger,9.4,iOS
MM_2540,2024-09-30,2024-10-04 00:00:00,Period Tracker,11.7,Android
MM_2540,2024-09-30,2024-10-05 00:00:00,Period Tracker,7.1,iOS
MM_2540,2024-09-30,2024-11-06 00:00:00,Period Tracker,12.0,Android
MM_2540,2024-09-30,2024-11-07 00:00:00,Health Articles,1.1,Android
MM_2540,2024-09-30,2024-10-08 00:00:00,Symptom Logger,3.4,iOS
MM_2540,2024-09-30,2024-10-23 00:00:00,Community Forum,14.3,Android
MM_2540,2024-09-30,2024-10-24 00:00:00,Symptom Logger,7.4,Android
MM_2540,2024-09-30,2024-11-22 00:00:00,Period Tracker,9.7,iOS
MM_2540,2024-09-30,2024-11-12 00:00:00,Period Tracker,11.6,iOS
MM_2540,2024-09-30,2024-10-29 00:00:00,Symptom Logger,9.2,Android
MM_2540,2024-09-30,2024-10-27 00:00:00,Period Tracker,14.0,iOS
MM_2541,2024-08-25,2024-08-26 00:00:00,Period Tracker,2.3,Android
MM_2541,2024-08-25,2024-10-04 00:00:00,Period Tracker,2.6,Android
MM_2541,2024-08-25,2024-10-02 00:00:00,Period Tracker,8.9,Android
MM_2541,2024-08-25,2024-10-24 00:00:00,Symptom Logger,14.4,iOS
MM_2541,2024-08-25,2024-10-10 00:00:00,Period Tracker,13.7,Android
MM_2541,2024-08-25,2024-09-04 00:00:00,Symptom Logger,6.4,iOS
MM_2542,2024-08-29,2024-10-12 00:00:00,Community Forum,2.4,Android
MM_2542,2024-08-29,2024-09-17 00:00:00,Symptom Logger,2.3,iOS
MM_2542,2024-08-29,2024-08-30 00:00:00,Period Tracker,13.7,Android
MM_2542,2024-08-29,2024-10-20 00:00:00,Period Tracker,13.1,iOS
MM_2542,2024-08-29,2024-10-19 00:00:00,Period Tracker,6.5,iOS
MM_2542,2024-08-29,2024-10-23 00:00:00,Period Tracker,8.3,iOS
MM_2542,2024-08-29,2024-10-21 00:00:00,Health Articles,12.5,Android
MM_2542,2024-08-29,2024-09-05 00:00:00,Period Tracker,10.2,Android
MM_2542,2024-08-29,2024-10-24 00:00:00,Period Tracker,7.6,Android
MM_2542,2024-08-29,2024-10-13 00:00:00,Period Tracker,13.9,Android
MM_2542,2024-08-29,2024-09-03 00:00:00,Period Tracker,13.8,Android
MM_2542,2024-08-29,2024-10-07 00:00:00,Community Forum,7.1,Android
MM_2542,2024-08-29,2024-09-29 00:00:00,Health Articles,14.3,Android
MM_2543,2024-10-18,2024-12-09 00:00:00,Period Tracker,4.6,Android
MM_2543,2024-10-18,2024-11-06 00:00:00,Community Forum,12.5,iOS
MM_2543,2024-10-18,2024-11-06 00:00:00,Symptom Logger,5.2,Android
MM_2543,2024-10-18,2024-11-05 00:00:00,Period Tracker,5.8,Android
MM_2543,2024-10-18,2024-11-12 00:00:00,Period Tracker,8.5,Android
MM_2543,2024-10-18,2024-10-23 00:00:00,Symptom Logger,2.7,Android
MM_2543,2024-10-18,2024-11-14 00:00:00,Symptom Logger,2.2,Android
MM_2543,2024-10-18,2024-11-18 00:00:00,Period Tracker,2.6,iOS
MM_2543,2024-10-18,2024-11-26 00:00:00,Period Tracker,11.2,Android
MM_2543,2024-10-18,2024-11-12 00:00:00,Period Tracker,2.3,Android
MM_2543,2024-10-18,2024-12-02 00:00:00,Community Forum,6.9,iOS
MM_2543,2024-10-18,2024-11-03 00:00:00,Period Tracker,9.2,Android
MM_2544,2024-09-08,2024-10-31 00:00:00,Period Tracker,8.6,Android
MM_2544,2024-09-08,2024-10-31 00:00:00,Period Tracker,13.4,iOS
MM_2544,2024-09-08,2024-09-25 00:00:00,Period Tracker,6.4,Android
MM_2544,2024-09-08,2024-09-20 00:00:00,Health Articles,7.0,Android
MM_2544,2024-09-08,2024-09-14 00:00:00,Health Articles,3.4,Android
MM_2544,2024-09-08,2024-09-22 00:00:00,Period Tracker,3.0,iOS
MM_2544,2024-09-08,2024-09-26 00:00:00,Community Forum,13.3,iOS
MM_2544,2024-09-08,2024-10-03 00:00:00,Period Tracker,3.7,iOS
MM_2544,2024-09-08,2024-09-10 00:00:00,Period Tracker,6.3,iOS
MM_2544,2024-09-08,2024-09-16 00:00:00,Symptom Logger,13.9,iOS
MM_2544,2024-09-08,2024-10-03 00:00:00,Symptom Logger,3.5,iOS
MM_2544,2024-09-08,2024-11-05 00:00:00,Period Tracker,2.3,Android
MM_2544,2024-09-08,2024-09-11 00:00:00,Health Articles,6.5,Android
MM_2544,2024-09-08,2024-11-02 00:00:00,Health Articles,2.9,Android
MM_2545,2024-10-20,2024-12-09 00:00:00,Period Tracker,,Android
MM_2545,2024-10-20,2024-11-17 00:00:00,Symptom Logger,6.1,Android
MM_2546,2024-09-22,2024-10-07 00:00:00,Period Tracker,7.5,Android
MM_2547,2024-08-12,2024-10-02 00:00:00,Period Tracker,4.3,iOS
MM_2547,2024-08-12,2024-08-13 00:00:00,Period Tracker,3.2,iOS
MM_2547,2024-08-12,2024-09-16 00:00:00,Period Tracker,12.4,Android
MM_2547,2024-08-12,2024-09-30 00:00:00,Period Tracker,13.5,iOS
MM_2547,2024-08-12,2024-09-16 00:00:00,Period Tracker,13.3,Android
MM_2547,2024-08-12,2024-08-18 00:00:00,Period Tracker,9.2,iOS
MM_2547,2024-08-12,2024-10-05 00:00:00,Period Tracker,12.7,Android
MM_2547,2024-08-12,2024-09-23 00:00:00,Period Tracker,8.5,iOS
MM_2547,2024-08-12,2024-09-12 00:00:00,Period Tracker,,iOS
MM_2547,2024-08-12,2024-10-07 00:00:00,Period Tracker,14.7,iOS
MM_2547,2024-08-12,2024-09-10 00:00:00,Period Tracker,10.7,Android
MM_2547,2024-08-12,2024-09-16 00:00:00,Period Tracker,10.0,Android
MM_2547,2024-08-12,2024-08-26 00:00:00,Period Tracker,11.8,Android
MM_2547,2024-08-12,2024-09-19 00:00:00,Period Tracker,13.3,iOS
MM_2547,2024-08-12,2024-08-13 00:00:00,Period Tracker,14.8,Android
MM_2547,2024-08-12,2024-08-22 00:00:00,Period Tracker,14.1,Android
MM_2547,2024-08-12,2024-08-14 00:00:00,Symptom Logger,5.3,iOS
MM_2547,2024-08-12,2024-09-12 00:00:00,Period Tracker,9.5,iOS
MM_2548,2024-10-03,2024-11-01 00:00:00,Period Tracker,9.1,iOS
MM_2548,2024-10-03,2024-11-09 00:00:00,Period Tracker,1.9,iOS
MM_2548,2024-10-03,2024-12-01 00:00:00,Symptom Logger,6.8,Android
MM_2549,2024-10-20,2024-11-12 00:00:00,Community Forum,13.1,Android
MM_2549,2024-10-20,2024-11-28 00:00:00,Period Tracker,3.8,Android
MM_2549,2024-10-20,2024-10-20 00:00:00,Period Tracker,12.7,iOS
MM_2549,2024-10-20,2024-11-02 00:00:00,Symptom Logger,14.4,iOS
MM_2549,2024-10-20,2024-12-13 00:00:00,Symptom Logger,2.0,iOS
MM_2549,2024-10-20,2024-12-07 00:00:00,Period Tracker,10.6,iOS
MM_2549,2024-10-20,2024-10-20 00:00:00,Period Tracker,14.9,Android
MM_2549,2024-10-20,2024-10-21 00:00:00,Period Tracker,11.0,iOS
MM_2549,2024-10-20,2024-12-17 00:00:00,Community Forum,4.9,iOS
MM_2549,2024-10-20,2024-11-14 00:00:00,Period Tracker,7.1,iOS
MM_2549,2024-10-20,2024-10-21 00:00:00,Period Tracker,8.8,Android
MM_2549,2024-10-20,2024-11-16 00:00:00,Community Forum,1.7,iOS
MM_2549,2024-10-20,2024-12-17 00:00:00,Period Tracker,3.8,Android
MM_2549,2024-10-20,2024-11-06 00:00:00,Community Forum,12.7,iOS
MM_2549,2024-10-20,2024-12-06 00:00:00,Period Tracker,12.0,Android
MM_2549,2024-10-20,2024-10-30 00:00:00,Period Tracker,8.1,iOS
MM_2549,2024-10-20,2024-10-20 00:00:00,Period Tracker,,iOS
MM_2549,2024-10-20,2024-11-14 00:00:00,Period Tracker,5.5,Android
MM_2549,2024-10-20,2024-12-09 00:00:00,Period Tracker,4.1,Android
MM_2549,2024-10-20,2024-11-03 00:00:00,Symptom Logger,13.4,Android
MM_2550,2024-09-17,2024-10-02 00:00:00,Period Tracker,4.5,iOS
MM_2550,2024-09-17,2024-11-01 00:00:00,Period Tracker,14.6,Android
MM_2550,2024-09-17,2024-11-07 00:00:00,Symptom Logger,10.0,iOS
MM_2550,2024-09-17,2024-11-15 00:00:00,Community Forum,2.4,iOS
MM_2550,2024-09-17,2024-10-08 00:00:00,Period Tracker,1.7,Android
MM_2550,2024-09-17,2024-10-12 00:00:00,Community Forum,3.6,iOS
MM_2550,2024-09-17,2024-11-04 00:00:00,Period Tracker,5.2,iOS
MM_2550,2024-09-17,2024-10-04 00:00:00,Symptom Logger,6.3,iOS
MM_2550,2024-09-17,2024-10-23 00:00:00,Community Forum,11.3,Android
MM_2550,2024-09-17,2024-10-02 00:00:00,Period Tracker,1.4,iOS
MM_2550,2024-09-17,2024-10-15 00:00:00,Community Forum,10.6,iOS
MM_2550,2024-09-17,2024-11-12 00:00:00,Symptom Logger,12.7,iOS
MM_2551,2024-09-10,2024-09-18 00:00:00,Period Tracker,6.1,Android
MM_2551,2024-09-10,2024-11-04 00:00:00,Period Tracker,1.7,Android
MM_2551,2024-09-10,2024-09-25 00:00:00,Period Tracker,6.2,Android
MM_2551,2024-09-10,2024-09-12 00:00:00,Period Tracker,13.4,iOS
MM_2551,2024-09-10,2024-09-23 00:00:00,Period Tracker,14.2,Android
MM_2551,2024-09-10,2024-09-14 00:00:00,Period Tracker,10.6,iOS
MM_2551,2024-09-10,2024-10-29 00:00:00,Period Tracker,8.2,Android
MM_2551,2024-09-10,2024-09-21 00:00:00,Community Forum,3.5,Android
MM_2551,2024-09-10,2024-09-13 00:00:00,Period Tracker,5.8,Android
MM_2551,2024-09-10,2024-11-03 00:00:00,Symptom Logger,12.2,Android
MM_2551,2024-09-10,2024-09-25 00:00:00,Community Forum,7.9,iOS
MM_2551,2024-09-10,2024-09-14 00:00:00,Health Articles,11.5,Android
MM_2551,2024-09-10,2024-09-26 00:00:00,Period Tracker,8.9,iOS
MM_2551,2024-09-10,2024-10-07 00:00:00,Period Tracker,7.2,iOS
MM_2551,2024-09-10,2024-10-10 00:00:00,Period Tracker,6.3,iOS
MM_2551,2024-09-10,2024-09-13 00:00:00,Period Tracker,1.6,Android
MM_2551,2024-09-10,2024-09-29 00:00:00,Symptom Logger,4.3,Android
MM_2551,2024-09-10,2024-11-01 00:00:00,Community Forum,12.0,Android
MM_2551,2024-09-10,2024-10-22 00:00:00,Period Tracker,13.4,iOS
MM_2551,2024-09-10,2024-09-22 00:00:00,Symptom Logger,10.3,iOS
MM_2552,2024-10-05,2024-11-28 00:00:00,Period Tracker,6.5,Android
MM_2552,2024-10-05,2024-11-10 00:00:00,Symptom Logger,11.4,iOS
MM_2553,2024-08-10,2024-10-09 00:00:00,Period Tracker,2.2,Android
MM_2553,2024-08-10,2024-09-03 00:00:00,Community Forum,13.0,iOS
MM_2553,2024-08-10,2024-08-29 00:00:00,Period Tracker,8.4,Android
MM_2554,2024-09-12,2024-09-28 00:00:00,Community Forum,4.1,iOS
MM_2554,2024-09-12,2024-10-03 00:00:00,Community Forum,13.8,iOS
MM_2554,2024-09-12,2024-10-23 00:00:00,Period Tracker,1.8,Android
MM_2554,2024-09-12,2024-10-22 00:00:00,Health Articles,2.3,iOS
MM_2554,2024-09-12,2024-09-27 00:00:00,Community Forum,9.6,iOS
MM_2554,2024-09-12,2024-11-01 00:00:00,Community Forum,10.1,Android
MM_2554,2024-09-12,2024-10-19 00:00:00,Period Tracker,9.9,Android
MM_2554,2024-09-12,2024-09-29 00:00:00,Health Articles,8.0,Android
MM_2554,2024-09-12,2024-10-07 00:00:00,Period Tracker,5.6,Android
MM_2554,2024-09-12,2024-10-06 00:00:00,Period Tracker,13.4,Android
MM_2554,2024-09-12,2024-09-15 00:00:00,Period Tracker,12.2,Android
MM_2554,2024-09-12,2024-10-25 00:00:00,Symptom Logger,11.4,iOS
MM_2554,2024-09-12,2024-10-31 00:00:00,Symptom Logger,11.7,Android
MM_2554,2024-09-12,2024-09-15 00:00:00,Period Tracker,2.7,iOS
MM_2554,2024-09-12,2024-11-08 00:00:00,Period Tracker,14.9,iOS
MM_2554,2024-09-12,2024-09-28 00:00:00,Period Tracker,4.1,iOS
MM_2554,2024-09-12,2024-11-09 00:00:00,Period Tracker,8.2,iOS
MM_2555,2024-08-29,2024-10-25 00:00:00,Period Tracker,1.4,iOS
MM_2555,2024-08-29,2024-09-08 00:00:00,Period Tracker,9.7,iOS
MM_2555,2024-08-29,2024-10-16 00:00:00,Community Forum,3.9,iOS
MM_2555,2024-08-29,2024-09-06 00:00:00,Period Tracker,6.4,Android
MM_2555,2024-08-29,2024-10-13 00:00:00,Symptom Logger,13.9,Android
MM_2555,2024-08-29,2024-10-23 00:00:00,Period Tracker,8.2,iOS
MM_2555,2024-08-29,2024-09-10 00:00:00,Period Tracker,3.1,iOS
MM_2555,2024-08-29,2024-09-23 00:00:00,Period Tracker,7.3,iOS
MM_2555,2024-08-29,2024-09-11 00:00:00,Period Tracker,10.6,Android
MM_2555,2024-08-29,2024-09-17 00:00:00,Community Forum,8.5,iOS
MM_2555,2024-08-29,2024-09-17 00:00:00,Period Tracker,12.4,Android
MM_2555,2024-08-29,2024-09-04 00:00:00,Symptom Logger,7.2,iOS
MM_2555,2024-08-29,2024-10-15 00:00:00,Symptom Logger,11.3,Android
MM_2556,2024-09-30,2024-10-07 00:00:00,Period Tracker,6.2,iOS
MM_2556,2024-09-30,2024-11-07 00:00:00,Period Tracker,9.5,iOS
MM_2556,2024-09-30,2024-10-04 00:00:00,Period Tracker,4.4,Android
MM_2556,2024-09-30,2024-10-02 00:00:00,Symptom Logger,1.3,iOS
MM_2556,2024-09-30,2024-10-19 00:00:00,Symptom Logger,11.6,iOS
MM_2556,2024-09-30,2024-10-20 00:00:00,Period Tracker,3.4,Android
MM_2556,2024-09-30,2024-10-02 00:00:00,Symptom Logger,12.7,iOS
MM_2556,2024-09-30,2024-10-22 00:00:00,Period Tracker,8.1,iOS
MM_2556,2024-09-30,2024-10-08 00:00:00,Period Tracker,5.0,Android
MM_2556,2024-09-30,2024-10-18 00:00:00,Period Tracker,6.4,Android
MM_2556,2024-09-30,2024-10-28 00:00:00,Period Tracker,5.9,Android
MM_2556,2024-09-30,2024-10-10 00:00:00,Community Forum,11.5,Android
MM_2556,2024-09-30,2024-11-18 00:00:00,Period Tracker,2.4,iOS
MM_2556,2024-09-30,2024-11-20 00:00:00,Period Tracker,13.5,iOS
MM_2556,2024-09-30,2024-10-19 00:00:00,Period Tracker,8.5,iOS
MM_2556,2024-09-30,2024-10-13 00:00:00,Period Tracker,5.1,iOS
MM_2557,2024-10-20,2024-11-10 00:00:00,Community Forum,7.9,Android
MM_2557,2024-10-20,2024-11-01 00:00:00,Community Forum,2.4,iOS
MM_2557,2024-10-20,2024-10-30 00:00:00,Period Tracker,13.1,Android
MM_2557,2024-10-20,2024-12-19 00:00:00,Symptom Logger,13.5,iOS
MM_2557,2024-10-20,2024-12-11 00:00:00,Community Forum,5.5,iOS
MM_2557,2024-10-20,2024-12-06 00:00:00,Period Tracker,4.3,iOS
MM_2557,2024-10-20,2024-11-14 00:00:00,Health Articles,4.0,Android
MM_2557,2024-10-20,2024-12-18 00:00:00,Period Tracker,7.4,iOS
MM_2557,2024-10-20,2024-12-06 00:00:00,Community Forum,8.4,iOS
MM_2557,2024-10-20,2024-11-15 00:00:00,Period Tracker,4.9,iOS
MM_2557,2024-10-20,2024-12-09 00:00:00,Community Forum,1.9,Android
MM_2557,2024-10-20,2024-11-04 00:00:00,Period Tracker,13.2,iOS
MM_2558,2024-08-25,2024-10-03 00:00:00,Period Tracker,8.6,Android
MM_2559,2024-09-22,2024-11-20 00:00:00,Period Tracker,1.4,Android
MM_2559,2024-09-22,2024-10-24 00:00:00,Period Tracker,6.4,Android
MM_2559,2024-09-22,2024-10-20 00:00:00,Period Tracker,12.2,iOS
MM_2559,2024-09-22,2024-11-03 00:00:00,Period Tracker,11.5,Android
MM_2559,2024-09-22,2024-10-11 00:00:00,Health Articles,5.4,Android
MM_2559,2024-09-22,2024-10-25 00:00:00,Symptom Logger,14.8,iOS
MM_2559,2024-09-22,2024-09-26 00:00:00,Health Articles,7.7,Android
MM_2559,2024-09-22,2024-11-08 00:00:00,Period Tracker,10.2,Android
MM_2559,2024-09-22,2024-10-27 00:00:00,Community Forum,9.3,Android
MM_2559,2024-09-22,2024-10-28 00:00:00,Period Tracker,1.5,Android
MM_2559,2024-09-22,2024-11-17 00:00:00,Period Tracker,9.4,iOS
MM_2559,2024-09-22,2024-09-23 00:00:00,Period Tracker,6.1,iOS
MM_2559,2024-09-22,2024-11-21 00:00:00,Health Articles,5.2,Android
MM_2559,2024-09-22,2024-11-10 00:00:00,Period Tracker,8.2,Android
MM_2559,2024-09-22,2024-11-11 00:00:00,Symptom Logger,14.8,Android
MM_2559,2024-09-22,2024-10-24 00:00:00,Period Tracker,14.0,iOS
MM_2559,2024-09-22,2024-11-04 00:00:00,Period Tracker,8.6,iOS
MM_2559,2024-09-22,2024-11-16 00:00:00,Period Tracker,13.6,iOS
MM_2559,2024-09-22,2024-11-18 00:00:00,Period Tracker,13.9,iOS
MM_2559,2024-09-22,2024-10-28 00:00:00,Symptom Logger,1.8,iOS
MM_2560,2024-08-08,2024-09-12 00:00:00,Period Tracker,8.5,iOS
MM_2560,2024-08-08,2024-09-07 00:00:00,Community Forum,11.0,Android
MM_2560,2024-08-08,2024-09-03 00:00:00,Health Articles,14.3,Android
MM_2560,2024-08-08,2024-09-01 00:00:00,Period Tracker,1.7,Android
MM_2560,2024-08-08,2024-09-23 00:00:00,Period Tracker,5.6,Android
MM_2560,2024-08-08,2024-10-01 00:00:00,Community Forum,1.7,Android
MM_2560,2024-08-08,2024-10-05 00:00:00,Health Articles,1.9,iOS
MM_2560,2024-08-08,2024-08-31 00:00:00,Period Tracker,11.7,iOS
MM_2560,2024-08-08,2024-09-18 00:00:00,Period Tracker,5.4,iOS
MM_2560,2024-08-08,2024-08-20 00:00:00,Health Articles,11.3,Android
MM_2560,2024-08-08,2024-08-23 00:00:00,Community Forum,1.9,Android
MM_2560,2024-08-08,2024-09-24 00:00:00,Period Tracker,14.9,Android
MM_2560,2024-08-08,2024-09-22 00:00:00,Symptom Logger,12.5,Android
MM_2560,2024-08-08,2024-10-07 00:00:00,Community Forum,12.4,iOS
MM_2560,2024-08-08,2024-09-02 00:00:00,Symptom Logger,8.1,iOS
MM_2560,2024-08-08,2024-09-19 00:00:00,Period Tracker,5.7,Android
